"species_lump","present_below_south","present_within_buffer","present_above_north","present_observations_site","total_observations","sites_in_buffer","sites_present","total_sites","total_counts","percent_years_present","range_edge_category","range_lat","id"
"Abietinaria/Amphisbetia spp",FALSE,FALSE,TRUE,0,242,10,0,103,9,0,"Northern Only Presence","32.78-33.6",1
"Acanthinucella paucilirata",FALSE,FALSE,TRUE,0,313,12,0,108,4,0,"Northern Only Presence","32.78-33.6",1
"Acanthinucella spp",TRUE,TRUE,TRUE,26,313,12,10,108,2214,54.1666666666667,"Continuous Presence","32.78-33.6",1
"Acmaea mitra",FALSE,FALSE,TRUE,0,313,12,0,108,141,0,"Northern Only Presence","32.78-33.6",1
"Acrosiphonia/Cladophora spp",TRUE,FALSE,TRUE,0,242,10,0,103,175,0,"Avoidant","32.78-33.6",1
"Acrosorium ciliolatum",TRUE,TRUE,TRUE,10,242,10,7,103,143,22.7272727272727,"Continuous Presence","32.78-33.6",1
"Aeolidia papillosa",FALSE,FALSE,TRUE,0,313,12,0,108,3,0,"Northern Only Presence","32.78-33.6",1
"Aglaophenia spp",FALSE,FALSE,TRUE,0,242,10,0,103,18,0,"Northern Only Presence","32.78-33.6",1
"Ahnfeltia fastigiata",TRUE,FALSE,TRUE,0,242,10,0,103,117,0,"Avoidant","32.78-33.6",1
"Ahnfeltiopsis linearis",FALSE,FALSE,TRUE,0,242,10,0,103,56,0,"Northern Only Presence","32.78-33.6",1
"Alaria marginata",FALSE,FALSE,TRUE,0,242,10,0,103,1018,0,"Northern Only Presence","32.78-33.6",1
"Alia spp",TRUE,TRUE,TRUE,13,313,12,7,108,1445,33.3333333333333,"Continuous Presence","32.78-33.6",1
"Amphiroa beauvoisii",TRUE,TRUE,FALSE,1,242,10,1,103,2,4.54545454545455,"Northern Range Edge","32.78-33.6",1
"Amphissa columbiana",FALSE,FALSE,TRUE,0,313,12,0,108,31,0,"Northern Only Presence","32.78-33.6",1
"Amphissa versicolor",FALSE,TRUE,TRUE,4,313,12,3,108,299,16.6666666666667,"Southern Range Edge","32.78-33.6",1
"Analipus japonicus",FALSE,FALSE,TRUE,0,242,10,0,103,379,0,"Northern Only Presence","32.78-33.6",1
"Anisocladella pacifica",FALSE,TRUE,TRUE,1,242,10,1,103,4,4.54545454545455,"Southern Range Edge","32.78-33.6",1
"Anthopleura artemisia",FALSE,FALSE,TRUE,0,242,10,0,103,3,0,"Northern Only Presence","32.78-33.6",1
"Anthopleura elegantissima",TRUE,TRUE,TRUE,20,242,10,9,103,5148,45.4545454545455,"Continuous Presence","32.78-33.6",1
"Anthopleura sola",TRUE,TRUE,TRUE,22,242,10,9,103,2460,45.4545454545455,"Continuous Presence","32.78-33.6",1
"Anthopleura xanthogrammica",FALSE,TRUE,TRUE,1,242,10,1,103,791,4.54545454545455,"Southern Range Edge","32.78-33.6",1
"Antithamnionella spp",FALSE,FALSE,FALSE,0,242,10,0,103,0,0,"Absent","32.78-33.6",1
"Aplidium spp",FALSE,TRUE,TRUE,4,242,10,3,103,73,18.1818181818182,"Southern Range Edge","32.78-33.6",1
"Aplysia californica",FALSE,TRUE,TRUE,6,313,12,5,108,11,16.6666666666667,"Southern Range Edge","32.78-33.6",1
"Asparagopsis taxiformis",FALSE,TRUE,FALSE,3,242,10,3,103,97,4.54545454545455,"Endemic Presence","32.78-33.6",1
"Atrimitra idae",FALSE,FALSE,FALSE,0,313,12,0,108,0,0,"Absent","32.78-33.6",1
"Balanus crenatus",FALSE,FALSE,TRUE,0,242,10,0,103,1,0,"Northern Only Presence","32.78-33.6",1
"Balanus glandula",TRUE,TRUE,TRUE,18,242,10,8,103,5046,45.4545454545455,"Continuous Presence","32.78-33.6",1
"Balanus glandula/Semibalanus balanoides",FALSE,FALSE,FALSE,0,242,10,0,103,0,0,"Absent","32.78-33.6",1
"Balanus nubilus",FALSE,FALSE,TRUE,0,242,10,0,103,6,0,"Northern Only Presence","32.78-33.6",1
"Bangia spp",TRUE,FALSE,TRUE,0,242,10,0,103,63,0,"Avoidant","32.78-33.6",1
"Besa leptophylla",TRUE,TRUE,TRUE,6,242,10,4,103,41,18.1818181818182,"Continuous Presence","32.78-33.6",1
"Bittium eschrichtii",FALSE,TRUE,TRUE,1,313,12,1,108,898,4.16666666666667,"Southern Range Edge","32.78-33.6",1
"Boring clam",FALSE,TRUE,TRUE,3,242,10,2,103,12,13.6363636363636,"Southern Range Edge","32.78-33.6",1
"Bossiella spp",TRUE,TRUE,TRUE,10,242,10,6,103,1442,36.3636363636364,"Continuous Presence","32.78-33.6",1
"Bryopsis spp",FALSE,TRUE,TRUE,1,242,10,1,103,12,4.54545454545455,"Southern Range Edge","32.78-33.6",1
"Bugula neritina",FALSE,TRUE,TRUE,4,242,10,3,103,18,13.6363636363636,"Southern Range Edge","32.78-33.6",1
"Californiconus californicus",TRUE,TRUE,TRUE,23,313,12,7,108,217,45.8333333333333,"Continuous Presence","32.78-33.6",1
"Calliarthron spp",TRUE,TRUE,TRUE,5,242,10,3,103,1229,18.1818181818182,"Continuous Presence","32.78-33.6",1
"Calliostoma annulatum",FALSE,FALSE,TRUE,0,313,12,0,108,5,0,"Northern Only Presence","32.78-33.6",1
"Calliostoma canaliculatum",FALSE,FALSE,TRUE,0,313,12,0,108,25,0,"Northern Only Presence","32.78-33.6",1
"Calliostoma ligatum",FALSE,FALSE,TRUE,0,313,12,0,108,90,0,"Northern Only Presence","32.78-33.6",1
"Calliostoma supragranosum",FALSE,FALSE,TRUE,0,313,12,0,108,1,0,"Northern Only Presence","32.78-33.6",1
"Callithamnion pikeanum",FALSE,TRUE,TRUE,1,242,10,1,103,330,4.54545454545455,"Southern Range Edge","32.78-33.6",1
"Callithamnion rupicola",TRUE,FALSE,TRUE,0,242,10,0,103,2,0,"Avoidant","32.78-33.6",1
"Callophyllis spp",TRUE,TRUE,TRUE,4,242,10,3,103,68,18.1818181818182,"Continuous Presence","32.78-33.6",1
"Cancer antennaria",FALSE,TRUE,TRUE,1,313,12,1,108,55,4.16666666666667,"Southern Range Edge","32.78-33.6",1
"Cancer oregonensis",FALSE,FALSE,TRUE,0,313,12,0,108,3,0,"Northern Only Presence","32.78-33.6",1
"Cancer productus",FALSE,FALSE,TRUE,0,313,12,0,108,1,0,"Northern Only Presence","32.78-33.6",1
"Carpopeltis bushiae",FALSE,FALSE,FALSE,0,242,10,0,103,0,0,"Absent","32.78-33.6",1
"Caulacanthus okamurae",TRUE,TRUE,TRUE,19,242,10,10,103,1831,40.9090909090909,"Continuous Presence","32.78-33.6",1
"Ceratostoma foliatum",FALSE,TRUE,TRUE,1,313,12,1,108,5,4.16666666666667,"Southern Range Edge","32.78-33.6",1
"Ceratostoma nuttalli",TRUE,TRUE,TRUE,7,313,12,6,108,46,16.6666666666667,"Continuous Presence","32.78-33.6",1
"Cerithiopsis spp",TRUE,FALSE,FALSE,0,313,12,0,108,2,0,"Southern Only Presence","32.78-33.6",1
"Chaetomorpha spp",TRUE,TRUE,TRUE,11,242,10,8,103,148,18.1818181818182,"Continuous Presence","32.78-33.6",1
"Chondracanthus canaliculatus",TRUE,TRUE,TRUE,21,242,10,9,103,5926,40.9090909090909,"Continuous Presence","32.78-33.6",1
"Chondracanthus corymbiferus/exaspertata",FALSE,FALSE,TRUE,0,242,10,0,103,74,0,"Northern Only Presence","32.78-33.6",1
"Chondracanthus harveyanus",FALSE,FALSE,TRUE,0,242,10,0,103,5,0,"Northern Only Presence","32.78-33.6",1
"Chondracanthus spinosus",TRUE,FALSE,TRUE,0,242,10,0,103,42,0,"Avoidant","32.78-33.6",1
"Chondria acrorhizophora",TRUE,TRUE,TRUE,3,242,10,3,103,21,13.6363636363636,"Continuous Presence","32.78-33.6",1
"Chondria arcuata",TRUE,TRUE,TRUE,3,242,10,3,103,16,4.54545454545455,"Continuous Presence","32.78-33.6",1
"Chondria dasyphylla",TRUE,TRUE,TRUE,1,242,10,1,103,16,4.54545454545455,"Continuous Presence","32.78-33.6",1
"Chondria decipiens",FALSE,TRUE,TRUE,5,242,10,3,103,25,18.1818181818182,"Southern Range Edge","32.78-33.6",1
"Chondria nidifica",TRUE,TRUE,TRUE,4,242,10,3,103,157,9.09090909090909,"Continuous Presence","32.78-33.6",1
"Chondria oppositiclada",TRUE,TRUE,FALSE,2,242,10,2,103,23,9.09090909090909,"Northern Range Edge","32.78-33.6",1
"Chone minuta",FALSE,FALSE,TRUE,0,242,10,0,103,88,0,"Northern Only Presence","32.78-33.6",1
"Chthamalus dalli/fissus",TRUE,TRUE,TRUE,23,242,10,10,103,17343,45.4545454545455,"Continuous Presence","32.78-33.6",1
"Cirolana spp/Gnorimosphaeroma oregonense",FALSE,FALSE,TRUE,0,313,12,0,108,82,0,"Northern Only Presence","32.78-33.6",1
"Cladophora columbiana",FALSE,TRUE,TRUE,2,242,10,2,103,1559,4.54545454545455,"Southern Range Edge","32.78-33.6",1
"Cladophora graminea",TRUE,FALSE,TRUE,0,242,10,0,103,6,0,"Avoidant","32.78-33.6",1
"Clavelina huntsmani",FALSE,FALSE,TRUE,0,242,10,0,103,4,0,"Northern Only Presence","32.78-33.6",1
"Codium fragile",TRUE,TRUE,TRUE,3,242,10,3,103,51,13.6363636363636,"Continuous Presence","32.78-33.6",1
"Codium setchellii",FALSE,FALSE,TRUE,0,242,10,0,103,19,0,"Northern Only Presence","32.78-33.6",1
"Colonial diatom",TRUE,TRUE,TRUE,3,242,10,2,103,75,13.6363636363636,"Continuous Presence","32.78-33.6",1
"Colpomenia/Leathesia spp",TRUE,TRUE,TRUE,17,242,10,8,103,184,45.4545454545455,"Continuous Presence","32.78-33.6",1
"Constantinea simplex",FALSE,FALSE,TRUE,0,242,10,0,103,109,0,"Northern Only Presence","32.78-33.6",1
"Corallina spp",TRUE,TRUE,TRUE,23,242,10,10,103,18213,45.4545454545455,"Continuous Presence","32.78-33.6",1
"Corynactis californica",FALSE,FALSE,FALSE,0,242,10,0,103,0,0,"Absent","32.78-33.6",1
"Costaria costata",FALSE,FALSE,TRUE,0,242,10,0,103,93,0,"Northern Only Presence","32.78-33.6",1
"Crangon spp",TRUE,FALSE,TRUE,0,313,12,0,108,10,0,"Avoidant","32.78-33.6",1
"Crepipatella lingulata",TRUE,TRUE,TRUE,5,313,12,5,108,11,16.6666666666667,"Continuous Presence","32.78-33.6",1
"Cryptochiton stelleri",FALSE,FALSE,TRUE,0,391,12,0,108,236,0,"Northern Only Presence","32.78-33.6",1
"Cryptolithodes sitchensis",FALSE,FALSE,TRUE,0,313,12,0,108,5,0,"Northern Only Presence","32.78-33.6",1
"Cryptopleura/Hymenena spp",TRUE,TRUE,TRUE,15,242,10,7,103,3622,31.8181818181818,"Continuous Presence","32.78-33.6",1
"Cryptosiphonia woodii",FALSE,FALSE,TRUE,0,242,10,0,103,922,0,"Northern Only Presence","32.78-33.6",1
"Cucumaria miniata",FALSE,FALSE,FALSE,0,313,12,0,108,0,0,"Absent","32.78-33.6",1
"Cucumaria/Pseudocnus spp",FALSE,FALSE,TRUE,0,313,12,0,108,573,0,"Northern Only Presence","32.78-33.6",1
"Cumagloia andersonii",FALSE,FALSE,TRUE,0,242,10,0,103,25,0,"Northern Only Presence","32.78-33.6",1
"Cyanoplax hartwegii",TRUE,TRUE,TRUE,34,313,12,11,108,1890,54.1666666666667,"Continuous Presence","32.78-33.6",1
"Cyanoplax spp",TRUE,TRUE,TRUE,5,313,12,3,108,1882,16.6666666666667,"Continuous Presence","32.78-33.6",1
"Dasya binghamiae",TRUE,TRUE,TRUE,1,242,10,1,103,18,4.54545454545455,"Continuous Presence","32.78-33.6",1
"Dasysiphonia japonica",TRUE,FALSE,FALSE,0,242,10,0,103,1,0,"Southern Only Presence","32.78-33.6",1
"Delesseria decipiens",FALSE,FALSE,TRUE,0,242,10,0,103,5,0,"Northern Only Presence","32.78-33.6",1
"Dendrobeania lichenoides",FALSE,FALSE,FALSE,0,242,10,0,103,0,0,"Absent","32.78-33.6",1
"Dendronotus subramosus",FALSE,FALSE,TRUE,0,313,12,0,108,1,0,"Northern Only Presence","32.78-33.6",1
"Dendropoma lituella",FALSE,FALSE,FALSE,0,242,10,0,103,0,0,"Absent","32.78-33.6",1
"Derbesia marina",FALSE,FALSE,TRUE,0,242,10,0,103,12,0,"Northern Only Presence","32.78-33.6",1
"Dermasterias imbricata",FALSE,FALSE,TRUE,0,391,12,0,108,683,0,"Northern Only Presence","32.78-33.6",1
"Desmarestia ligulata",FALSE,FALSE,TRUE,0,242,10,0,103,121,0,"Northern Only Presence","32.78-33.6",1
"Diaperoecia californica",FALSE,FALSE,FALSE,0,242,10,0,103,0,0,"Absent","32.78-33.6",1
"Diaulula sandiegensis",TRUE,FALSE,TRUE,0,313,12,0,108,12,0,"Avoidant","32.78-33.6",1
"Dictyoneurum californicum",FALSE,FALSE,TRUE,0,242,10,0,103,12,0,"Northern Only Presence","32.78-33.6",1
"Dictyopteris undulata",TRUE,TRUE,TRUE,6,242,10,4,103,22,18.1818181818182,"Continuous Presence","32.78-33.6",1
"Dictyota binghamiae",FALSE,FALSE,TRUE,0,242,10,0,103,4,0,"Northern Only Presence","32.78-33.6",1
"Dictyota coriacea",TRUE,TRUE,TRUE,13,242,10,7,103,138,27.2727272727273,"Continuous Presence","32.78-33.6",1
"Dilsea californica",FALSE,FALSE,TRUE,0,242,10,0,103,447,0,"Northern Only Presence","32.78-33.6",1
"Diodora aspera",FALSE,FALSE,TRUE,0,313,12,0,108,11,0,"Northern Only Presence","32.78-33.6",1
"Dirona albolineata",FALSE,FALSE,TRUE,0,313,12,0,108,2,0,"Northern Only Presence","32.78-33.6",1
"Discurria insessa",FALSE,TRUE,TRUE,1,313,12,1,108,120,4.16666666666667,"Southern Range Edge","32.78-33.6",1
"Distaplia occidentalis",FALSE,FALSE,TRUE,0,242,10,0,103,9,0,"Northern Only Presence","32.78-33.6",1
"Dodecaceria spp",FALSE,FALSE,TRUE,0,242,10,0,103,239,0,"Northern Only Presence","32.78-33.6",1
"Doris montereyensis",FALSE,FALSE,TRUE,0,313,12,0,108,3,0,"Northern Only Presence","32.78-33.6",1
"Ectocarpus spp",FALSE,TRUE,TRUE,1,242,10,1,103,2,4.54545454545455,"Southern Range Edge","32.78-33.6",1
"Egregia menziesii",TRUE,TRUE,TRUE,13,242,10,6,103,5494,31.8181818181818,"Continuous Presence","32.78-33.6",1
"Eisenia arborea",TRUE,TRUE,TRUE,16,242,10,7,103,141,45.4545454545455,"Continuous Presence","32.78-33.6",1
"Encrusting coralline",TRUE,TRUE,TRUE,23,242,10,10,103,8084,45.4545454545455,"Continuous Presence","32.78-33.6",1
"Endarachne/Petalonia/Phaeostrophion spp",TRUE,TRUE,TRUE,18,242,10,9,103,381,36.3636363636364,"Continuous Presence","32.78-33.6",1
"Endocladia muricata",FALSE,TRUE,TRUE,4,242,10,1,103,14318,18.1818181818182,"Southern Range Edge","32.78-33.6",1
"Endoplura aurea",FALSE,FALSE,FALSE,0,242,10,0,103,0,0,"Absent","32.78-33.6",1
"Epiactis prolifera",FALSE,FALSE,TRUE,0,242,10,0,103,5,0,"Northern Only Presence","32.78-33.6",1
"Epitonium tinctum",TRUE,TRUE,TRUE,18,313,12,9,108,388,45.8333333333333,"Continuous Presence","32.78-33.6",1
"Erythroglossum californicum",TRUE,TRUE,TRUE,6,242,10,5,103,48,13.6363636363636,"Continuous Presence","32.78-33.6",1
"Erythrophyllum delesserioides",FALSE,TRUE,TRUE,1,242,10,1,103,222,4.54545454545455,"Southern Range Edge","32.78-33.6",1
"Eudendrium californicum",FALSE,FALSE,TRUE,0,242,10,0,103,2,0,"Northern Only Presence","32.78-33.6",1
"Eudistoma psammion",TRUE,TRUE,TRUE,5,242,10,3,103,45,13.6363636363636,"Continuous Presence","32.78-33.6",1
"Eudistoma ritteri",FALSE,FALSE,TRUE,0,242,10,0,103,4,0,"Northern Only Presence","32.78-33.6",1
"Eudistylia polymorpha",FALSE,FALSE,FALSE,0,242,10,0,103,0,0,"Absent","32.78-33.6",1
"Eupentacta spp",FALSE,FALSE,TRUE,0,313,12,0,108,11,0,"Northern Only Presence","32.78-33.6",1
"Eurystomella bilabiata",FALSE,TRUE,TRUE,1,242,10,1,103,29,4.54545454545455,"Southern Range Edge","32.78-33.6",1
"Evasterias troschelii",FALSE,FALSE,FALSE,0,391,12,0,108,0,0,"Absent","32.78-33.6",1
"Farlowia compressa",FALSE,FALSE,TRUE,0,242,10,0,103,3,0,"Northern Only Presence","32.78-33.6",1
"Farlowia mollis",FALSE,FALSE,TRUE,0,242,10,0,103,17,0,"Northern Only Presence","32.78-33.6",1
"Farlowia/Pikea spp",TRUE,FALSE,TRUE,0,242,10,0,103,93,0,"Avoidant","32.78-33.6",1
"Fissurella volcano",TRUE,TRUE,TRUE,34,313,12,11,108,4909,54.1666666666667,"Continuous Presence","32.78-33.6",1
"Fissurellidea bimaculata",FALSE,FALSE,TRUE,0,313,12,0,108,5,0,"Northern Only Presence","32.78-33.6",1
"Flustrellidra corniculata",FALSE,FALSE,TRUE,0,242,10,0,103,4,0,"Northern Only Presence","32.78-33.6",1
"Fredericqia chiton",FALSE,FALSE,TRUE,0,242,10,0,103,1,0,"Northern Only Presence","32.78-33.6",1
"Fucus spp",FALSE,FALSE,TRUE,0,242,10,0,103,3137,0,"Northern Only Presence","32.78-33.6",1
"Gastroclonium parvum",TRUE,TRUE,TRUE,14,242,10,9,103,162,22.7272727272727,"Continuous Presence","32.78-33.6",1
"Gelidium purpurascens",TRUE,TRUE,TRUE,5,242,10,5,103,43,18.1818181818182,"Continuous Presence","32.78-33.6",1
"Gelidium robustum",TRUE,TRUE,TRUE,11,242,10,5,103,128,27.2727272727273,"Continuous Presence","32.78-33.6",1
"Gelidium spp",TRUE,TRUE,TRUE,21,242,10,10,103,4262,40.9090909090909,"Continuous Presence","32.78-33.6",1
"Gloiopeltis furcata",FALSE,TRUE,TRUE,1,242,10,1,103,69,4.54545454545455,"Southern Range Edge","32.78-33.6",1
"Gloiosiphonia californica",FALSE,FALSE,TRUE,0,242,10,0,103,4,0,"Northern Only Presence","32.78-33.6",1
"Gracilariopsis/Gracilaria spp",TRUE,TRUE,TRUE,3,242,10,2,103,423,13.6363636363636,"Continuous Presence","32.78-33.6",1
"Grateloupia angusta",TRUE,FALSE,FALSE,0,242,10,0,103,2,0,"Southern Only Presence","32.78-33.6",1
"Grateloupia californica",FALSE,TRUE,TRUE,1,242,10,1,103,139,4.54545454545455,"Southern Range Edge","32.78-33.6",1
"Grateloupia cornea",TRUE,FALSE,FALSE,0,242,10,0,103,4,0,"Southern Only Presence","32.78-33.6",1
"Halichondria panicea",FALSE,FALSE,TRUE,0,242,10,0,103,5,0,"Northern Only Presence","32.78-33.6",1
"Halichondria spp",FALSE,FALSE,TRUE,0,242,10,0,103,57,0,"Northern Only Presence","32.78-33.6",1
"Haliclona spp",TRUE,TRUE,TRUE,1,242,10,1,103,60,4.54545454545455,"Continuous Presence","32.78-33.6",1
"Halosaccion glandiforme",FALSE,FALSE,TRUE,0,242,10,0,103,769,0,"Northern Only Presence","32.78-33.6",1
"Halymenia/Schizymenia spp",FALSE,FALSE,TRUE,0,242,10,0,103,221,0,"Northern Only Presence","32.78-33.6",1
"Haminoea vesicula",TRUE,TRUE,TRUE,1,313,12,1,108,13,4.16666666666667,"Continuous Presence","32.78-33.6",1
"Haminoea virescens",FALSE,TRUE,TRUE,3,313,12,3,108,12,12.5,"Southern Range Edge","32.78-33.6",1
"Hapalospongidion gelatinosum",FALSE,FALSE,FALSE,0,242,10,0,103,0,0,"Absent","32.78-33.6",1
"Haplogloia andersonii",FALSE,FALSE,TRUE,0,242,10,0,103,11,0,"Northern Only Presence","32.78-33.6",1
"Hapterophycus canaliculatus",TRUE,TRUE,TRUE,7,242,10,4,103,93,27.2727272727273,"Continuous Presence","32.78-33.6",1
"Hedophyllum sessile",FALSE,FALSE,TRUE,0,242,10,0,103,720,0,"Northern Only Presence","32.78-33.6",1
"Heliaster kubiniji",FALSE,FALSE,FALSE,0,391,12,0,108,0,0,"Absent","32.78-33.6",1
"Hemigrapsus nudus",FALSE,TRUE,TRUE,2,313,12,2,108,66,8.33333333333333,"Southern Range Edge","32.78-33.6",1
"Hemigrapsus oregonensis",FALSE,FALSE,TRUE,0,313,12,0,108,1,0,"Northern Only Presence","32.78-33.6",1
"Henricia spp",FALSE,FALSE,TRUE,0,391,12,0,108,446,0,"Northern Only Presence","32.78-33.6",1
"Hermissenda crassicornis",TRUE,FALSE,TRUE,0,313,12,0,108,32,0,"Avoidant","32.78-33.6",1
"Herposiphonia littoralis",TRUE,TRUE,FALSE,1,242,10,1,103,9,4.54545454545455,"Northern Range Edge","32.78-33.6",1
"Herposiphonia plumula",FALSE,FALSE,FALSE,0,242,10,0,103,0,0,"Absent","32.78-33.6",1
"Herposiphonia verticillata",FALSE,TRUE,TRUE,2,242,10,1,103,15,9.09090909090909,"Southern Range Edge","32.78-33.6",1
"Homalopoma spp",FALSE,TRUE,TRUE,1,313,12,1,108,191,4.16666666666667,"Southern Range Edge","32.78-33.6",1
"Hypnea johnstonii",FALSE,TRUE,FALSE,3,242,10,3,103,12,4.54545454545455,"Endemic Presence","32.78-33.6",1
"Hypnea valentiae",TRUE,TRUE,FALSE,10,242,10,5,103,164,27.2727272727273,"Northern Range Edge","32.78-33.6",1
"Hypnea variabilis",TRUE,FALSE,TRUE,0,242,10,0,103,5,0,"Avoidant","32.78-33.6",1
"Idotea spp",TRUE,TRUE,TRUE,5,313,12,4,108,837,16.6666666666667,"Continuous Presence","32.78-33.6",1
"Jania rosea",TRUE,TRUE,TRUE,8,242,10,5,103,88,22.7272727272727,"Continuous Presence","32.78-33.6",1
"Jania tenella",FALSE,TRUE,FALSE,6,242,10,6,103,13,22.7272727272727,"Endemic Presence","32.78-33.6",1
"Jania verrucosa",TRUE,TRUE,FALSE,17,242,10,7,103,531,36.3636363636364,"Northern Range Edge","32.78-33.6",1
"Johansenia macmillanii",FALSE,FALSE,TRUE,0,242,10,0,103,4,0,"Northern Only Presence","32.78-33.6",1
"Katharina tunicata",FALSE,FALSE,TRUE,0,313,12,0,108,555,0,"Northern Only Presence","32.78-33.6",1
"Kelletia kelletii",TRUE,FALSE,FALSE,0,313,12,0,108,9,0,"Southern Only Presence","32.78-33.6",1
"Lacuna spp",TRUE,TRUE,TRUE,8,313,12,6,108,18119,16.6666666666667,"Continuous Presence","32.78-33.6",1
"Laminaria ephemera",FALSE,FALSE,TRUE,0,242,10,0,103,4,0,"Northern Only Presence","32.78-33.6",1
"Laminaria farlowii",FALSE,TRUE,FALSE,1,242,10,1,103,1,4.54545454545455,"Endemic Presence","32.78-33.6",1
"Laminaria setchellii",FALSE,FALSE,TRUE,0,242,10,0,103,553,0,"Northern Only Presence","32.78-33.6",1
"Laminaria sinclairii",FALSE,FALSE,TRUE,0,242,10,0,103,252,0,"Northern Only Presence","32.78-33.6",1
"Laurencia pacifica/masonii",TRUE,TRUE,TRUE,21,242,10,8,103,462,45.4545454545455,"Continuous Presence","32.78-33.6",1
"Laurencia spp",FALSE,TRUE,TRUE,5,242,10,4,103,15,13.6363636363636,"Southern Range Edge","32.78-33.6",1
"Lepidozona spp",TRUE,TRUE,TRUE,6,313,12,4,108,127,20.8333333333333,"Continuous Presence","32.78-33.6",1
"Leptasterias spp",TRUE,FALSE,TRUE,0,313,12,0,108,1995,0,"Avoidant","32.78-33.6",1
"Lessoniopsis littoralis",FALSE,FALSE,TRUE,0,242,10,0,103,10,0,"Northern Only Presence","32.78-33.6",1
"Ligia spp",FALSE,TRUE,TRUE,1,313,12,1,108,32,4.16666666666667,"Southern Range Edge","32.78-33.6",1
"Limacia cockerelli",TRUE,FALSE,FALSE,0,313,12,0,108,2,0,"Southern Only Presence","32.78-33.6",1
"Linckia columbiae",FALSE,FALSE,FALSE,0,391,12,0,108,0,0,"Absent","32.78-33.6",1
"Lirabuccinum dirum",FALSE,FALSE,TRUE,0,313,12,0,108,133,0,"Northern Only Presence","32.78-33.6",1
"Lirularia/Margarites spp",FALSE,TRUE,TRUE,2,313,12,2,108,396,8.33333333333333,"Southern Range Edge","32.78-33.6",1
"Lithophyllum/Lithothamnion spp",TRUE,TRUE,TRUE,1,242,10,1,103,159,4.54545454545455,"Continuous Presence","32.78-33.6",1
"Lithothrix aspergillum",TRUE,TRUE,TRUE,22,242,10,9,103,1542,45.4545454545455,"Continuous Presence","32.78-33.6",1
"Littorina spp.",TRUE,TRUE,TRUE,35,313,12,12,108,737668,54.1666666666667,"Continuous Presence","32.78-33.6",1
"Lomentaria hakodatensis",TRUE,TRUE,TRUE,13,242,10,8,103,250,22.7272727272727,"Continuous Presence","32.78-33.6",1
"Lottia asmi",FALSE,FALSE,TRUE,0,313,12,0,108,357,0,"Northern Only Presence","32.78-33.6",1
"Lottia austrodigitalis/digitalis",TRUE,TRUE,TRUE,33,313,12,12,108,70520,54.1666666666667,"Continuous Presence","32.78-33.6",1
"Lottia fenestrata",TRUE,TRUE,TRUE,1,313,12,1,108,1030,4.16666666666667,"Continuous Presence","32.78-33.6",1
"Lottia instabilis",TRUE,TRUE,TRUE,5,313,12,5,108,229,12.5,"Continuous Presence","32.78-33.6",1
"Lottia limatula",TRUE,TRUE,TRUE,29,313,12,12,108,3715,54.1666666666667,"Continuous Presence","32.78-33.6",1
"Lottia paradigitalis/strigatella",TRUE,TRUE,TRUE,35,313,12,12,108,87755,54.1666666666667,"Continuous Presence","32.78-33.6",1
"Lottia pelta",TRUE,TRUE,TRUE,28,313,12,12,108,14378,54.1666666666667,"Continuous Presence","32.78-33.6",1
"Lottia persona",FALSE,TRUE,TRUE,2,313,12,2,108,82,8.33333333333333,"Southern Range Edge","32.78-33.6",1
"Lottia polyfacies",FALSE,TRUE,TRUE,2,313,12,2,108,37,4.16666666666667,"Southern Range Edge","32.78-33.6",1
"Lottia scabra/conus",TRUE,TRUE,TRUE,35,313,12,12,108,120485,54.1666666666667,"Continuous Presence","32.78-33.6",1
"Lottia scutum",TRUE,TRUE,TRUE,11,313,12,6,108,2814,29.1666666666667,"Continuous Presence","32.78-33.6",1
"Macrocystis pyrifera",TRUE,TRUE,TRUE,2,242,10,2,103,74,9.09090909090909,"Continuous Presence","32.78-33.6",1
"Macron lividus",TRUE,TRUE,TRUE,19,313,12,6,108,145,41.6666666666667,"Continuous Presence","32.78-33.6",1
"Mastocarpus spp",FALSE,TRUE,TRUE,1,242,10,1,103,12690,4.54545454545455,"Southern Range Edge","32.78-33.6",1
"Maxwellia gemma",FALSE,TRUE,TRUE,4,313,12,3,108,5,12.5,"Southern Range Edge","32.78-33.6",1
"Mazzaella affinis",TRUE,TRUE,TRUE,9,242,10,4,103,821,27.2727272727273,"Continuous Presence","32.78-33.6",1
"Mazzaella flaccida/oregona/splendens",FALSE,TRUE,TRUE,1,242,10,1,103,11621,4.54545454545455,"Southern Range Edge","32.78-33.6",1
"Mazzaella leptorhynchos",TRUE,TRUE,TRUE,9,242,10,5,103,455,27.2727272727273,"Continuous Presence","32.78-33.6",1
"Mazzaella linearis",FALSE,FALSE,TRUE,0,242,10,0,103,87,0,"Northern Only Presence","32.78-33.6",1
"Mazzaella parksii",FALSE,FALSE,TRUE,0,242,10,0,103,115,0,"Northern Only Presence","32.78-33.6",1
"Mazzaella phyllocarpa",FALSE,FALSE,FALSE,0,242,10,0,103,0,0,"Absent","32.78-33.6",1
"Mazzaella volans",FALSE,TRUE,TRUE,1,242,10,1,103,23,4.54545454545455,"Southern Range Edge","32.78-33.6",1
"Megabalanus californicus",FALSE,FALSE,TRUE,0,242,10,0,103,3,0,"Northern Only Presence","32.78-33.6",1
"Megastraea undosa",TRUE,TRUE,FALSE,3,313,12,3,108,10,12.5,"Northern Range Edge","32.78-33.6",1
"Melanosiphon/Scytosiphon spp",FALSE,TRUE,TRUE,6,242,10,5,103,208,18.1818181818182,"Southern Range Edge","32.78-33.6",1
"Membranipora spp",TRUE,TRUE,TRUE,1,242,10,1,103,5,4.54545454545455,"Continuous Presence","32.78-33.6",1
"Metridium senile",FALSE,FALSE,FALSE,0,242,10,0,103,0,0,"Absent","32.78-33.6",1
"Mexacanthina lugubris",TRUE,TRUE,FALSE,12,313,12,6,108,253,33.3333333333333,"Northern Range Edge","32.78-33.6",1
"Microcladia borealis",FALSE,TRUE,TRUE,1,242,10,1,103,835,4.54545454545455,"Southern Range Edge","32.78-33.6",1
"Microcladia coulteri",FALSE,FALSE,TRUE,0,242,10,0,103,18,0,"Northern Only Presence","32.78-33.6",1
"Mopalia spp",TRUE,TRUE,TRUE,13,313,12,10,108,1201,25,"Continuous Presence","32.78-33.6",1
"Mytilisepta/Brachidontes spp",FALSE,TRUE,TRUE,7,242,10,6,103,243,22.7272727272727,"Southern Range Edge","32.78-33.6",1
"Mytilus californianus",TRUE,TRUE,TRUE,20,242,10,8,103,25035,45.4545454545455,"Continuous Presence","32.78-33.6",1
"Mytilus trossulus/galloprovincialis/edulis",FALSE,TRUE,TRUE,10,242,10,7,103,126,27.2727272727273,"Southern Range Edge","32.78-33.6",1
"Navanax inermis",TRUE,TRUE,FALSE,3,313,12,2,108,4,12.5,"Northern Range Edge","32.78-33.6",1
"Nemalion elminthoides",TRUE,FALSE,TRUE,0,242,10,0,103,5,0,"Avoidant","32.78-33.6",1
"Neogastroclonium subarticulatum",TRUE,TRUE,TRUE,13,242,10,6,103,1776,36.3636363636364,"Continuous Presence","32.78-33.6",1
"Neoptilota/Ptilota spp",FALSE,FALSE,TRUE,0,242,10,0,103,293,0,"Northern Only Presence","32.78-33.6",1
"Neorhodomela larix",FALSE,FALSE,TRUE,0,242,10,0,103,2604,0,"Northern Only Presence","32.78-33.6",1
"Neorhodomela oregona",FALSE,FALSE,TRUE,0,242,10,0,103,392,0,"Northern Only Presence","32.78-33.6",1
"Nereocystis luetkeana",FALSE,FALSE,TRUE,0,242,10,0,103,40,0,"Northern Only Presence","32.78-33.6",1
"Nienburgia andersoniana",TRUE,TRUE,TRUE,7,242,10,4,103,135,18.1818181818182,"Continuous Presence","32.78-33.6",1
"Non Coralline crust",TRUE,TRUE,TRUE,22,242,10,9,103,15090,45.4545454545455,"Continuous Presence","32.78-33.6",1
"Norrisia norrisii",FALSE,TRUE,TRUE,4,313,12,4,108,12,12.5,"Southern Range Edge","32.78-33.6",1
"Nucella canaliculata",FALSE,TRUE,TRUE,1,313,12,1,108,703,4.16666666666667,"Southern Range Edge","32.78-33.6",1
"Nucella emarginata/ostrina",TRUE,TRUE,TRUE,14,313,12,9,108,10126,33.3333333333333,"Continuous Presence","32.78-33.6",1
"Nucella lamellosa",FALSE,FALSE,TRUE,0,313,12,0,108,2,0,"Northern Only Presence","32.78-33.6",1
"Nuttallina spp",TRUE,TRUE,TRUE,35,313,12,12,108,15520,54.1666666666667,"Continuous Presence","32.78-33.6",1
"Obelia spp",FALSE,TRUE,FALSE,2,242,10,2,103,2,4.54545454545455,"Endemic Presence","32.78-33.6",1
"Odonthalia floccosa",FALSE,TRUE,TRUE,1,242,10,1,103,4729,4.54545454545455,"Southern Range Edge","32.78-33.6",1
"Odonthalia washingtoniensis",FALSE,FALSE,TRUE,0,242,10,0,103,9,0,"Northern Only Presence","32.78-33.6",1
"Oedignathus inermis",FALSE,FALSE,TRUE,0,313,12,0,108,38,0,"Northern Only Presence","32.78-33.6",1
"Olivella biplicata",FALSE,TRUE,TRUE,1,313,12,1,108,5,4.16666666666667,"Southern Range Edge","32.78-33.6",1
"Onchidella borealis",FALSE,FALSE,TRUE,0,313,12,0,108,1477,0,"Northern Only Presence","32.78-33.6",1
"Onchidoris bilamellata",FALSE,FALSE,FALSE,0,313,12,0,108,0,0,"Absent","32.78-33.6",1
"Opalia borealis",FALSE,FALSE,TRUE,0,313,12,0,108,3,0,"Northern Only Presence","32.78-33.6",1
"Opalia funiculata",TRUE,TRUE,TRUE,6,313,12,4,108,105,20.8333333333333,"Continuous Presence","32.78-33.6",1
"Ophiuroid",TRUE,TRUE,TRUE,4,313,12,4,108,27,16.6666666666667,"Continuous Presence","32.78-33.6",1
"Ophlitaspongia pennata",FALSE,TRUE,TRUE,2,242,10,2,103,65,4.54545454545455,"Southern Range Edge","32.78-33.6",1
"Opuntiella californica",FALSE,FALSE,FALSE,0,242,10,0,103,0,0,"Absent","32.78-33.6",1
"Oregonia gracilis",FALSE,FALSE,FALSE,0,313,12,0,108,0,0,"Absent","32.78-33.6",1
"Orienthella trilineata",FALSE,FALSE,TRUE,0,313,12,0,108,4,0,"Northern Only Presence","32.78-33.6",1
"Osmundea sinicola",TRUE,TRUE,TRUE,16,242,10,8,103,244,40.9090909090909,"Continuous Presence","32.78-33.6",1
"Osmundea spectabilis",TRUE,TRUE,TRUE,9,242,10,6,103,465,27.2727272727273,"Continuous Presence","32.78-33.6",1
"Osmundea splendens",TRUE,FALSE,TRUE,0,242,10,0,103,7,0,"Avoidant","32.78-33.6",1
"Pachycheles spp",TRUE,FALSE,TRUE,0,313,12,0,108,116,0,"Avoidant","32.78-33.6",1
"Pachygrapsus crassipes",TRUE,TRUE,TRUE,35,313,12,12,108,4995,54.1666666666667,"Continuous Presence","32.78-33.6",1
"Paciocinebrina circumtexta",TRUE,TRUE,TRUE,9,313,12,4,108,445,29.1666666666667,"Continuous Presence","32.78-33.6",1
"Paciocinebrina interfossa",TRUE,TRUE,TRUE,1,313,12,1,108,74,4.16666666666667,"Continuous Presence","32.78-33.6",1
"Paciocinebrina lurida",FALSE,FALSE,TRUE,0,313,12,0,108,12,0,"Northern Only Presence","32.78-33.6",1
"Padina spp",FALSE,FALSE,FALSE,0,242,10,0,103,0,0,"Absent","32.78-33.6",1
"Pagurus beringanus",FALSE,FALSE,TRUE,0,313,12,0,108,13,0,"Northern Only Presence","32.78-33.6",1
"Pagurus caurinus",FALSE,FALSE,TRUE,0,313,12,0,108,2,0,"Northern Only Presence","32.78-33.6",1
"Pagurus granosimanus",FALSE,TRUE,TRUE,1,313,12,1,108,620,4.16666666666667,"Southern Range Edge","32.78-33.6",1
"Pagurus hemphilli",FALSE,TRUE,TRUE,1,313,12,1,108,7,4.16666666666667,"Southern Range Edge","32.78-33.6",1
"Pagurus hirsutiusculus",TRUE,TRUE,TRUE,29,313,12,12,108,5489,54.1666666666667,"Continuous Presence","32.78-33.6",1
"Pagurus samuelis",TRUE,TRUE,TRUE,32,313,12,11,108,4232,54.1666666666667,"Continuous Presence","32.78-33.6",1
"Palmaria callophylloides",FALSE,FALSE,FALSE,0,242,10,0,103,0,0,"Absent","32.78-33.6",1
"Palmaria hecatensis",FALSE,FALSE,FALSE,0,242,10,0,103,0,0,"Absent","32.78-33.6",1
"Palmaria mollis",FALSE,FALSE,TRUE,0,242,10,0,103,53,0,"Northern Only Presence","32.78-33.6",1
"Palmaria palmata",FALSE,FALSE,FALSE,0,242,10,0,103,0,0,"Absent","32.78-33.6",1
"Panulirus interruptus",FALSE,FALSE,FALSE,0,391,12,0,108,0,0,"Absent","32.78-33.6",1
"Paraxanthias taylori",FALSE,TRUE,TRUE,1,313,12,1,108,4,4.16666666666667,"Southern Range Edge","32.78-33.6",1
"Patiria miniata",TRUE,TRUE,TRUE,6,391,12,2,108,882,17.3913043478261,"Continuous Presence","32.78-33.6",1
"Peltodoris nobilis",FALSE,FALSE,TRUE,0,313,12,0,108,17,0,"Northern Only Presence","32.78-33.6",1
"Pelvetiopsis arborescens/hybrida/limitata",FALSE,TRUE,TRUE,1,242,10,1,103,3166,4.54545454545455,"Southern Range Edge","32.78-33.6",1
"Pelvetiopsis californica",FALSE,TRUE,TRUE,7,242,10,3,103,351,27.2727272727273,"Southern Range Edge","32.78-33.6",1
"Petaloconchus montereyensis",FALSE,FALSE,TRUE,0,242,10,0,103,1,0,"Northern Only Presence","32.78-33.6",1
"Petrolisthes spp",TRUE,TRUE,TRUE,9,313,12,5,108,229,29.1666666666667,"Continuous Presence","32.78-33.6",1
"Petrospongium rugosum",TRUE,TRUE,TRUE,12,242,10,7,103,420,27.2727272727273,"Continuous Presence","32.78-33.6",1
"Phragmatopoma/Sabellaria spp",TRUE,TRUE,TRUE,23,242,10,10,103,3827,45.4545454545455,"Continuous Presence","32.78-33.6",1
"Phyllospadix scouleri/serrulatus",TRUE,TRUE,TRUE,10,242,10,7,103,5564,27.2727272727273,"Continuous Presence","32.78-33.6",1
"Phyllospadix torreyi",TRUE,TRUE,TRUE,19,242,10,8,103,9543,36.3636363636364,"Continuous Presence","32.78-33.6",1
"Pilayella littoralis",FALSE,FALSE,FALSE,0,242,10,0,103,0,0,"Absent","32.78-33.6",1
"Pisaster giganteus",TRUE,TRUE,TRUE,3,391,12,2,108,46,13.0434782608696,"Continuous Presence","32.78-33.6",1
"Pisaster ochraceus",FALSE,TRUE,TRUE,28,391,12,8,108,39106,60.8695652173913,"Southern Range Edge","32.78-33.6",1
"Pista spp",TRUE,TRUE,TRUE,1,242,10,1,103,109,4.54545454545455,"Continuous Presence","32.78-33.6",1
"Placiphorella velata",FALSE,FALSE,TRUE,0,313,12,0,108,6,0,"Northern Only Presence","32.78-33.6",1
"Pleonosporium spp",FALSE,FALSE,FALSE,0,242,10,0,103,0,0,"Absent","32.78-33.6",1
"Plocamium oregonum",FALSE,FALSE,TRUE,0,242,10,0,103,2,0,"Northern Only Presence","32.78-33.6",1
"Plocamium pacificum",TRUE,TRUE,TRUE,16,242,10,8,103,828,36.3636363636364,"Continuous Presence","32.78-33.6",1
"Plocamium violaceum",TRUE,TRUE,TRUE,4,242,10,3,103,165,13.6363636363636,"Continuous Presence","32.78-33.6",1
"Pododesmus macrochisma",FALSE,FALSE,FALSE,0,242,10,0,103,0,0,"Absent","32.78-33.6",1
"Pollicipes polymerus",TRUE,TRUE,TRUE,16,242,10,7,103,1847,45.4545454545455,"Continuous Presence","32.78-33.6",1
"Polyneura latissima",FALSE,FALSE,TRUE,0,242,10,0,103,26,0,"Northern Only Presence","32.78-33.6",1
"Polysiphonia spp",TRUE,TRUE,TRUE,17,242,10,10,103,942,31.8181818181818,"Continuous Presence","32.78-33.6",1
"Potamilla occelata",FALSE,TRUE,FALSE,1,242,10,1,103,1,4.54545454545455,"Endemic Presence","32.78-33.6",1
"Primavelans insculpta",FALSE,FALSE,FALSE,0,242,10,0,103,0,0,"Absent","32.78-33.6",1
"Prionitis filiformis",FALSE,FALSE,TRUE,0,242,10,0,103,2,0,"Northern Only Presence","32.78-33.6",1
"Prionitis lanceolata",TRUE,TRUE,TRUE,2,242,10,2,103,2212,9.09090909090909,"Continuous Presence","32.78-33.6",1
"Prionitis linearis",TRUE,TRUE,TRUE,1,242,10,1,103,8,4.54545454545455,"Continuous Presence","32.78-33.6",1
"Prionitis sternbergii",TRUE,FALSE,TRUE,0,242,10,0,103,237,0,"Avoidant","32.78-33.6",1
"Pseudochama exogyra",TRUE,TRUE,TRUE,16,242,10,5,103,278,45.4545454545455,"Continuous Presence","32.78-33.6",1
"Pseudolithoderma nigrum",TRUE,TRUE,TRUE,14,242,10,6,103,607,36.3636363636364,"Continuous Presence","32.78-33.6",1
"Pseudomelatoma penicillata",TRUE,FALSE,TRUE,0,313,12,0,108,4,0,"Avoidant","32.78-33.6",1
"Pseudomelatoma torosa",TRUE,FALSE,TRUE,0,313,12,0,108,16,0,"Avoidant","32.78-33.6",1
"Pseudopusula californiana",FALSE,TRUE,FALSE,1,313,12,1,108,1,4.16666666666667,"Endemic Presence","32.78-33.6",1
"Pterocladiella capillacea",TRUE,TRUE,TRUE,19,242,10,8,103,1208,45.4545454545455,"Continuous Presence","32.78-33.6",1
"Pterocladiella media",FALSE,TRUE,TRUE,4,242,10,3,103,21,13.6363636363636,"Southern Range Edge","32.78-33.6",1
"Pteropurpura trialata",FALSE,TRUE,TRUE,1,313,12,1,108,2,4.16666666666667,"Southern Range Edge","32.78-33.6",1
"Pterygophora californica",FALSE,FALSE,TRUE,0,242,10,0,103,26,0,"Northern Only Presence","32.78-33.6",1
"Pugettia foliata",FALSE,FALSE,FALSE,0,313,12,0,108,0,0,"Absent","32.78-33.6",1
"Pugettia gracilis/richii",TRUE,TRUE,TRUE,2,313,12,2,108,97,8.33333333333333,"Continuous Presence","32.78-33.6",1
"Pugettia producta",TRUE,TRUE,TRUE,9,313,12,6,108,541,20.8333333333333,"Continuous Presence","32.78-33.6",1
"Pycnogonida",TRUE,TRUE,TRUE,3,313,12,3,108,22,8.33333333333333,"Continuous Presence","32.78-33.6",1
"Pycnopodia helianthoides",FALSE,FALSE,TRUE,0,391,12,0,108,81,0,"Northern Only Presence","32.78-33.6",1
"Pyropia spp",TRUE,TRUE,TRUE,4,242,10,3,103,1718,9.09090909090909,"Continuous Presence","32.78-33.6",1
"Rhodymenia californica",TRUE,TRUE,TRUE,1,242,10,1,103,50,4.54545454545455,"Continuous Presence","32.78-33.6",1
"Rhodymenia pacifica",TRUE,TRUE,TRUE,4,242,10,2,103,44,18.1818181818182,"Continuous Presence","32.78-33.6",1
"Roperia poulsoni",FALSE,TRUE,TRUE,16,313,12,10,108,106,41.6666666666667,"Southern Range Edge","32.78-33.6",1
"Saccharina latissima",FALSE,FALSE,FALSE,0,242,10,0,103,0,0,"Absent","32.78-33.6",1
"Sarcodiotheca gaudichaudii",TRUE,TRUE,TRUE,2,242,10,2,103,94,9.09090909090909,"Continuous Presence","32.78-33.6",1
"Sargassum agardhianum",TRUE,TRUE,TRUE,4,242,10,4,103,12,18.1818181818182,"Continuous Presence","32.78-33.6",1
"Sargassum horneri",FALSE,TRUE,FALSE,2,242,10,2,103,6,9.09090909090909,"Endemic Presence","32.78-33.6",1
"Sargassum muticum",TRUE,TRUE,TRUE,19,242,10,9,103,1200,40.9090909090909,"Continuous Presence","32.78-33.6",1
"Sargassum palmeri",FALSE,FALSE,FALSE,0,242,10,0,103,0,0,"Absent","32.78-33.6",1
"Savoiea bipinnata",TRUE,TRUE,TRUE,1,242,10,1,103,358,4.54545454545455,"Continuous Presence","32.78-33.6",1
"Schizoporella unicornis",FALSE,FALSE,FALSE,0,242,10,0,103,0,0,"Absent","32.78-33.6",1
"Semibalanus cariosus",FALSE,FALSE,TRUE,0,242,10,0,103,508,0,"Northern Only Presence","32.78-33.6",1
"Serpula vermicularis",TRUE,TRUE,TRUE,7,242,10,4,103,15,27.2727272727273,"Continuous Presence","32.78-33.6",1
"Sertularella/Sertularia spp",FALSE,FALSE,TRUE,0,242,10,0,103,4,0,"Northern Only Presence","32.78-33.6",1
"Silvetia compressa",TRUE,TRUE,TRUE,18,242,10,7,103,6522,45.4545454545455,"Continuous Presence","32.78-33.6",1
"Siphonaria brannani",FALSE,FALSE,FALSE,0,313,12,0,108,0,0,"Absent","32.78-33.6",1
"Siphonaria thersites",FALSE,FALSE,FALSE,0,313,12,0,108,0,0,"Absent","32.78-33.6",1
"Sorella delicatula",FALSE,FALSE,FALSE,0,242,10,0,103,0,0,"Absent","32.78-33.6",1
"Sphacelaria californica",TRUE,FALSE,FALSE,0,242,10,0,103,12,0,"Southern Only Presence","32.78-33.6",1
"Spirobranchus spinosus",FALSE,FALSE,TRUE,0,242,10,0,103,2,0,"Northern Only Presence","32.78-33.6",1
"Spirorbis spp",TRUE,TRUE,TRUE,8,242,10,6,103,124,27.2727272727273,"Continuous Presence","32.78-33.6",1
"Spyridia filamentosa",TRUE,TRUE,FALSE,3,242,10,2,103,72,9.09090909090909,"Northern Range Edge","32.78-33.6",1
"Stenoplax conspicua",TRUE,TRUE,TRUE,2,313,12,2,108,34,8.33333333333333,"Continuous Presence","32.78-33.6",1
"Stephanocystis dioica",TRUE,TRUE,TRUE,9,242,10,4,103,422,27.2727272727273,"Continuous Presence","32.78-33.6",1
"Stephanocystis osmundacea",TRUE,TRUE,TRUE,2,242,10,2,103,428,9.09090909090909,"Continuous Presence","32.78-33.6",1
"Strongylocentrotus droebachiensis",FALSE,FALSE,FALSE,0,313,12,0,108,0,0,"Absent","32.78-33.6",1
"Strongylocentrotus franciscanus",FALSE,FALSE,TRUE,0,313,12,0,108,25,0,"Northern Only Presence","32.78-33.6",1
"Strongylocentrotus purpuratus",FALSE,TRUE,TRUE,10,313,12,5,108,11680,25,"Southern Range Edge","32.78-33.6",1
"Styela montereyensis",FALSE,FALSE,TRUE,0,242,10,0,103,6,0,"Northern Only Presence","32.78-33.6",1
"Symphyocladia dendroidea/Xiphosiphonia pennata",TRUE,TRUE,TRUE,8,242,10,5,103,343,27.2727272727273,"Continuous Presence","32.78-33.6",1
"Symphyocladiella baileyi",TRUE,TRUE,TRUE,5,242,10,3,103,48,18.1818181818182,"Continuous Presence","32.78-33.6",1
"Taonia lennebackerae",TRUE,TRUE,TRUE,1,242,10,1,103,20,4.54545454545455,"Continuous Presence","32.78-33.6",1
"Tectura paleacea",TRUE,TRUE,TRUE,5,313,12,5,108,202,4.16666666666667,"Continuous Presence","32.78-33.6",1
"Tegula aureotincta",TRUE,TRUE,TRUE,20,313,12,9,108,178,41.6666666666667,"Continuous Presence","32.78-33.6",1
"Tegula brunnea",FALSE,FALSE,TRUE,0,313,12,0,108,1356,0,"Northern Only Presence","32.78-33.6",1
"Tegula eiseni",TRUE,TRUE,TRUE,31,313,12,10,108,1955,54.1666666666667,"Continuous Presence","32.78-33.6",1
"Tegula funebralis/gallina",TRUE,TRUE,TRUE,25,313,12,10,108,83091,50,"Continuous Presence","32.78-33.6",1
"Tegula pulligo",FALSE,FALSE,FALSE,0,313,12,0,108,0,0,"Absent","32.78-33.6",1
"Tetraclita squamosa",TRUE,TRUE,TRUE,20,242,10,8,103,1055,45.4545454545455,"Continuous Presence","32.78-33.6",1
"Thylacodes squamigerus",TRUE,TRUE,TRUE,16,242,10,7,103,152,36.3636363636364,"Continuous Presence","32.78-33.6",1
"Tiffaniella snyderae",TRUE,TRUE,TRUE,9,242,10,4,103,206,27.2727272727273,"Continuous Presence","32.78-33.6",1
"Tonicella spp",FALSE,TRUE,TRUE,2,313,12,2,108,905,8.33333333333333,"Southern Range Edge","32.78-33.6",1
"Trichotropis cancellata",FALSE,FALSE,FALSE,0,313,12,0,108,0,0,"Absent","32.78-33.6",1
"Ulothrix spp",FALSE,FALSE,TRUE,0,242,10,0,103,15,0,"Northern Only Presence","32.78-33.6",1
"Ulvophyceae",TRUE,TRUE,TRUE,22,242,10,10,103,5252,45.4545454545455,"Continuous Presence","32.78-33.6",1
"Urosalpinx subangulata",FALSE,FALSE,TRUE,0,313,12,0,108,15,0,"Northern Only Presence","32.78-33.6",1
"Urospora spp",FALSE,TRUE,FALSE,1,242,10,1,103,1,4.54545454545455,"Endemic Presence","32.78-33.6",1
"Urticina coriacea",FALSE,FALSE,TRUE,0,242,10,0,103,7,0,"Northern Only Presence","32.78-33.6",1
"Verrucaria maura",FALSE,FALSE,FALSE,0,242,10,0,103,0,0,"Absent","32.78-33.6",1
"Xingyurella turgida",FALSE,FALSE,TRUE,0,242,10,0,103,1,0,"Northern Only Presence","32.78-33.6",1
"Zonaria farlowii",FALSE,TRUE,TRUE,10,242,10,6,103,81,31.8181818181818,"Southern Range Edge","32.78-33.6",1
"Zostera spp",FALSE,FALSE,FALSE,0,242,10,0,103,0,0,"Absent","32.78-33.6",1
"Abietinaria/Amphisbetia spp",FALSE,FALSE,TRUE,0,242,8,0,103,9,0,"Northern Only Presence","33.6-34.04",2
"Acanthinucella paucilirata",FALSE,FALSE,TRUE,0,313,9,0,108,4,0,"Northern Only Presence","33.6-34.04",2
"Acanthinucella spp",TRUE,TRUE,TRUE,12,313,9,4,108,2214,37.5,"Continuous Presence","33.6-34.04",2
"Acmaea mitra",FALSE,FALSE,TRUE,0,313,9,0,108,141,0,"Northern Only Presence","33.6-34.04",2
"Acrosiphonia/Cladophora spp",TRUE,TRUE,TRUE,1,242,8,1,103,175,4.54545454545455,"Continuous Presence","33.6-34.04",2
"Acrosorium ciliolatum",TRUE,TRUE,TRUE,2,242,8,2,103,143,9.09090909090909,"Continuous Presence","33.6-34.04",2
"Aeolidia papillosa",FALSE,FALSE,TRUE,0,313,9,0,108,3,0,"Northern Only Presence","33.6-34.04",2
"Aglaophenia spp",FALSE,FALSE,TRUE,0,242,8,0,103,18,0,"Northern Only Presence","33.6-34.04",2
"Ahnfeltia fastigiata",TRUE,FALSE,TRUE,0,242,8,0,103,117,0,"Avoidant","33.6-34.04",2
"Ahnfeltiopsis linearis",FALSE,FALSE,TRUE,0,242,8,0,103,56,0,"Northern Only Presence","33.6-34.04",2
"Alaria marginata",FALSE,FALSE,TRUE,0,242,8,0,103,1018,0,"Northern Only Presence","33.6-34.04",2
"Alia spp",TRUE,TRUE,TRUE,3,313,9,3,108,1445,8.33333333333333,"Continuous Presence","33.6-34.04",2
"Amphiroa beauvoisii",TRUE,FALSE,FALSE,0,242,8,0,103,2,0,"Southern Only Presence","33.6-34.04",2
"Amphissa columbiana",FALSE,FALSE,TRUE,0,313,9,0,108,31,0,"Northern Only Presence","33.6-34.04",2
"Amphissa versicolor",TRUE,TRUE,TRUE,2,313,9,2,108,299,8.33333333333333,"Continuous Presence","33.6-34.04",2
"Analipus japonicus",FALSE,FALSE,TRUE,0,242,8,0,103,379,0,"Northern Only Presence","33.6-34.04",2
"Anisocladella pacifica",TRUE,FALSE,TRUE,0,242,8,0,103,4,0,"Avoidant","33.6-34.04",2
"Anthopleura artemisia",FALSE,FALSE,TRUE,0,242,8,0,103,3,0,"Northern Only Presence","33.6-34.04",2
"Anthopleura elegantissima",TRUE,TRUE,TRUE,15,242,8,8,103,5148,40.9090909090909,"Continuous Presence","33.6-34.04",2
"Anthopleura sola",TRUE,TRUE,TRUE,15,242,8,8,103,2460,40.9090909090909,"Continuous Presence","33.6-34.04",2
"Anthopleura xanthogrammica",TRUE,TRUE,TRUE,2,242,8,2,103,791,9.09090909090909,"Continuous Presence","33.6-34.04",2
"Antithamnionella spp",FALSE,FALSE,FALSE,0,242,8,0,103,0,0,"Absent","33.6-34.04",2
"Aplidium spp",TRUE,TRUE,TRUE,2,242,8,2,103,73,9.09090909090909,"Continuous Presence","33.6-34.04",2
"Aplysia californica",TRUE,TRUE,TRUE,1,313,9,1,108,11,4.16666666666667,"Continuous Presence","33.6-34.04",2
"Asparagopsis taxiformis",TRUE,FALSE,FALSE,0,242,8,0,103,97,0,"Southern Only Presence","33.6-34.04",2
"Atrimitra idae",FALSE,FALSE,FALSE,0,313,9,0,108,0,0,"Absent","33.6-34.04",2
"Balanus crenatus",FALSE,FALSE,TRUE,0,242,8,0,103,1,0,"Northern Only Presence","33.6-34.04",2
"Balanus glandula",TRUE,TRUE,TRUE,13,242,8,6,103,5046,36.3636363636364,"Continuous Presence","33.6-34.04",2
"Balanus glandula/Semibalanus balanoides",FALSE,FALSE,FALSE,0,242,8,0,103,0,0,"Absent","33.6-34.04",2
"Balanus nubilus",FALSE,FALSE,TRUE,0,242,8,0,103,6,0,"Northern Only Presence","33.6-34.04",2
"Bangia spp",TRUE,FALSE,TRUE,0,242,8,0,103,63,0,"Avoidant","33.6-34.04",2
"Besa leptophylla",TRUE,FALSE,TRUE,0,242,8,0,103,41,0,"Avoidant","33.6-34.04",2
"Bittium eschrichtii",TRUE,FALSE,TRUE,0,313,9,0,108,898,0,"Avoidant","33.6-34.04",2
"Boring clam",TRUE,FALSE,TRUE,0,242,8,0,103,12,0,"Avoidant","33.6-34.04",2
"Bossiella spp",TRUE,TRUE,TRUE,13,242,8,7,103,1442,40.9090909090909,"Continuous Presence","33.6-34.04",2
"Bryopsis spp",TRUE,FALSE,TRUE,0,242,8,0,103,12,0,"Avoidant","33.6-34.04",2
"Bugula neritina",TRUE,FALSE,TRUE,0,242,8,0,103,18,0,"Avoidant","33.6-34.04",2
"Californiconus californicus",TRUE,TRUE,TRUE,4,313,9,4,108,217,16.6666666666667,"Continuous Presence","33.6-34.04",2
"Calliarthron spp",TRUE,TRUE,TRUE,7,242,8,5,103,1229,18.1818181818182,"Continuous Presence","33.6-34.04",2
"Calliostoma annulatum",FALSE,FALSE,TRUE,0,313,9,0,108,5,0,"Northern Only Presence","33.6-34.04",2
"Calliostoma canaliculatum",FALSE,FALSE,TRUE,0,313,9,0,108,25,0,"Northern Only Presence","33.6-34.04",2
"Calliostoma ligatum",FALSE,FALSE,TRUE,0,313,9,0,108,90,0,"Northern Only Presence","33.6-34.04",2
"Calliostoma supragranosum",FALSE,FALSE,TRUE,0,313,9,0,108,1,0,"Northern Only Presence","33.6-34.04",2
"Callithamnion pikeanum",TRUE,FALSE,TRUE,0,242,8,0,103,330,0,"Avoidant","33.6-34.04",2
"Callithamnion rupicola",TRUE,FALSE,TRUE,0,242,8,0,103,2,0,"Avoidant","33.6-34.04",2
"Callophyllis spp",TRUE,TRUE,TRUE,2,242,8,2,103,68,9.09090909090909,"Continuous Presence","33.6-34.04",2
"Cancer antennaria",TRUE,FALSE,TRUE,0,313,9,0,108,55,0,"Avoidant","33.6-34.04",2
"Cancer oregonensis",FALSE,FALSE,TRUE,0,313,9,0,108,3,0,"Northern Only Presence","33.6-34.04",2
"Cancer productus",FALSE,FALSE,TRUE,0,313,9,0,108,1,0,"Northern Only Presence","33.6-34.04",2
"Carpopeltis bushiae",FALSE,FALSE,FALSE,0,242,8,0,103,0,0,"Absent","33.6-34.04",2
"Caulacanthus okamurae",TRUE,TRUE,TRUE,12,242,8,7,103,1831,31.8181818181818,"Continuous Presence","33.6-34.04",2
"Ceratostoma foliatum",TRUE,TRUE,TRUE,1,313,9,1,108,5,4.16666666666667,"Continuous Presence","33.6-34.04",2
"Ceratostoma nuttalli",TRUE,TRUE,TRUE,4,313,9,2,108,46,16.6666666666667,"Continuous Presence","33.6-34.04",2
"Cerithiopsis spp",TRUE,FALSE,FALSE,0,313,9,0,108,2,0,"Southern Only Presence","33.6-34.04",2
"Chaetomorpha spp",TRUE,TRUE,TRUE,4,242,8,3,103,148,18.1818181818182,"Continuous Presence","33.6-34.04",2
"Chondracanthus canaliculatus",TRUE,TRUE,TRUE,14,242,8,8,103,5926,40.9090909090909,"Continuous Presence","33.6-34.04",2
"Chondracanthus corymbiferus/exaspertata",FALSE,TRUE,TRUE,1,242,8,1,103,74,4.54545454545455,"Southern Range Edge","33.6-34.04",2
"Chondracanthus harveyanus",FALSE,FALSE,TRUE,0,242,8,0,103,5,0,"Northern Only Presence","33.6-34.04",2
"Chondracanthus spinosus",TRUE,TRUE,TRUE,2,242,8,1,103,42,9.09090909090909,"Continuous Presence","33.6-34.04",2
"Chondria acrorhizophora",TRUE,TRUE,FALSE,2,242,8,2,103,21,9.09090909090909,"Northern Range Edge","33.6-34.04",2
"Chondria arcuata",TRUE,FALSE,TRUE,0,242,8,0,103,16,0,"Avoidant","33.6-34.04",2
"Chondria dasyphylla",TRUE,TRUE,TRUE,1,242,8,1,103,16,4.54545454545455,"Continuous Presence","33.6-34.04",2
"Chondria decipiens",TRUE,TRUE,TRUE,1,242,8,1,103,25,4.54545454545455,"Continuous Presence","33.6-34.04",2
"Chondria nidifica",TRUE,TRUE,TRUE,2,242,8,1,103,157,9.09090909090909,"Continuous Presence","33.6-34.04",2
"Chondria oppositiclada",TRUE,FALSE,FALSE,0,242,8,0,103,23,0,"Southern Only Presence","33.6-34.04",2
"Chone minuta",FALSE,FALSE,TRUE,0,242,8,0,103,88,0,"Northern Only Presence","33.6-34.04",2
"Chthamalus dalli/fissus",TRUE,TRUE,TRUE,15,242,8,8,103,17343,40.9090909090909,"Continuous Presence","33.6-34.04",2
"Cirolana spp/Gnorimosphaeroma oregonense",FALSE,FALSE,TRUE,0,313,9,0,108,82,0,"Northern Only Presence","33.6-34.04",2
"Cladophora columbiana",TRUE,TRUE,TRUE,1,242,8,1,103,1559,4.54545454545455,"Continuous Presence","33.6-34.04",2
"Cladophora graminea",TRUE,FALSE,TRUE,0,242,8,0,103,6,0,"Avoidant","33.6-34.04",2
"Clavelina huntsmani",FALSE,FALSE,TRUE,0,242,8,0,103,4,0,"Northern Only Presence","33.6-34.04",2
"Codium fragile",TRUE,TRUE,TRUE,1,242,8,1,103,51,4.54545454545455,"Continuous Presence","33.6-34.04",2
"Codium setchellii",FALSE,FALSE,TRUE,0,242,8,0,103,19,0,"Northern Only Presence","33.6-34.04",2
"Colonial diatom",TRUE,TRUE,TRUE,2,242,8,1,103,75,9.09090909090909,"Continuous Presence","33.6-34.04",2
"Colpomenia/Leathesia spp",TRUE,TRUE,TRUE,4,242,8,2,103,184,13.6363636363636,"Continuous Presence","33.6-34.04",2
"Constantinea simplex",FALSE,FALSE,TRUE,0,242,8,0,103,109,0,"Northern Only Presence","33.6-34.04",2
"Corallina spp",TRUE,TRUE,TRUE,15,242,8,8,103,18213,40.9090909090909,"Continuous Presence","33.6-34.04",2
"Corynactis californica",FALSE,FALSE,FALSE,0,242,8,0,103,0,0,"Absent","33.6-34.04",2
"Costaria costata",FALSE,FALSE,TRUE,0,242,8,0,103,93,0,"Northern Only Presence","33.6-34.04",2
"Crangon spp",TRUE,FALSE,TRUE,0,313,9,0,108,10,0,"Avoidant","33.6-34.04",2
"Crepipatella lingulata",TRUE,TRUE,TRUE,1,313,9,1,108,11,4.16666666666667,"Continuous Presence","33.6-34.04",2
"Cryptochiton stelleri",FALSE,FALSE,TRUE,0,391,9,0,108,236,0,"Northern Only Presence","33.6-34.04",2
"Cryptolithodes sitchensis",FALSE,FALSE,TRUE,0,313,9,0,108,5,0,"Northern Only Presence","33.6-34.04",2
"Cryptopleura/Hymenena spp",TRUE,TRUE,TRUE,15,242,8,8,103,3622,40.9090909090909,"Continuous Presence","33.6-34.04",2
"Cryptosiphonia woodii",FALSE,FALSE,TRUE,0,242,8,0,103,922,0,"Northern Only Presence","33.6-34.04",2
"Cucumaria miniata",FALSE,FALSE,FALSE,0,313,9,0,108,0,0,"Absent","33.6-34.04",2
"Cucumaria/Pseudocnus spp",FALSE,FALSE,TRUE,0,313,9,0,108,573,0,"Northern Only Presence","33.6-34.04",2
"Cumagloia andersonii",FALSE,FALSE,TRUE,0,242,8,0,103,25,0,"Northern Only Presence","33.6-34.04",2
"Cyanoplax hartwegii",TRUE,TRUE,TRUE,19,313,9,9,108,1890,41.6666666666667,"Continuous Presence","33.6-34.04",2
"Cyanoplax spp",TRUE,TRUE,TRUE,5,313,9,4,108,1882,20.8333333333333,"Continuous Presence","33.6-34.04",2
"Dasya binghamiae",TRUE,TRUE,TRUE,1,242,8,1,103,18,4.54545454545455,"Continuous Presence","33.6-34.04",2
"Dasysiphonia japonica",TRUE,FALSE,FALSE,0,242,8,0,103,1,0,"Southern Only Presence","33.6-34.04",2
"Delesseria decipiens",FALSE,FALSE,TRUE,0,242,8,0,103,5,0,"Northern Only Presence","33.6-34.04",2
"Dendrobeania lichenoides",FALSE,FALSE,FALSE,0,242,8,0,103,0,0,"Absent","33.6-34.04",2
"Dendronotus subramosus",FALSE,FALSE,TRUE,0,313,9,0,108,1,0,"Northern Only Presence","33.6-34.04",2
"Dendropoma lituella",FALSE,FALSE,FALSE,0,242,8,0,103,0,0,"Absent","33.6-34.04",2
"Derbesia marina",FALSE,FALSE,TRUE,0,242,8,0,103,12,0,"Northern Only Presence","33.6-34.04",2
"Dermasterias imbricata",FALSE,FALSE,TRUE,0,391,9,0,108,683,0,"Northern Only Presence","33.6-34.04",2
"Desmarestia ligulata",FALSE,FALSE,TRUE,0,242,8,0,103,121,0,"Northern Only Presence","33.6-34.04",2
"Diaperoecia californica",FALSE,FALSE,FALSE,0,242,8,0,103,0,0,"Absent","33.6-34.04",2
"Diaulula sandiegensis",TRUE,TRUE,TRUE,1,313,9,1,108,12,4.16666666666667,"Continuous Presence","33.6-34.04",2
"Dictyoneurum californicum",FALSE,FALSE,TRUE,0,242,8,0,103,12,0,"Northern Only Presence","33.6-34.04",2
"Dictyopteris undulata",TRUE,TRUE,FALSE,1,242,8,1,103,22,4.54545454545455,"Northern Range Edge","33.6-34.04",2
"Dictyota binghamiae",FALSE,TRUE,FALSE,1,242,8,1,103,4,4.54545454545455,"Endemic Presence","33.6-34.04",2
"Dictyota coriacea",TRUE,TRUE,TRUE,5,242,8,3,103,138,18.1818181818182,"Continuous Presence","33.6-34.04",2
"Dilsea californica",FALSE,FALSE,TRUE,0,242,8,0,103,447,0,"Northern Only Presence","33.6-34.04",2
"Diodora aspera",FALSE,FALSE,TRUE,0,313,9,0,108,11,0,"Northern Only Presence","33.6-34.04",2
"Dirona albolineata",FALSE,FALSE,TRUE,0,313,9,0,108,2,0,"Northern Only Presence","33.6-34.04",2
"Discurria insessa",TRUE,TRUE,TRUE,9,313,9,7,108,120,25,"Continuous Presence","33.6-34.04",2
"Distaplia occidentalis",FALSE,FALSE,TRUE,0,242,8,0,103,9,0,"Northern Only Presence","33.6-34.04",2
"Dodecaceria spp",FALSE,TRUE,TRUE,6,242,8,3,103,239,27.2727272727273,"Southern Range Edge","33.6-34.04",2
"Doris montereyensis",FALSE,FALSE,TRUE,0,313,9,0,108,3,0,"Northern Only Presence","33.6-34.04",2
"Ectocarpus spp",TRUE,TRUE,FALSE,1,242,8,1,103,2,4.54545454545455,"Northern Range Edge","33.6-34.04",2
"Egregia menziesii",TRUE,TRUE,TRUE,15,242,8,8,103,5494,40.9090909090909,"Continuous Presence","33.6-34.04",2
"Eisenia arborea",TRUE,TRUE,TRUE,2,242,8,2,103,141,9.09090909090909,"Continuous Presence","33.6-34.04",2
"Encrusting coralline",TRUE,TRUE,TRUE,15,242,8,8,103,8084,40.9090909090909,"Continuous Presence","33.6-34.04",2
"Endarachne/Petalonia/Phaeostrophion spp",TRUE,TRUE,TRUE,8,242,8,4,103,381,31.8181818181818,"Continuous Presence","33.6-34.04",2
"Endocladia muricata",TRUE,TRUE,TRUE,10,242,8,5,103,14318,31.8181818181818,"Continuous Presence","33.6-34.04",2
"Endoplura aurea",FALSE,FALSE,FALSE,0,242,8,0,103,0,0,"Absent","33.6-34.04",2
"Epiactis prolifera",FALSE,FALSE,TRUE,0,242,8,0,103,5,0,"Northern Only Presence","33.6-34.04",2
"Epitonium tinctum",TRUE,TRUE,TRUE,12,313,9,5,108,388,41.6666666666667,"Continuous Presence","33.6-34.04",2
"Erythroglossum californicum",TRUE,TRUE,TRUE,1,242,8,1,103,48,4.54545454545455,"Continuous Presence","33.6-34.04",2
"Erythrophyllum delesserioides",TRUE,TRUE,TRUE,1,242,8,1,103,222,4.54545454545455,"Continuous Presence","33.6-34.04",2
"Eudendrium californicum",FALSE,FALSE,TRUE,0,242,8,0,103,2,0,"Northern Only Presence","33.6-34.04",2
"Eudistoma psammion",TRUE,TRUE,TRUE,1,242,8,1,103,45,4.54545454545455,"Continuous Presence","33.6-34.04",2
"Eudistoma ritteri",FALSE,FALSE,TRUE,0,242,8,0,103,4,0,"Northern Only Presence","33.6-34.04",2
"Eudistylia polymorpha",FALSE,FALSE,FALSE,0,242,8,0,103,0,0,"Absent","33.6-34.04",2
"Eupentacta spp",FALSE,FALSE,TRUE,0,313,9,0,108,11,0,"Northern Only Presence","33.6-34.04",2
"Eurystomella bilabiata",TRUE,FALSE,TRUE,0,242,8,0,103,29,0,"Avoidant","33.6-34.04",2
"Evasterias troschelii",FALSE,FALSE,FALSE,0,391,9,0,108,0,0,"Absent","33.6-34.04",2
"Farlowia compressa",FALSE,FALSE,TRUE,0,242,8,0,103,3,0,"Northern Only Presence","33.6-34.04",2
"Farlowia mollis",FALSE,FALSE,TRUE,0,242,8,0,103,17,0,"Northern Only Presence","33.6-34.04",2
"Farlowia/Pikea spp",TRUE,FALSE,TRUE,0,242,8,0,103,93,0,"Avoidant","33.6-34.04",2
"Fissurella volcano",TRUE,TRUE,TRUE,19,313,9,8,108,4909,45.8333333333333,"Continuous Presence","33.6-34.04",2
"Fissurellidea bimaculata",FALSE,TRUE,TRUE,1,313,9,1,108,5,4.16666666666667,"Southern Range Edge","33.6-34.04",2
"Flustrellidra corniculata",FALSE,FALSE,TRUE,0,242,8,0,103,4,0,"Northern Only Presence","33.6-34.04",2
"Fredericqia chiton",FALSE,TRUE,FALSE,1,242,8,1,103,1,4.54545454545455,"Endemic Presence","33.6-34.04",2
"Fucus spp",FALSE,FALSE,TRUE,0,242,8,0,103,3137,0,"Northern Only Presence","33.6-34.04",2
"Gastroclonium parvum",TRUE,TRUE,TRUE,3,242,8,3,103,162,13.6363636363636,"Continuous Presence","33.6-34.04",2
"Gelidium purpurascens",TRUE,TRUE,TRUE,5,242,8,5,103,43,13.6363636363636,"Continuous Presence","33.6-34.04",2
"Gelidium robustum",TRUE,TRUE,TRUE,3,242,8,2,103,128,13.6363636363636,"Continuous Presence","33.6-34.04",2
"Gelidium spp",TRUE,TRUE,TRUE,15,242,8,8,103,4262,40.9090909090909,"Continuous Presence","33.6-34.04",2
"Gloiopeltis furcata",TRUE,FALSE,TRUE,0,242,8,0,103,69,0,"Avoidant","33.6-34.04",2
"Gloiosiphonia californica",FALSE,FALSE,TRUE,0,242,8,0,103,4,0,"Northern Only Presence","33.6-34.04",2
"Gracilariopsis/Gracilaria spp",TRUE,TRUE,TRUE,3,242,8,2,103,423,9.09090909090909,"Continuous Presence","33.6-34.04",2
"Grateloupia angusta",TRUE,FALSE,FALSE,0,242,8,0,103,2,0,"Southern Only Presence","33.6-34.04",2
"Grateloupia californica",TRUE,TRUE,TRUE,1,242,8,1,103,139,4.54545454545455,"Continuous Presence","33.6-34.04",2
"Grateloupia cornea",TRUE,FALSE,FALSE,0,242,8,0,103,4,0,"Southern Only Presence","33.6-34.04",2
"Halichondria panicea",FALSE,FALSE,TRUE,0,242,8,0,103,5,0,"Northern Only Presence","33.6-34.04",2
"Halichondria spp",FALSE,FALSE,TRUE,0,242,8,0,103,57,0,"Northern Only Presence","33.6-34.04",2
"Haliclona spp",TRUE,FALSE,TRUE,0,242,8,0,103,60,0,"Avoidant","33.6-34.04",2
"Halosaccion glandiforme",FALSE,FALSE,TRUE,0,242,8,0,103,769,0,"Northern Only Presence","33.6-34.04",2
"Halymenia/Schizymenia spp",FALSE,FALSE,TRUE,0,242,8,0,103,221,0,"Northern Only Presence","33.6-34.04",2
"Haminoea vesicula",TRUE,TRUE,FALSE,1,313,9,1,108,13,4.16666666666667,"Northern Range Edge","33.6-34.04",2
"Haminoea virescens",TRUE,TRUE,FALSE,1,313,9,1,108,12,4.16666666666667,"Northern Range Edge","33.6-34.04",2
"Hapalospongidion gelatinosum",FALSE,FALSE,FALSE,0,242,8,0,103,0,0,"Absent","33.6-34.04",2
"Haplogloia andersonii",FALSE,FALSE,TRUE,0,242,8,0,103,11,0,"Northern Only Presence","33.6-34.04",2
"Hapterophycus canaliculatus",TRUE,TRUE,TRUE,3,242,8,2,103,93,9.09090909090909,"Continuous Presence","33.6-34.04",2
"Hedophyllum sessile",FALSE,FALSE,TRUE,0,242,8,0,103,720,0,"Northern Only Presence","33.6-34.04",2
"Heliaster kubiniji",FALSE,FALSE,FALSE,0,391,9,0,108,0,0,"Absent","33.6-34.04",2
"Hemigrapsus nudus",TRUE,FALSE,TRUE,0,313,9,0,108,66,0,"Avoidant","33.6-34.04",2
"Hemigrapsus oregonensis",FALSE,FALSE,TRUE,0,313,9,0,108,1,0,"Northern Only Presence","33.6-34.04",2
"Henricia spp",FALSE,FALSE,TRUE,0,391,9,0,108,446,0,"Northern Only Presence","33.6-34.04",2
"Hermissenda crassicornis",TRUE,TRUE,TRUE,1,313,9,1,108,32,4.16666666666667,"Continuous Presence","33.6-34.04",2
"Herposiphonia littoralis",TRUE,FALSE,FALSE,0,242,8,0,103,9,0,"Southern Only Presence","33.6-34.04",2
"Herposiphonia plumula",FALSE,FALSE,FALSE,0,242,8,0,103,0,0,"Absent","33.6-34.04",2
"Herposiphonia verticillata",TRUE,TRUE,TRUE,1,242,8,1,103,15,4.54545454545455,"Continuous Presence","33.6-34.04",2
"Homalopoma spp",TRUE,TRUE,TRUE,3,313,9,3,108,191,8.33333333333333,"Continuous Presence","33.6-34.04",2
"Hypnea johnstonii",TRUE,FALSE,FALSE,0,242,8,0,103,12,0,"Southern Only Presence","33.6-34.04",2
"Hypnea valentiae",TRUE,FALSE,FALSE,0,242,8,0,103,164,0,"Southern Only Presence","33.6-34.04",2
"Hypnea variabilis",TRUE,TRUE,FALSE,1,242,8,1,103,5,4.54545454545455,"Northern Range Edge","33.6-34.04",2
"Idotea spp",TRUE,TRUE,TRUE,4,313,9,4,108,837,16.6666666666667,"Continuous Presence","33.6-34.04",2
"Jania rosea",TRUE,TRUE,FALSE,3,242,8,2,103,88,13.6363636363636,"Northern Range Edge","33.6-34.04",2
"Jania tenella",TRUE,FALSE,FALSE,0,242,8,0,103,13,0,"Southern Only Presence","33.6-34.04",2
"Jania verrucosa",TRUE,FALSE,FALSE,0,242,8,0,103,531,0,"Southern Only Presence","33.6-34.04",2
"Johansenia macmillanii",FALSE,FALSE,TRUE,0,242,8,0,103,4,0,"Northern Only Presence","33.6-34.04",2
"Katharina tunicata",FALSE,FALSE,TRUE,0,313,9,0,108,555,0,"Northern Only Presence","33.6-34.04",2
"Kelletia kelletii",TRUE,FALSE,FALSE,0,313,9,0,108,9,0,"Southern Only Presence","33.6-34.04",2
"Lacuna spp",TRUE,TRUE,TRUE,3,313,9,3,108,18119,12.5,"Continuous Presence","33.6-34.04",2
"Laminaria ephemera",FALSE,FALSE,TRUE,0,242,8,0,103,4,0,"Northern Only Presence","33.6-34.04",2
"Laminaria farlowii",TRUE,FALSE,FALSE,0,242,8,0,103,1,0,"Southern Only Presence","33.6-34.04",2
"Laminaria setchellii",FALSE,FALSE,TRUE,0,242,8,0,103,553,0,"Northern Only Presence","33.6-34.04",2
"Laminaria sinclairii",FALSE,FALSE,TRUE,0,242,8,0,103,252,0,"Northern Only Presence","33.6-34.04",2
"Laurencia pacifica/masonii",TRUE,TRUE,TRUE,8,242,8,5,103,462,27.2727272727273,"Continuous Presence","33.6-34.04",2
"Laurencia spp",TRUE,FALSE,TRUE,0,242,8,0,103,15,0,"Avoidant","33.6-34.04",2
"Lepidozona spp",TRUE,FALSE,TRUE,0,313,9,0,108,127,0,"Avoidant","33.6-34.04",2
"Leptasterias spp",TRUE,TRUE,TRUE,1,313,9,1,108,1995,4.16666666666667,"Continuous Presence","33.6-34.04",2
"Lessoniopsis littoralis",FALSE,FALSE,TRUE,0,242,8,0,103,10,0,"Northern Only Presence","33.6-34.04",2
"Ligia spp",TRUE,FALSE,TRUE,0,313,9,0,108,32,0,"Avoidant","33.6-34.04",2
"Limacia cockerelli",TRUE,FALSE,FALSE,0,313,9,0,108,2,0,"Southern Only Presence","33.6-34.04",2
"Linckia columbiae",FALSE,FALSE,FALSE,0,391,9,0,108,0,0,"Absent","33.6-34.04",2
"Lirabuccinum dirum",FALSE,FALSE,TRUE,0,313,9,0,108,133,0,"Northern Only Presence","33.6-34.04",2
"Lirularia/Margarites spp",TRUE,FALSE,TRUE,0,313,9,0,108,396,0,"Avoidant","33.6-34.04",2
"Lithophyllum/Lithothamnion spp",TRUE,FALSE,TRUE,0,242,8,0,103,159,0,"Avoidant","33.6-34.04",2
"Lithothrix aspergillum",TRUE,TRUE,TRUE,7,242,8,5,103,1542,27.2727272727273,"Continuous Presence","33.6-34.04",2
"Littorina spp.",TRUE,TRUE,TRUE,20,313,9,9,108,737668,45.8333333333333,"Continuous Presence","33.6-34.04",2
"Lomentaria hakodatensis",TRUE,TRUE,FALSE,5,242,8,5,103,250,13.6363636363636,"Northern Range Edge","33.6-34.04",2
"Lottia asmi",FALSE,FALSE,TRUE,0,313,9,0,108,357,0,"Northern Only Presence","33.6-34.04",2
"Lottia austrodigitalis/digitalis",TRUE,TRUE,TRUE,19,313,9,8,108,70520,45.8333333333333,"Continuous Presence","33.6-34.04",2
"Lottia fenestrata",TRUE,FALSE,TRUE,0,313,9,0,108,1030,0,"Avoidant","33.6-34.04",2
"Lottia instabilis",TRUE,TRUE,TRUE,3,313,9,3,108,229,12.5,"Continuous Presence","33.6-34.04",2
"Lottia limatula",TRUE,TRUE,TRUE,17,313,9,7,108,3715,41.6666666666667,"Continuous Presence","33.6-34.04",2
"Lottia paradigitalis/strigatella",TRUE,TRUE,TRUE,20,313,9,9,108,87755,45.8333333333333,"Continuous Presence","33.6-34.04",2
"Lottia pelta",TRUE,TRUE,TRUE,18,313,9,8,108,14378,45.8333333333333,"Continuous Presence","33.6-34.04",2
"Lottia persona",TRUE,FALSE,TRUE,0,313,9,0,108,82,0,"Avoidant","33.6-34.04",2
"Lottia polyfacies",TRUE,TRUE,FALSE,1,313,9,1,108,37,4.16666666666667,"Northern Range Edge","33.6-34.04",2
"Lottia scabra/conus",TRUE,TRUE,TRUE,20,313,9,9,108,120485,45.8333333333333,"Continuous Presence","33.6-34.04",2
"Lottia scutum",TRUE,TRUE,TRUE,9,313,9,6,108,2814,25,"Continuous Presence","33.6-34.04",2
"Macrocystis pyrifera",TRUE,TRUE,TRUE,3,242,8,3,103,74,13.6363636363636,"Continuous Presence","33.6-34.04",2
"Macron lividus",TRUE,TRUE,FALSE,1,313,9,1,108,145,4.16666666666667,"Northern Range Edge","33.6-34.04",2
"Mastocarpus spp",TRUE,TRUE,TRUE,5,242,8,4,103,12690,13.6363636363636,"Continuous Presence","33.6-34.04",2
"Maxwellia gemma",TRUE,TRUE,FALSE,1,313,9,1,108,5,4.16666666666667,"Northern Range Edge","33.6-34.04",2
"Mazzaella affinis",TRUE,TRUE,TRUE,10,242,8,8,103,821,31.8181818181818,"Continuous Presence","33.6-34.04",2
"Mazzaella flaccida/oregona/splendens",TRUE,FALSE,TRUE,0,242,8,0,103,11621,0,"Avoidant","33.6-34.04",2
"Mazzaella leptorhynchos",TRUE,TRUE,TRUE,5,242,8,3,103,455,22.7272727272727,"Continuous Presence","33.6-34.04",2
"Mazzaella linearis",FALSE,FALSE,TRUE,0,242,8,0,103,87,0,"Northern Only Presence","33.6-34.04",2
"Mazzaella parksii",FALSE,FALSE,TRUE,0,242,8,0,103,115,0,"Northern Only Presence","33.6-34.04",2
"Mazzaella phyllocarpa",FALSE,FALSE,FALSE,0,242,8,0,103,0,0,"Absent","33.6-34.04",2
"Mazzaella volans",TRUE,FALSE,TRUE,0,242,8,0,103,23,0,"Avoidant","33.6-34.04",2
"Megabalanus californicus",FALSE,TRUE,TRUE,1,242,8,1,103,3,4.54545454545455,"Southern Range Edge","33.6-34.04",2
"Megastraea undosa",TRUE,FALSE,FALSE,0,313,9,0,108,10,0,"Southern Only Presence","33.6-34.04",2
"Melanosiphon/Scytosiphon spp",TRUE,TRUE,TRUE,2,242,8,2,103,208,4.54545454545455,"Continuous Presence","33.6-34.04",2
"Membranipora spp",TRUE,TRUE,TRUE,1,242,8,1,103,5,4.54545454545455,"Continuous Presence","33.6-34.04",2
"Metridium senile",FALSE,FALSE,FALSE,0,242,8,0,103,0,0,"Absent","33.6-34.04",2
"Mexacanthina lugubris",TRUE,FALSE,FALSE,0,313,9,0,108,253,0,"Southern Only Presence","33.6-34.04",2
"Microcladia borealis",TRUE,FALSE,TRUE,0,242,8,0,103,835,0,"Avoidant","33.6-34.04",2
"Microcladia coulteri",FALSE,FALSE,TRUE,0,242,8,0,103,18,0,"Northern Only Presence","33.6-34.04",2
"Mopalia spp",TRUE,TRUE,TRUE,13,313,9,8,108,1201,33.3333333333333,"Continuous Presence","33.6-34.04",2
"Mytilisepta/Brachidontes spp",TRUE,TRUE,TRUE,6,242,8,3,103,243,22.7272727272727,"Continuous Presence","33.6-34.04",2
"Mytilus californianus",TRUE,TRUE,TRUE,13,242,8,6,103,25035,36.3636363636364,"Continuous Presence","33.6-34.04",2
"Mytilus trossulus/galloprovincialis/edulis",TRUE,TRUE,TRUE,6,242,8,3,103,126,22.7272727272727,"Continuous Presence","33.6-34.04",2
"Navanax inermis",TRUE,FALSE,FALSE,0,313,9,0,108,4,0,"Southern Only Presence","33.6-34.04",2
"Nemalion elminthoides",TRUE,TRUE,TRUE,2,242,8,2,103,5,9.09090909090909,"Continuous Presence","33.6-34.04",2
"Neogastroclonium subarticulatum",TRUE,TRUE,TRUE,10,242,8,5,103,1776,36.3636363636364,"Continuous Presence","33.6-34.04",2
"Neoptilota/Ptilota spp",FALSE,FALSE,TRUE,0,242,8,0,103,293,0,"Northern Only Presence","33.6-34.04",2
"Neorhodomela larix",FALSE,FALSE,TRUE,0,242,8,0,103,2604,0,"Northern Only Presence","33.6-34.04",2
"Neorhodomela oregona",FALSE,FALSE,TRUE,0,242,8,0,103,392,0,"Northern Only Presence","33.6-34.04",2
"Nereocystis luetkeana",FALSE,FALSE,TRUE,0,242,8,0,103,40,0,"Northern Only Presence","33.6-34.04",2
"Nienburgia andersoniana",TRUE,TRUE,TRUE,5,242,8,3,103,135,18.1818181818182,"Continuous Presence","33.6-34.04",2
"Non Coralline crust",TRUE,TRUE,TRUE,15,242,8,8,103,15090,40.9090909090909,"Continuous Presence","33.6-34.04",2
"Norrisia norrisii",TRUE,TRUE,TRUE,1,313,9,1,108,12,4.16666666666667,"Continuous Presence","33.6-34.04",2
"Nucella canaliculata",TRUE,FALSE,TRUE,0,313,9,0,108,703,0,"Avoidant","33.6-34.04",2
"Nucella emarginata/ostrina",TRUE,TRUE,TRUE,15,313,9,6,108,10126,37.5,"Continuous Presence","33.6-34.04",2
"Nucella lamellosa",FALSE,FALSE,TRUE,0,313,9,0,108,2,0,"Northern Only Presence","33.6-34.04",2
"Nuttallina spp",TRUE,TRUE,TRUE,20,313,9,9,108,15520,45.8333333333333,"Continuous Presence","33.6-34.04",2
"Obelia spp",TRUE,FALSE,FALSE,0,242,8,0,103,2,0,"Southern Only Presence","33.6-34.04",2
"Odonthalia floccosa",TRUE,FALSE,TRUE,0,242,8,0,103,4729,0,"Avoidant","33.6-34.04",2
"Odonthalia washingtoniensis",FALSE,FALSE,TRUE,0,242,8,0,103,9,0,"Northern Only Presence","33.6-34.04",2
"Oedignathus inermis",FALSE,FALSE,TRUE,0,313,9,0,108,38,0,"Northern Only Presence","33.6-34.04",2
"Olivella biplicata",TRUE,FALSE,TRUE,0,313,9,0,108,5,0,"Avoidant","33.6-34.04",2
"Onchidella borealis",FALSE,FALSE,TRUE,0,313,9,0,108,1477,0,"Northern Only Presence","33.6-34.04",2
"Onchidoris bilamellata",FALSE,FALSE,FALSE,0,313,9,0,108,0,0,"Absent","33.6-34.04",2
"Opalia borealis",FALSE,FALSE,TRUE,0,313,9,0,108,3,0,"Northern Only Presence","33.6-34.04",2
"Opalia funiculata",TRUE,TRUE,TRUE,3,313,9,2,108,105,8.33333333333333,"Continuous Presence","33.6-34.04",2
"Ophiuroid",TRUE,TRUE,TRUE,1,313,9,1,108,27,4.16666666666667,"Continuous Presence","33.6-34.04",2
"Ophlitaspongia pennata",TRUE,TRUE,TRUE,5,242,8,4,103,65,13.6363636363636,"Continuous Presence","33.6-34.04",2
"Opuntiella californica",FALSE,FALSE,FALSE,0,242,8,0,103,0,0,"Absent","33.6-34.04",2
"Oregonia gracilis",FALSE,FALSE,FALSE,0,313,9,0,108,0,0,"Absent","33.6-34.04",2
"Orienthella trilineata",FALSE,FALSE,TRUE,0,313,9,0,108,4,0,"Northern Only Presence","33.6-34.04",2
"Osmundea sinicola",TRUE,TRUE,TRUE,7,242,8,6,103,244,18.1818181818182,"Continuous Presence","33.6-34.04",2
"Osmundea spectabilis",TRUE,TRUE,TRUE,5,242,8,3,103,465,18.1818181818182,"Continuous Presence","33.6-34.04",2
"Osmundea splendens",TRUE,TRUE,TRUE,1,242,8,1,103,7,4.54545454545455,"Continuous Presence","33.6-34.04",2
"Pachycheles spp",TRUE,TRUE,TRUE,2,313,9,2,108,116,8.33333333333333,"Continuous Presence","33.6-34.04",2
"Pachygrapsus crassipes",TRUE,TRUE,TRUE,20,313,9,9,108,4995,45.8333333333333,"Continuous Presence","33.6-34.04",2
"Paciocinebrina circumtexta",TRUE,TRUE,TRUE,10,313,9,6,108,445,20.8333333333333,"Continuous Presence","33.6-34.04",2
"Paciocinebrina interfossa",TRUE,FALSE,TRUE,0,313,9,0,108,74,0,"Avoidant","33.6-34.04",2
"Paciocinebrina lurida",FALSE,FALSE,TRUE,0,313,9,0,108,12,0,"Northern Only Presence","33.6-34.04",2
"Padina spp",FALSE,FALSE,FALSE,0,242,8,0,103,0,0,"Absent","33.6-34.04",2
"Pagurus beringanus",FALSE,FALSE,TRUE,0,313,9,0,108,13,0,"Northern Only Presence","33.6-34.04",2
"Pagurus caurinus",FALSE,FALSE,TRUE,0,313,9,0,108,2,0,"Northern Only Presence","33.6-34.04",2
"Pagurus granosimanus",TRUE,TRUE,TRUE,1,313,9,1,108,620,4.16666666666667,"Continuous Presence","33.6-34.04",2
"Pagurus hemphilli",TRUE,FALSE,TRUE,0,313,9,0,108,7,0,"Avoidant","33.6-34.04",2
"Pagurus hirsutiusculus",TRUE,TRUE,TRUE,12,313,9,6,108,5489,29.1666666666667,"Continuous Presence","33.6-34.04",2
"Pagurus samuelis",TRUE,TRUE,TRUE,17,313,9,8,108,4232,45.8333333333333,"Continuous Presence","33.6-34.04",2
"Palmaria callophylloides",FALSE,FALSE,FALSE,0,242,8,0,103,0,0,"Absent","33.6-34.04",2
"Palmaria hecatensis",FALSE,FALSE,FALSE,0,242,8,0,103,0,0,"Absent","33.6-34.04",2
"Palmaria mollis",FALSE,FALSE,TRUE,0,242,8,0,103,53,0,"Northern Only Presence","33.6-34.04",2
"Palmaria palmata",FALSE,FALSE,FALSE,0,242,8,0,103,0,0,"Absent","33.6-34.04",2
"Panulirus interruptus",FALSE,FALSE,FALSE,0,391,9,0,108,0,0,"Absent","33.6-34.04",2
"Paraxanthias taylori",TRUE,TRUE,TRUE,1,313,9,1,108,4,4.16666666666667,"Continuous Presence","33.6-34.04",2
"Patiria miniata",TRUE,TRUE,TRUE,1,391,9,1,108,882,4.34782608695652,"Continuous Presence","33.6-34.04",2
"Peltodoris nobilis",FALSE,FALSE,TRUE,0,313,9,0,108,17,0,"Northern Only Presence","33.6-34.04",2
"Pelvetiopsis arborescens/hybrida/limitata",TRUE,FALSE,TRUE,0,242,8,0,103,3166,0,"Avoidant","33.6-34.04",2
"Pelvetiopsis californica",TRUE,FALSE,TRUE,0,242,8,0,103,351,0,"Avoidant","33.6-34.04",2
"Petaloconchus montereyensis",FALSE,FALSE,TRUE,0,242,8,0,103,1,0,"Northern Only Presence","33.6-34.04",2
"Petrolisthes spp",TRUE,TRUE,TRUE,4,313,9,4,108,229,8.33333333333333,"Continuous Presence","33.6-34.04",2
"Petrospongium rugosum",TRUE,TRUE,TRUE,9,242,8,6,103,420,27.2727272727273,"Continuous Presence","33.6-34.04",2
"Phragmatopoma/Sabellaria spp",TRUE,TRUE,TRUE,14,242,8,7,103,3827,40.9090909090909,"Continuous Presence","33.6-34.04",2
"Phyllospadix scouleri/serrulatus",TRUE,TRUE,TRUE,1,242,8,1,103,5564,4.54545454545455,"Continuous Presence","33.6-34.04",2
"Phyllospadix torreyi",TRUE,TRUE,TRUE,9,242,8,4,103,9543,36.3636363636364,"Continuous Presence","33.6-34.04",2
"Pilayella littoralis",FALSE,FALSE,FALSE,0,242,8,0,103,0,0,"Absent","33.6-34.04",2
"Pisaster giganteus",TRUE,TRUE,TRUE,1,391,9,1,108,46,4.34782608695652,"Continuous Presence","33.6-34.04",2
"Pisaster ochraceus",TRUE,TRUE,TRUE,23,391,9,7,108,39106,47.8260869565217,"Continuous Presence","33.6-34.04",2
"Pista spp",TRUE,FALSE,TRUE,0,242,8,0,103,109,0,"Avoidant","33.6-34.04",2
"Placiphorella velata",FALSE,FALSE,TRUE,0,313,9,0,108,6,0,"Northern Only Presence","33.6-34.04",2
"Pleonosporium spp",FALSE,FALSE,FALSE,0,242,8,0,103,0,0,"Absent","33.6-34.04",2
"Plocamium oregonum",FALSE,FALSE,TRUE,0,242,8,0,103,2,0,"Northern Only Presence","33.6-34.04",2
"Plocamium pacificum",TRUE,TRUE,TRUE,8,242,8,5,103,828,31.8181818181818,"Continuous Presence","33.6-34.04",2
"Plocamium violaceum",TRUE,TRUE,TRUE,1,242,8,1,103,165,4.54545454545455,"Continuous Presence","33.6-34.04",2
"Pododesmus macrochisma",FALSE,FALSE,FALSE,0,242,8,0,103,0,0,"Absent","33.6-34.04",2
"Pollicipes polymerus",TRUE,TRUE,TRUE,11,242,8,4,103,1847,36.3636363636364,"Continuous Presence","33.6-34.04",2
"Polyneura latissima",FALSE,FALSE,TRUE,0,242,8,0,103,26,0,"Northern Only Presence","33.6-34.04",2
"Polysiphonia spp",TRUE,TRUE,TRUE,5,242,8,3,103,942,22.7272727272727,"Continuous Presence","33.6-34.04",2
"Potamilla occelata",TRUE,FALSE,FALSE,0,242,8,0,103,1,0,"Southern Only Presence","33.6-34.04",2
"Primavelans insculpta",FALSE,FALSE,FALSE,0,242,8,0,103,0,0,"Absent","33.6-34.04",2
"Prionitis filiformis",FALSE,FALSE,TRUE,0,242,8,0,103,2,0,"Northern Only Presence","33.6-34.04",2
"Prionitis lanceolata",TRUE,TRUE,TRUE,10,242,8,5,103,2212,27.2727272727273,"Continuous Presence","33.6-34.04",2
"Prionitis linearis",TRUE,FALSE,TRUE,0,242,8,0,103,8,0,"Avoidant","33.6-34.04",2
"Prionitis sternbergii",TRUE,TRUE,TRUE,1,242,8,1,103,237,4.54545454545455,"Continuous Presence","33.6-34.04",2
"Pseudochama exogyra",TRUE,TRUE,TRUE,1,242,8,1,103,278,4.54545454545455,"Continuous Presence","33.6-34.04",2
"Pseudolithoderma nigrum",TRUE,TRUE,TRUE,10,242,8,7,103,607,27.2727272727273,"Continuous Presence","33.6-34.04",2
"Pseudomelatoma penicillata",TRUE,TRUE,TRUE,1,313,9,1,108,4,4.16666666666667,"Continuous Presence","33.6-34.04",2
"Pseudomelatoma torosa",TRUE,FALSE,TRUE,0,313,9,0,108,16,0,"Avoidant","33.6-34.04",2
"Pseudopusula californiana",TRUE,FALSE,FALSE,0,313,9,0,108,1,0,"Southern Only Presence","33.6-34.04",2
"Pterocladiella capillacea",TRUE,TRUE,TRUE,8,242,8,5,103,1208,31.8181818181818,"Continuous Presence","33.6-34.04",2
"Pterocladiella media",TRUE,FALSE,TRUE,0,242,8,0,103,21,0,"Avoidant","33.6-34.04",2
"Pteropurpura trialata",TRUE,TRUE,FALSE,1,313,9,1,108,2,4.16666666666667,"Northern Range Edge","33.6-34.04",2
"Pterygophora californica",FALSE,FALSE,TRUE,0,242,8,0,103,26,0,"Northern Only Presence","33.6-34.04",2
"Pugettia foliata",FALSE,FALSE,FALSE,0,313,9,0,108,0,0,"Absent","33.6-34.04",2
"Pugettia gracilis/richii",TRUE,TRUE,TRUE,1,313,9,1,108,97,4.16666666666667,"Continuous Presence","33.6-34.04",2
"Pugettia producta",TRUE,TRUE,TRUE,5,313,9,4,108,541,12.5,"Continuous Presence","33.6-34.04",2
"Pycnogonida",TRUE,FALSE,TRUE,0,313,9,0,108,22,0,"Avoidant","33.6-34.04",2
"Pycnopodia helianthoides",FALSE,FALSE,TRUE,0,391,9,0,108,81,0,"Northern Only Presence","33.6-34.04",2
"Pyropia spp",TRUE,TRUE,TRUE,5,242,8,3,103,1718,22.7272727272727,"Continuous Presence","33.6-34.04",2
"Rhodymenia californica",TRUE,TRUE,TRUE,3,242,8,2,103,50,13.6363636363636,"Continuous Presence","33.6-34.04",2
"Rhodymenia pacifica",TRUE,TRUE,TRUE,2,242,8,1,103,44,9.09090909090909,"Continuous Presence","33.6-34.04",2
"Roperia poulsoni",TRUE,TRUE,TRUE,5,313,9,4,108,106,20.8333333333333,"Continuous Presence","33.6-34.04",2
"Saccharina latissima",FALSE,FALSE,FALSE,0,242,8,0,103,0,0,"Absent","33.6-34.04",2
"Sarcodiotheca gaudichaudii",TRUE,FALSE,TRUE,0,242,8,0,103,94,0,"Avoidant","33.6-34.04",2
"Sargassum agardhianum",TRUE,FALSE,TRUE,0,242,8,0,103,12,0,"Avoidant","33.6-34.04",2
"Sargassum horneri",TRUE,FALSE,FALSE,0,242,8,0,103,6,0,"Southern Only Presence","33.6-34.04",2
"Sargassum muticum",TRUE,TRUE,TRUE,8,242,8,5,103,1200,27.2727272727273,"Continuous Presence","33.6-34.04",2
"Sargassum palmeri",FALSE,FALSE,FALSE,0,242,8,0,103,0,0,"Absent","33.6-34.04",2
"Savoiea bipinnata",TRUE,TRUE,TRUE,1,242,8,1,103,358,4.54545454545455,"Continuous Presence","33.6-34.04",2
"Schizoporella unicornis",FALSE,FALSE,FALSE,0,242,8,0,103,0,0,"Absent","33.6-34.04",2
"Semibalanus cariosus",FALSE,FALSE,TRUE,0,242,8,0,103,508,0,"Northern Only Presence","33.6-34.04",2
"Serpula vermicularis",TRUE,TRUE,TRUE,2,242,8,2,103,15,9.09090909090909,"Continuous Presence","33.6-34.04",2
"Sertularella/Sertularia spp",FALSE,FALSE,TRUE,0,242,8,0,103,4,0,"Northern Only Presence","33.6-34.04",2
"Silvetia compressa",TRUE,TRUE,TRUE,5,242,8,3,103,6522,18.1818181818182,"Continuous Presence","33.6-34.04",2
"Siphonaria brannani",FALSE,FALSE,FALSE,0,313,9,0,108,0,0,"Absent","33.6-34.04",2
"Siphonaria thersites",FALSE,FALSE,FALSE,0,313,9,0,108,0,0,"Absent","33.6-34.04",2
"Sorella delicatula",FALSE,FALSE,FALSE,0,242,8,0,103,0,0,"Absent","33.6-34.04",2
"Sphacelaria californica",TRUE,FALSE,FALSE,0,242,8,0,103,12,0,"Southern Only Presence","33.6-34.04",2
"Spirobranchus spinosus",FALSE,FALSE,TRUE,0,242,8,0,103,2,0,"Northern Only Presence","33.6-34.04",2
"Spirorbis spp",TRUE,TRUE,TRUE,5,242,8,3,103,124,22.7272727272727,"Continuous Presence","33.6-34.04",2
"Spyridia filamentosa",TRUE,FALSE,FALSE,0,242,8,0,103,72,0,"Southern Only Presence","33.6-34.04",2
"Stenoplax conspicua",TRUE,TRUE,FALSE,1,313,9,1,108,34,4.16666666666667,"Northern Range Edge","33.6-34.04",2
"Stephanocystis dioica",TRUE,TRUE,TRUE,6,242,8,5,103,422,22.7272727272727,"Continuous Presence","33.6-34.04",2
"Stephanocystis osmundacea",TRUE,TRUE,TRUE,2,242,8,1,103,428,9.09090909090909,"Continuous Presence","33.6-34.04",2
"Strongylocentrotus droebachiensis",FALSE,FALSE,FALSE,0,313,9,0,108,0,0,"Absent","33.6-34.04",2
"Strongylocentrotus franciscanus",FALSE,FALSE,TRUE,0,313,9,0,108,25,0,"Northern Only Presence","33.6-34.04",2
"Strongylocentrotus purpuratus",TRUE,TRUE,TRUE,10,313,9,5,108,11680,25,"Continuous Presence","33.6-34.04",2
"Styela montereyensis",FALSE,FALSE,TRUE,0,242,8,0,103,6,0,"Northern Only Presence","33.6-34.04",2
"Symphyocladia dendroidea/Xiphosiphonia pennata",TRUE,TRUE,TRUE,5,242,8,3,103,343,22.7272727272727,"Continuous Presence","33.6-34.04",2
"Symphyocladiella baileyi",TRUE,TRUE,TRUE,2,242,8,1,103,48,9.09090909090909,"Continuous Presence","33.6-34.04",2
"Taonia lennebackerae",TRUE,FALSE,TRUE,0,242,8,0,103,20,0,"Avoidant","33.6-34.04",2
"Tectura paleacea",TRUE,FALSE,TRUE,0,313,9,0,108,202,0,"Avoidant","33.6-34.04",2
"Tegula aureotincta",TRUE,TRUE,TRUE,4,313,9,4,108,178,16.6666666666667,"Continuous Presence","33.6-34.04",2
"Tegula brunnea",FALSE,FALSE,TRUE,0,313,9,0,108,1356,0,"Northern Only Presence","33.6-34.04",2
"Tegula eiseni",TRUE,TRUE,TRUE,6,313,9,5,108,1955,16.6666666666667,"Continuous Presence","33.6-34.04",2
"Tegula funebralis/gallina",TRUE,TRUE,TRUE,18,313,9,8,108,83091,45.8333333333333,"Continuous Presence","33.6-34.04",2
"Tegula pulligo",FALSE,FALSE,FALSE,0,313,9,0,108,0,0,"Absent","33.6-34.04",2
"Tetraclita squamosa",TRUE,TRUE,TRUE,11,242,8,5,103,1055,31.8181818181818,"Continuous Presence","33.6-34.04",2
"Thylacodes squamigerus",TRUE,TRUE,TRUE,7,242,8,5,103,152,22.7272727272727,"Continuous Presence","33.6-34.04",2
"Tiffaniella snyderae",TRUE,TRUE,TRUE,5,242,8,3,103,206,22.7272727272727,"Continuous Presence","33.6-34.04",2
"Tonicella spp",TRUE,TRUE,TRUE,2,313,9,2,108,905,8.33333333333333,"Continuous Presence","33.6-34.04",2
"Trichotropis cancellata",FALSE,FALSE,FALSE,0,313,9,0,108,0,0,"Absent","33.6-34.04",2
"Ulothrix spp",FALSE,FALSE,TRUE,0,242,8,0,103,15,0,"Northern Only Presence","33.6-34.04",2
"Ulvophyceae",TRUE,TRUE,TRUE,14,242,8,8,103,5252,40.9090909090909,"Continuous Presence","33.6-34.04",2
"Urosalpinx subangulata",FALSE,FALSE,TRUE,0,313,9,0,108,15,0,"Northern Only Presence","33.6-34.04",2
"Urospora spp",TRUE,FALSE,FALSE,0,242,8,0,103,1,0,"Southern Only Presence","33.6-34.04",2
"Urticina coriacea",FALSE,FALSE,TRUE,0,242,8,0,103,7,0,"Northern Only Presence","33.6-34.04",2
"Verrucaria maura",FALSE,FALSE,FALSE,0,242,8,0,103,0,0,"Absent","33.6-34.04",2
"Xingyurella turgida",FALSE,FALSE,TRUE,0,242,8,0,103,1,0,"Northern Only Presence","33.6-34.04",2
"Zonaria farlowii",TRUE,TRUE,TRUE,2,242,8,1,103,81,9.09090909090909,"Continuous Presence","33.6-34.04",2
"Zostera spp",FALSE,FALSE,FALSE,0,242,8,0,103,0,0,"Absent","33.6-34.04",2
"Abietinaria/Amphisbetia spp",FALSE,FALSE,TRUE,0,242,4,0,103,9,0,"Northern Only Presence","34.04-34.36",3
"Acanthinucella paucilirata",FALSE,FALSE,TRUE,0,313,4,0,108,4,0,"Northern Only Presence","34.04-34.36",3
"Acanthinucella spp",TRUE,TRUE,TRUE,4,313,4,2,108,2214,16.6666666666667,"Continuous Presence","34.04-34.36",3
"Acmaea mitra",FALSE,FALSE,TRUE,0,313,4,0,108,141,0,"Northern Only Presence","34.04-34.36",3
"Acrosiphonia/Cladophora spp",TRUE,FALSE,TRUE,0,242,4,0,103,175,0,"Avoidant","34.04-34.36",3
"Acrosorium ciliolatum",TRUE,FALSE,TRUE,0,242,4,0,103,143,0,"Avoidant","34.04-34.36",3
"Aeolidia papillosa",FALSE,FALSE,TRUE,0,313,4,0,108,3,0,"Northern Only Presence","34.04-34.36",3
"Aglaophenia spp",FALSE,FALSE,TRUE,0,242,4,0,103,18,0,"Northern Only Presence","34.04-34.36",3
"Ahnfeltia fastigiata",TRUE,FALSE,TRUE,0,242,4,0,103,117,0,"Avoidant","34.04-34.36",3
"Ahnfeltiopsis linearis",FALSE,FALSE,TRUE,0,242,4,0,103,56,0,"Northern Only Presence","34.04-34.36",3
"Alaria marginata",FALSE,FALSE,TRUE,0,242,4,0,103,1018,0,"Northern Only Presence","34.04-34.36",3
"Alia spp",TRUE,TRUE,TRUE,1,313,4,1,108,1445,4.16666666666667,"Continuous Presence","34.04-34.36",3
"Amphiroa beauvoisii",TRUE,FALSE,FALSE,0,242,4,0,103,2,0,"Southern Only Presence","34.04-34.36",3
"Amphissa columbiana",FALSE,FALSE,TRUE,0,313,4,0,108,31,0,"Northern Only Presence","34.04-34.36",3
"Amphissa versicolor",TRUE,FALSE,TRUE,0,313,4,0,108,299,0,"Avoidant","34.04-34.36",3
"Analipus japonicus",FALSE,FALSE,TRUE,0,242,4,0,103,379,0,"Northern Only Presence","34.04-34.36",3
"Anisocladella pacifica",TRUE,FALSE,TRUE,0,242,4,0,103,4,0,"Avoidant","34.04-34.36",3
"Anthopleura artemisia",FALSE,FALSE,TRUE,0,242,4,0,103,3,0,"Northern Only Presence","34.04-34.36",3
"Anthopleura elegantissima",TRUE,TRUE,TRUE,9,242,4,4,103,5148,36.3636363636364,"Continuous Presence","34.04-34.36",3
"Anthopleura sola",TRUE,TRUE,TRUE,9,242,4,4,103,2460,36.3636363636364,"Continuous Presence","34.04-34.36",3
"Anthopleura xanthogrammica",TRUE,TRUE,TRUE,5,242,4,2,103,791,22.7272727272727,"Continuous Presence","34.04-34.36",3
"Antithamnionella spp",FALSE,FALSE,FALSE,0,242,4,0,103,0,0,"Absent","34.04-34.36",3
"Aplidium spp",TRUE,FALSE,TRUE,0,242,4,0,103,73,0,"Avoidant","34.04-34.36",3
"Aplysia californica",TRUE,FALSE,TRUE,0,313,4,0,108,11,0,"Avoidant","34.04-34.36",3
"Asparagopsis taxiformis",TRUE,FALSE,FALSE,0,242,4,0,103,97,0,"Southern Only Presence","34.04-34.36",3
"Atrimitra idae",FALSE,FALSE,FALSE,0,313,4,0,108,0,0,"Absent","34.04-34.36",3
"Balanus crenatus",FALSE,FALSE,TRUE,0,242,4,0,103,1,0,"Northern Only Presence","34.04-34.36",3
"Balanus glandula",TRUE,TRUE,TRUE,9,242,4,4,103,5046,36.3636363636364,"Continuous Presence","34.04-34.36",3
"Balanus glandula/Semibalanus balanoides",FALSE,FALSE,FALSE,0,242,4,0,103,0,0,"Absent","34.04-34.36",3
"Balanus nubilus",FALSE,FALSE,TRUE,0,242,4,0,103,6,0,"Northern Only Presence","34.04-34.36",3
"Bangia spp",TRUE,TRUE,TRUE,2,242,4,2,103,63,9.09090909090909,"Continuous Presence","34.04-34.36",3
"Besa leptophylla",TRUE,FALSE,TRUE,0,242,4,0,103,41,0,"Avoidant","34.04-34.36",3
"Bittium eschrichtii",TRUE,FALSE,TRUE,0,313,4,0,108,898,0,"Avoidant","34.04-34.36",3
"Boring clam",TRUE,FALSE,TRUE,0,242,4,0,103,12,0,"Avoidant","34.04-34.36",3
"Bossiella spp",TRUE,TRUE,TRUE,1,242,4,1,103,1442,4.54545454545455,"Continuous Presence","34.04-34.36",3
"Bryopsis spp",TRUE,FALSE,TRUE,0,242,4,0,103,12,0,"Avoidant","34.04-34.36",3
"Bugula neritina",TRUE,FALSE,TRUE,0,242,4,0,103,18,0,"Avoidant","34.04-34.36",3
"Californiconus californicus",TRUE,TRUE,TRUE,1,313,4,1,108,217,4.16666666666667,"Continuous Presence","34.04-34.36",3
"Calliarthron spp",TRUE,FALSE,TRUE,0,242,4,0,103,1229,0,"Avoidant","34.04-34.36",3
"Calliostoma annulatum",FALSE,FALSE,TRUE,0,313,4,0,108,5,0,"Northern Only Presence","34.04-34.36",3
"Calliostoma canaliculatum",FALSE,FALSE,TRUE,0,313,4,0,108,25,0,"Northern Only Presence","34.04-34.36",3
"Calliostoma ligatum",FALSE,FALSE,TRUE,0,313,4,0,108,90,0,"Northern Only Presence","34.04-34.36",3
"Calliostoma supragranosum",FALSE,FALSE,TRUE,0,313,4,0,108,1,0,"Northern Only Presence","34.04-34.36",3
"Callithamnion pikeanum",TRUE,FALSE,TRUE,0,242,4,0,103,330,0,"Avoidant","34.04-34.36",3
"Callithamnion rupicola",TRUE,FALSE,TRUE,0,242,4,0,103,2,0,"Avoidant","34.04-34.36",3
"Callophyllis spp",TRUE,FALSE,TRUE,0,242,4,0,103,68,0,"Avoidant","34.04-34.36",3
"Cancer antennaria",TRUE,TRUE,TRUE,1,313,4,1,108,55,4.16666666666667,"Continuous Presence","34.04-34.36",3
"Cancer oregonensis",FALSE,TRUE,TRUE,1,313,4,1,108,3,4.16666666666667,"Southern Range Edge","34.04-34.36",3
"Cancer productus",FALSE,FALSE,TRUE,0,313,4,0,108,1,0,"Northern Only Presence","34.04-34.36",3
"Carpopeltis bushiae",FALSE,FALSE,FALSE,0,242,4,0,103,0,0,"Absent","34.04-34.36",3
"Caulacanthus okamurae",TRUE,FALSE,TRUE,0,242,4,0,103,1831,0,"Avoidant","34.04-34.36",3
"Ceratostoma foliatum",TRUE,FALSE,TRUE,0,313,4,0,108,5,0,"Avoidant","34.04-34.36",3
"Ceratostoma nuttalli",TRUE,FALSE,TRUE,0,313,4,0,108,46,0,"Avoidant","34.04-34.36",3
"Cerithiopsis spp",TRUE,FALSE,FALSE,0,313,4,0,108,2,0,"Southern Only Presence","34.04-34.36",3
"Chaetomorpha spp",TRUE,TRUE,TRUE,4,242,4,2,103,148,18.1818181818182,"Continuous Presence","34.04-34.36",3
"Chondracanthus canaliculatus",TRUE,TRUE,TRUE,6,242,4,3,103,5926,27.2727272727273,"Continuous Presence","34.04-34.36",3
"Chondracanthus corymbiferus/exaspertata",TRUE,FALSE,TRUE,0,242,4,0,103,74,0,"Avoidant","34.04-34.36",3
"Chondracanthus harveyanus",FALSE,FALSE,TRUE,0,242,4,0,103,5,0,"Northern Only Presence","34.04-34.36",3
"Chondracanthus spinosus",TRUE,FALSE,TRUE,0,242,4,0,103,42,0,"Avoidant","34.04-34.36",3
"Chondria acrorhizophora",TRUE,FALSE,FALSE,0,242,4,0,103,21,0,"Southern Only Presence","34.04-34.36",3
"Chondria arcuata",TRUE,FALSE,TRUE,0,242,4,0,103,16,0,"Avoidant","34.04-34.36",3
"Chondria dasyphylla",TRUE,FALSE,TRUE,0,242,4,0,103,16,0,"Avoidant","34.04-34.36",3
"Chondria decipiens",TRUE,FALSE,TRUE,0,242,4,0,103,25,0,"Avoidant","34.04-34.36",3
"Chondria nidifica",TRUE,FALSE,TRUE,0,242,4,0,103,157,0,"Avoidant","34.04-34.36",3
"Chondria oppositiclada",TRUE,FALSE,FALSE,0,242,4,0,103,23,0,"Southern Only Presence","34.04-34.36",3
"Chone minuta",FALSE,FALSE,TRUE,0,242,4,0,103,88,0,"Northern Only Presence","34.04-34.36",3
"Chthamalus dalli/fissus",TRUE,TRUE,TRUE,9,242,4,4,103,17343,36.3636363636364,"Continuous Presence","34.04-34.36",3
"Cirolana spp/Gnorimosphaeroma oregonense",FALSE,FALSE,TRUE,0,313,4,0,108,82,0,"Northern Only Presence","34.04-34.36",3
"Cladophora columbiana",TRUE,TRUE,TRUE,3,242,4,2,103,1559,13.6363636363636,"Continuous Presence","34.04-34.36",3
"Cladophora graminea",TRUE,FALSE,TRUE,0,242,4,0,103,6,0,"Avoidant","34.04-34.36",3
"Clavelina huntsmani",FALSE,FALSE,TRUE,0,242,4,0,103,4,0,"Northern Only Presence","34.04-34.36",3
"Codium fragile",TRUE,FALSE,TRUE,0,242,4,0,103,51,0,"Avoidant","34.04-34.36",3
"Codium setchellii",FALSE,FALSE,TRUE,0,242,4,0,103,19,0,"Northern Only Presence","34.04-34.36",3
"Colonial diatom",TRUE,TRUE,TRUE,1,242,4,1,103,75,4.54545454545455,"Continuous Presence","34.04-34.36",3
"Colpomenia/Leathesia spp",TRUE,FALSE,TRUE,0,242,4,0,103,184,0,"Avoidant","34.04-34.36",3
"Constantinea simplex",FALSE,FALSE,TRUE,0,242,4,0,103,109,0,"Northern Only Presence","34.04-34.36",3
"Corallina spp",TRUE,TRUE,TRUE,7,242,4,4,103,18213,31.8181818181818,"Continuous Presence","34.04-34.36",3
"Corynactis californica",FALSE,FALSE,FALSE,0,242,4,0,103,0,0,"Absent","34.04-34.36",3
"Costaria costata",FALSE,FALSE,TRUE,0,242,4,0,103,93,0,"Northern Only Presence","34.04-34.36",3
"Crangon spp",TRUE,FALSE,TRUE,0,313,4,0,108,10,0,"Avoidant","34.04-34.36",3
"Crepipatella lingulata",TRUE,TRUE,TRUE,1,313,4,1,108,11,4.16666666666667,"Continuous Presence","34.04-34.36",3
"Cryptochiton stelleri",FALSE,FALSE,TRUE,0,391,4,0,108,236,0,"Northern Only Presence","34.04-34.36",3
"Cryptolithodes sitchensis",FALSE,FALSE,TRUE,0,313,4,0,108,5,0,"Northern Only Presence","34.04-34.36",3
"Cryptopleura/Hymenena spp",TRUE,TRUE,TRUE,2,242,4,1,103,3622,9.09090909090909,"Continuous Presence","34.04-34.36",3
"Cryptosiphonia woodii",FALSE,FALSE,TRUE,0,242,4,0,103,922,0,"Northern Only Presence","34.04-34.36",3
"Cucumaria miniata",FALSE,FALSE,FALSE,0,313,4,0,108,0,0,"Absent","34.04-34.36",3
"Cucumaria/Pseudocnus spp",FALSE,FALSE,TRUE,0,313,4,0,108,573,0,"Northern Only Presence","34.04-34.36",3
"Cumagloia andersonii",FALSE,FALSE,TRUE,0,242,4,0,103,25,0,"Northern Only Presence","34.04-34.36",3
"Cyanoplax hartwegii",TRUE,TRUE,TRUE,8,313,4,4,108,1890,25,"Continuous Presence","34.04-34.36",3
"Cyanoplax spp",TRUE,TRUE,TRUE,4,313,4,2,108,1882,16.6666666666667,"Continuous Presence","34.04-34.36",3
"Dasya binghamiae",TRUE,FALSE,TRUE,0,242,4,0,103,18,0,"Avoidant","34.04-34.36",3
"Dasysiphonia japonica",TRUE,FALSE,FALSE,0,242,4,0,103,1,0,"Southern Only Presence","34.04-34.36",3
"Delesseria decipiens",FALSE,FALSE,TRUE,0,242,4,0,103,5,0,"Northern Only Presence","34.04-34.36",3
"Dendrobeania lichenoides",FALSE,FALSE,FALSE,0,242,4,0,103,0,0,"Absent","34.04-34.36",3
"Dendronotus subramosus",FALSE,FALSE,TRUE,0,313,4,0,108,1,0,"Northern Only Presence","34.04-34.36",3
"Dendropoma lituella",FALSE,FALSE,FALSE,0,242,4,0,103,0,0,"Absent","34.04-34.36",3
"Derbesia marina",FALSE,FALSE,TRUE,0,242,4,0,103,12,0,"Northern Only Presence","34.04-34.36",3
"Dermasterias imbricata",FALSE,FALSE,TRUE,0,391,4,0,108,683,0,"Northern Only Presence","34.04-34.36",3
"Desmarestia ligulata",FALSE,FALSE,TRUE,0,242,4,0,103,121,0,"Northern Only Presence","34.04-34.36",3
"Diaperoecia californica",FALSE,FALSE,FALSE,0,242,4,0,103,0,0,"Absent","34.04-34.36",3
"Diaulula sandiegensis",TRUE,TRUE,TRUE,1,313,4,1,108,12,4.16666666666667,"Continuous Presence","34.04-34.36",3
"Dictyoneurum californicum",FALSE,FALSE,TRUE,0,242,4,0,103,12,0,"Northern Only Presence","34.04-34.36",3
"Dictyopteris undulata",TRUE,FALSE,FALSE,0,242,4,0,103,22,0,"Southern Only Presence","34.04-34.36",3
"Dictyota binghamiae",TRUE,FALSE,FALSE,0,242,4,0,103,4,0,"Southern Only Presence","34.04-34.36",3
"Dictyota coriacea",TRUE,FALSE,TRUE,0,242,4,0,103,138,0,"Avoidant","34.04-34.36",3
"Dilsea californica",FALSE,FALSE,TRUE,0,242,4,0,103,447,0,"Northern Only Presence","34.04-34.36",3
"Diodora aspera",FALSE,FALSE,TRUE,0,313,4,0,108,11,0,"Northern Only Presence","34.04-34.36",3
"Dirona albolineata",FALSE,FALSE,TRUE,0,313,4,0,108,2,0,"Northern Only Presence","34.04-34.36",3
"Discurria insessa",TRUE,FALSE,TRUE,0,313,4,0,108,120,0,"Avoidant","34.04-34.36",3
"Distaplia occidentalis",FALSE,FALSE,TRUE,0,242,4,0,103,9,0,"Northern Only Presence","34.04-34.36",3
"Dodecaceria spp",TRUE,TRUE,TRUE,1,242,4,1,103,239,4.54545454545455,"Continuous Presence","34.04-34.36",3
"Doris montereyensis",FALSE,FALSE,TRUE,0,313,4,0,108,3,0,"Northern Only Presence","34.04-34.36",3
"Ectocarpus spp",TRUE,FALSE,FALSE,0,242,4,0,103,2,0,"Southern Only Presence","34.04-34.36",3
"Egregia menziesii",TRUE,TRUE,TRUE,8,242,4,4,103,5494,31.8181818181818,"Continuous Presence","34.04-34.36",3
"Eisenia arborea",TRUE,FALSE,TRUE,0,242,4,0,103,141,0,"Avoidant","34.04-34.36",3
"Encrusting coralline",TRUE,TRUE,TRUE,9,242,4,4,103,8084,36.3636363636364,"Continuous Presence","34.04-34.36",3
"Endarachne/Petalonia/Phaeostrophion spp",TRUE,TRUE,TRUE,6,242,4,4,103,381,22.7272727272727,"Continuous Presence","34.04-34.36",3
"Endocladia muricata",TRUE,TRUE,TRUE,5,242,4,3,103,14318,22.7272727272727,"Continuous Presence","34.04-34.36",3
"Endoplura aurea",FALSE,FALSE,FALSE,0,242,4,0,103,0,0,"Absent","34.04-34.36",3
"Epiactis prolifera",FALSE,FALSE,TRUE,0,242,4,0,103,5,0,"Northern Only Presence","34.04-34.36",3
"Epitonium tinctum",TRUE,TRUE,TRUE,3,313,4,2,108,388,12.5,"Continuous Presence","34.04-34.36",3
"Erythroglossum californicum",TRUE,TRUE,TRUE,1,242,4,1,103,48,4.54545454545455,"Continuous Presence","34.04-34.36",3
"Erythrophyllum delesserioides",TRUE,FALSE,TRUE,0,242,4,0,103,222,0,"Avoidant","34.04-34.36",3
"Eudendrium californicum",FALSE,FALSE,TRUE,0,242,4,0,103,2,0,"Northern Only Presence","34.04-34.36",3
"Eudistoma psammion",TRUE,FALSE,TRUE,0,242,4,0,103,45,0,"Avoidant","34.04-34.36",3
"Eudistoma ritteri",FALSE,FALSE,TRUE,0,242,4,0,103,4,0,"Northern Only Presence","34.04-34.36",3
"Eudistylia polymorpha",FALSE,FALSE,FALSE,0,242,4,0,103,0,0,"Absent","34.04-34.36",3
"Eupentacta spp",FALSE,FALSE,TRUE,0,313,4,0,108,11,0,"Northern Only Presence","34.04-34.36",3
"Eurystomella bilabiata",TRUE,FALSE,TRUE,0,242,4,0,103,29,0,"Avoidant","34.04-34.36",3
"Evasterias troschelii",FALSE,FALSE,FALSE,0,391,4,0,108,0,0,"Absent","34.04-34.36",3
"Farlowia compressa",FALSE,FALSE,TRUE,0,242,4,0,103,3,0,"Northern Only Presence","34.04-34.36",3
"Farlowia mollis",FALSE,FALSE,TRUE,0,242,4,0,103,17,0,"Northern Only Presence","34.04-34.36",3
"Farlowia/Pikea spp",TRUE,FALSE,TRUE,0,242,4,0,103,93,0,"Avoidant","34.04-34.36",3
"Fissurella volcano",TRUE,TRUE,TRUE,7,313,4,4,108,4909,25,"Continuous Presence","34.04-34.36",3
"Fissurellidea bimaculata",TRUE,FALSE,TRUE,0,313,4,0,108,5,0,"Avoidant","34.04-34.36",3
"Flustrellidra corniculata",FALSE,FALSE,TRUE,0,242,4,0,103,4,0,"Northern Only Presence","34.04-34.36",3
"Fredericqia chiton",TRUE,FALSE,FALSE,0,242,4,0,103,1,0,"Southern Only Presence","34.04-34.36",3
"Fucus spp",FALSE,FALSE,TRUE,0,242,4,0,103,3137,0,"Northern Only Presence","34.04-34.36",3
"Gastroclonium parvum",TRUE,FALSE,TRUE,0,242,4,0,103,162,0,"Avoidant","34.04-34.36",3
"Gelidium purpurascens",TRUE,FALSE,TRUE,0,242,4,0,103,43,0,"Avoidant","34.04-34.36",3
"Gelidium robustum",TRUE,FALSE,TRUE,0,242,4,0,103,128,0,"Avoidant","34.04-34.36",3
"Gelidium spp",TRUE,TRUE,TRUE,3,242,4,3,103,4262,13.6363636363636,"Continuous Presence","34.04-34.36",3
"Gloiopeltis furcata",TRUE,FALSE,TRUE,0,242,4,0,103,69,0,"Avoidant","34.04-34.36",3
"Gloiosiphonia californica",FALSE,FALSE,TRUE,0,242,4,0,103,4,0,"Northern Only Presence","34.04-34.36",3
"Gracilariopsis/Gracilaria spp",TRUE,FALSE,TRUE,0,242,4,0,103,423,0,"Avoidant","34.04-34.36",3
"Grateloupia angusta",TRUE,FALSE,FALSE,0,242,4,0,103,2,0,"Southern Only Presence","34.04-34.36",3
"Grateloupia californica",TRUE,FALSE,TRUE,0,242,4,0,103,139,0,"Avoidant","34.04-34.36",3
"Grateloupia cornea",TRUE,FALSE,FALSE,0,242,4,0,103,4,0,"Southern Only Presence","34.04-34.36",3
"Halichondria panicea",FALSE,FALSE,TRUE,0,242,4,0,103,5,0,"Northern Only Presence","34.04-34.36",3
"Halichondria spp",FALSE,FALSE,TRUE,0,242,4,0,103,57,0,"Northern Only Presence","34.04-34.36",3
"Haliclona spp",TRUE,FALSE,TRUE,0,242,4,0,103,60,0,"Avoidant","34.04-34.36",3
"Halosaccion glandiforme",FALSE,FALSE,TRUE,0,242,4,0,103,769,0,"Northern Only Presence","34.04-34.36",3
"Halymenia/Schizymenia spp",FALSE,FALSE,TRUE,0,242,4,0,103,221,0,"Northern Only Presence","34.04-34.36",3
"Haminoea vesicula",TRUE,FALSE,FALSE,0,313,4,0,108,13,0,"Southern Only Presence","34.04-34.36",3
"Haminoea virescens",TRUE,FALSE,FALSE,0,313,4,0,108,12,0,"Southern Only Presence","34.04-34.36",3
"Hapalospongidion gelatinosum",FALSE,FALSE,FALSE,0,242,4,0,103,0,0,"Absent","34.04-34.36",3
"Haplogloia andersonii",FALSE,FALSE,TRUE,0,242,4,0,103,11,0,"Northern Only Presence","34.04-34.36",3
"Hapterophycus canaliculatus",TRUE,FALSE,TRUE,0,242,4,0,103,93,0,"Avoidant","34.04-34.36",3
"Hedophyllum sessile",FALSE,FALSE,TRUE,0,242,4,0,103,720,0,"Northern Only Presence","34.04-34.36",3
"Heliaster kubiniji",FALSE,FALSE,FALSE,0,391,4,0,108,0,0,"Absent","34.04-34.36",3
"Hemigrapsus nudus",TRUE,FALSE,TRUE,0,313,4,0,108,66,0,"Avoidant","34.04-34.36",3
"Hemigrapsus oregonensis",FALSE,FALSE,TRUE,0,313,4,0,108,1,0,"Northern Only Presence","34.04-34.36",3
"Henricia spp",FALSE,FALSE,TRUE,0,391,4,0,108,446,0,"Northern Only Presence","34.04-34.36",3
"Hermissenda crassicornis",TRUE,FALSE,TRUE,0,313,4,0,108,32,0,"Avoidant","34.04-34.36",3
"Herposiphonia littoralis",TRUE,FALSE,FALSE,0,242,4,0,103,9,0,"Southern Only Presence","34.04-34.36",3
"Herposiphonia plumula",FALSE,FALSE,FALSE,0,242,4,0,103,0,0,"Absent","34.04-34.36",3
"Herposiphonia verticillata",TRUE,FALSE,TRUE,0,242,4,0,103,15,0,"Avoidant","34.04-34.36",3
"Homalopoma spp",TRUE,FALSE,TRUE,0,313,4,0,108,191,0,"Avoidant","34.04-34.36",3
"Hypnea johnstonii",TRUE,FALSE,FALSE,0,242,4,0,103,12,0,"Southern Only Presence","34.04-34.36",3
"Hypnea valentiae",TRUE,FALSE,FALSE,0,242,4,0,103,164,0,"Southern Only Presence","34.04-34.36",3
"Hypnea variabilis",TRUE,FALSE,FALSE,0,242,4,0,103,5,0,"Southern Only Presence","34.04-34.36",3
"Idotea spp",TRUE,TRUE,TRUE,2,313,4,2,108,837,4.16666666666667,"Continuous Presence","34.04-34.36",3
"Jania rosea",TRUE,FALSE,FALSE,0,242,4,0,103,88,0,"Southern Only Presence","34.04-34.36",3
"Jania tenella",TRUE,FALSE,FALSE,0,242,4,0,103,13,0,"Southern Only Presence","34.04-34.36",3
"Jania verrucosa",TRUE,FALSE,FALSE,0,242,4,0,103,531,0,"Southern Only Presence","34.04-34.36",3
"Johansenia macmillanii",FALSE,FALSE,TRUE,0,242,4,0,103,4,0,"Northern Only Presence","34.04-34.36",3
"Katharina tunicata",FALSE,FALSE,TRUE,0,313,4,0,108,555,0,"Northern Only Presence","34.04-34.36",3
"Kelletia kelletii",TRUE,FALSE,FALSE,0,313,4,0,108,9,0,"Southern Only Presence","34.04-34.36",3
"Lacuna spp",TRUE,TRUE,TRUE,1,313,4,1,108,18119,4.16666666666667,"Continuous Presence","34.04-34.36",3
"Laminaria ephemera",FALSE,FALSE,TRUE,0,242,4,0,103,4,0,"Northern Only Presence","34.04-34.36",3
"Laminaria farlowii",TRUE,FALSE,FALSE,0,242,4,0,103,1,0,"Southern Only Presence","34.04-34.36",3
"Laminaria setchellii",FALSE,FALSE,TRUE,0,242,4,0,103,553,0,"Northern Only Presence","34.04-34.36",3
"Laminaria sinclairii",FALSE,FALSE,TRUE,0,242,4,0,103,252,0,"Northern Only Presence","34.04-34.36",3
"Laurencia pacifica/masonii",TRUE,TRUE,TRUE,2,242,4,1,103,462,9.09090909090909,"Continuous Presence","34.04-34.36",3
"Laurencia spp",TRUE,FALSE,TRUE,0,242,4,0,103,15,0,"Avoidant","34.04-34.36",3
"Lepidozona spp",TRUE,FALSE,TRUE,0,313,4,0,108,127,0,"Avoidant","34.04-34.36",3
"Leptasterias spp",TRUE,FALSE,TRUE,0,313,4,0,108,1995,0,"Avoidant","34.04-34.36",3
"Lessoniopsis littoralis",FALSE,FALSE,TRUE,0,242,4,0,103,10,0,"Northern Only Presence","34.04-34.36",3
"Ligia spp",TRUE,TRUE,TRUE,1,313,4,1,108,32,4.16666666666667,"Continuous Presence","34.04-34.36",3
"Limacia cockerelli",TRUE,FALSE,FALSE,0,313,4,0,108,2,0,"Southern Only Presence","34.04-34.36",3
"Linckia columbiae",FALSE,FALSE,FALSE,0,391,4,0,108,0,0,"Absent","34.04-34.36",3
"Lirabuccinum dirum",FALSE,FALSE,TRUE,0,313,4,0,108,133,0,"Northern Only Presence","34.04-34.36",3
"Lirularia/Margarites spp",TRUE,FALSE,TRUE,0,313,4,0,108,396,0,"Avoidant","34.04-34.36",3
"Lithophyllum/Lithothamnion spp",TRUE,FALSE,TRUE,0,242,4,0,103,159,0,"Avoidant","34.04-34.36",3
"Lithothrix aspergillum",TRUE,FALSE,TRUE,0,242,4,0,103,1542,0,"Avoidant","34.04-34.36",3
"Littorina spp.",TRUE,TRUE,TRUE,13,313,4,4,108,737668,37.5,"Continuous Presence","34.04-34.36",3
"Lomentaria hakodatensis",TRUE,FALSE,FALSE,0,242,4,0,103,250,0,"Southern Only Presence","34.04-34.36",3
"Lottia asmi",FALSE,FALSE,TRUE,0,313,4,0,108,357,0,"Northern Only Presence","34.04-34.36",3
"Lottia austrodigitalis/digitalis",TRUE,TRUE,TRUE,13,313,4,4,108,70520,37.5,"Continuous Presence","34.04-34.36",3
"Lottia fenestrata",TRUE,FALSE,TRUE,0,313,4,0,108,1030,0,"Avoidant","34.04-34.36",3
"Lottia instabilis",TRUE,FALSE,TRUE,0,313,4,0,108,229,0,"Avoidant","34.04-34.36",3
"Lottia limatula",TRUE,TRUE,TRUE,7,313,4,3,108,3715,20.8333333333333,"Continuous Presence","34.04-34.36",3
"Lottia paradigitalis/strigatella",TRUE,TRUE,TRUE,13,313,4,4,108,87755,37.5,"Continuous Presence","34.04-34.36",3
"Lottia pelta",TRUE,TRUE,TRUE,12,313,4,4,108,14378,33.3333333333333,"Continuous Presence","34.04-34.36",3
"Lottia persona",TRUE,FALSE,TRUE,0,313,4,0,108,82,0,"Avoidant","34.04-34.36",3
"Lottia polyfacies",TRUE,FALSE,FALSE,0,313,4,0,108,37,0,"Southern Only Presence","34.04-34.36",3
"Lottia scabra/conus",TRUE,TRUE,TRUE,13,313,4,4,108,120485,37.5,"Continuous Presence","34.04-34.36",3
"Lottia scutum",TRUE,TRUE,TRUE,2,313,4,2,108,2814,8.33333333333333,"Continuous Presence","34.04-34.36",3
"Macrocystis pyrifera",TRUE,FALSE,TRUE,0,242,4,0,103,74,0,"Avoidant","34.04-34.36",3
"Macron lividus",TRUE,FALSE,FALSE,0,313,4,0,108,145,0,"Southern Only Presence","34.04-34.36",3
"Mastocarpus spp",TRUE,TRUE,TRUE,3,242,4,2,103,12690,13.6363636363636,"Continuous Presence","34.04-34.36",3
"Maxwellia gemma",TRUE,FALSE,FALSE,0,313,4,0,108,5,0,"Southern Only Presence","34.04-34.36",3
"Mazzaella affinis",TRUE,TRUE,TRUE,2,242,4,1,103,821,9.09090909090909,"Continuous Presence","34.04-34.36",3
"Mazzaella flaccida/oregona/splendens",TRUE,FALSE,TRUE,0,242,4,0,103,11621,0,"Avoidant","34.04-34.36",3
"Mazzaella leptorhynchos",TRUE,TRUE,TRUE,2,242,4,1,103,455,9.09090909090909,"Continuous Presence","34.04-34.36",3
"Mazzaella linearis",FALSE,FALSE,TRUE,0,242,4,0,103,87,0,"Northern Only Presence","34.04-34.36",3
"Mazzaella parksii",FALSE,FALSE,TRUE,0,242,4,0,103,115,0,"Northern Only Presence","34.04-34.36",3
"Mazzaella phyllocarpa",FALSE,FALSE,FALSE,0,242,4,0,103,0,0,"Absent","34.04-34.36",3
"Mazzaella volans",TRUE,FALSE,TRUE,0,242,4,0,103,23,0,"Avoidant","34.04-34.36",3
"Megabalanus californicus",TRUE,FALSE,TRUE,0,242,4,0,103,3,0,"Avoidant","34.04-34.36",3
"Megastraea undosa",TRUE,FALSE,FALSE,0,313,4,0,108,10,0,"Southern Only Presence","34.04-34.36",3
"Melanosiphon/Scytosiphon spp",TRUE,TRUE,TRUE,1,242,4,1,103,208,4.54545454545455,"Continuous Presence","34.04-34.36",3
"Membranipora spp",TRUE,FALSE,TRUE,0,242,4,0,103,5,0,"Avoidant","34.04-34.36",3
"Metridium senile",FALSE,FALSE,FALSE,0,242,4,0,103,0,0,"Absent","34.04-34.36",3
"Mexacanthina lugubris",TRUE,FALSE,FALSE,0,313,4,0,108,253,0,"Southern Only Presence","34.04-34.36",3
"Microcladia borealis",TRUE,FALSE,TRUE,0,242,4,0,103,835,0,"Avoidant","34.04-34.36",3
"Microcladia coulteri",FALSE,FALSE,TRUE,0,242,4,0,103,18,0,"Northern Only Presence","34.04-34.36",3
"Mopalia spp",TRUE,TRUE,TRUE,10,313,4,4,108,1201,29.1666666666667,"Continuous Presence","34.04-34.36",3
"Mytilisepta/Brachidontes spp",TRUE,TRUE,TRUE,6,242,4,3,103,243,27.2727272727273,"Continuous Presence","34.04-34.36",3
"Mytilus californianus",TRUE,TRUE,TRUE,9,242,4,4,103,25035,36.3636363636364,"Continuous Presence","34.04-34.36",3
"Mytilus trossulus/galloprovincialis/edulis",TRUE,TRUE,TRUE,1,242,4,1,103,126,4.54545454545455,"Continuous Presence","34.04-34.36",3
"Navanax inermis",TRUE,FALSE,FALSE,0,313,4,0,108,4,0,"Southern Only Presence","34.04-34.36",3
"Nemalion elminthoides",TRUE,FALSE,TRUE,0,242,4,0,103,5,0,"Avoidant","34.04-34.36",3
"Neogastroclonium subarticulatum",TRUE,TRUE,TRUE,2,242,4,2,103,1776,9.09090909090909,"Continuous Presence","34.04-34.36",3
"Neoptilota/Ptilota spp",FALSE,FALSE,TRUE,0,242,4,0,103,293,0,"Northern Only Presence","34.04-34.36",3
"Neorhodomela larix",FALSE,FALSE,TRUE,0,242,4,0,103,2604,0,"Northern Only Presence","34.04-34.36",3
"Neorhodomela oregona",FALSE,FALSE,TRUE,0,242,4,0,103,392,0,"Northern Only Presence","34.04-34.36",3
"Nereocystis luetkeana",FALSE,FALSE,TRUE,0,242,4,0,103,40,0,"Northern Only Presence","34.04-34.36",3
"Nienburgia andersoniana",TRUE,FALSE,TRUE,0,242,4,0,103,135,0,"Avoidant","34.04-34.36",3
"Non Coralline crust",TRUE,TRUE,TRUE,9,242,4,4,103,15090,36.3636363636364,"Continuous Presence","34.04-34.36",3
"Norrisia norrisii",TRUE,FALSE,TRUE,0,313,4,0,108,12,0,"Avoidant","34.04-34.36",3
"Nucella canaliculata",TRUE,TRUE,TRUE,1,313,4,1,108,703,4.16666666666667,"Continuous Presence","34.04-34.36",3
"Nucella emarginata/ostrina",TRUE,TRUE,TRUE,13,313,4,4,108,10126,37.5,"Continuous Presence","34.04-34.36",3
"Nucella lamellosa",FALSE,FALSE,TRUE,0,313,4,0,108,2,0,"Northern Only Presence","34.04-34.36",3
"Nuttallina spp",TRUE,TRUE,TRUE,13,313,4,4,108,15520,37.5,"Continuous Presence","34.04-34.36",3
"Obelia spp",TRUE,FALSE,FALSE,0,242,4,0,103,2,0,"Southern Only Presence","34.04-34.36",3
"Odonthalia floccosa",TRUE,FALSE,TRUE,0,242,4,0,103,4729,0,"Avoidant","34.04-34.36",3
"Odonthalia washingtoniensis",FALSE,FALSE,TRUE,0,242,4,0,103,9,0,"Northern Only Presence","34.04-34.36",3
"Oedignathus inermis",FALSE,FALSE,TRUE,0,313,4,0,108,38,0,"Northern Only Presence","34.04-34.36",3
"Olivella biplicata",TRUE,FALSE,TRUE,0,313,4,0,108,5,0,"Avoidant","34.04-34.36",3
"Onchidella borealis",FALSE,FALSE,TRUE,0,313,4,0,108,1477,0,"Northern Only Presence","34.04-34.36",3
"Onchidoris bilamellata",FALSE,FALSE,FALSE,0,313,4,0,108,0,0,"Absent","34.04-34.36",3
"Opalia borealis",FALSE,FALSE,TRUE,0,313,4,0,108,3,0,"Northern Only Presence","34.04-34.36",3
"Opalia funiculata",TRUE,TRUE,TRUE,1,313,4,1,108,105,4.16666666666667,"Continuous Presence","34.04-34.36",3
"Ophiuroid",TRUE,FALSE,TRUE,0,313,4,0,108,27,0,"Avoidant","34.04-34.36",3
"Ophlitaspongia pennata",TRUE,FALSE,TRUE,0,242,4,0,103,65,0,"Avoidant","34.04-34.36",3
"Opuntiella californica",FALSE,FALSE,FALSE,0,242,4,0,103,0,0,"Absent","34.04-34.36",3
"Oregonia gracilis",FALSE,FALSE,FALSE,0,313,4,0,108,0,0,"Absent","34.04-34.36",3
"Orienthella trilineata",FALSE,FALSE,TRUE,0,313,4,0,108,4,0,"Northern Only Presence","34.04-34.36",3
"Osmundea sinicola",TRUE,FALSE,TRUE,0,242,4,0,103,244,0,"Avoidant","34.04-34.36",3
"Osmundea spectabilis",TRUE,FALSE,TRUE,0,242,4,0,103,465,0,"Avoidant","34.04-34.36",3
"Osmundea splendens",TRUE,FALSE,TRUE,0,242,4,0,103,7,0,"Avoidant","34.04-34.36",3
"Pachycheles spp",TRUE,TRUE,TRUE,2,313,4,2,108,116,8.33333333333333,"Continuous Presence","34.04-34.36",3
"Pachygrapsus crassipes",TRUE,TRUE,TRUE,12,313,4,4,108,4995,37.5,"Continuous Presence","34.04-34.36",3
"Paciocinebrina circumtexta",TRUE,TRUE,TRUE,1,313,4,1,108,445,4.16666666666667,"Continuous Presence","34.04-34.36",3
"Paciocinebrina interfossa",TRUE,TRUE,TRUE,1,313,4,1,108,74,4.16666666666667,"Continuous Presence","34.04-34.36",3
"Paciocinebrina lurida",FALSE,FALSE,TRUE,0,313,4,0,108,12,0,"Northern Only Presence","34.04-34.36",3
"Padina spp",FALSE,FALSE,FALSE,0,242,4,0,103,0,0,"Absent","34.04-34.36",3
"Pagurus beringanus",FALSE,FALSE,TRUE,0,313,4,0,108,13,0,"Northern Only Presence","34.04-34.36",3
"Pagurus caurinus",FALSE,FALSE,TRUE,0,313,4,0,108,2,0,"Northern Only Presence","34.04-34.36",3
"Pagurus granosimanus",TRUE,TRUE,TRUE,1,313,4,1,108,620,4.16666666666667,"Continuous Presence","34.04-34.36",3
"Pagurus hemphilli",TRUE,FALSE,TRUE,0,313,4,0,108,7,0,"Avoidant","34.04-34.36",3
"Pagurus hirsutiusculus",TRUE,TRUE,TRUE,1,313,4,1,108,5489,4.16666666666667,"Continuous Presence","34.04-34.36",3
"Pagurus samuelis",TRUE,TRUE,TRUE,1,313,4,1,108,4232,4.16666666666667,"Continuous Presence","34.04-34.36",3
"Palmaria callophylloides",FALSE,FALSE,FALSE,0,242,4,0,103,0,0,"Absent","34.04-34.36",3
"Palmaria hecatensis",FALSE,FALSE,FALSE,0,242,4,0,103,0,0,"Absent","34.04-34.36",3
"Palmaria mollis",FALSE,FALSE,TRUE,0,242,4,0,103,53,0,"Northern Only Presence","34.04-34.36",3
"Palmaria palmata",FALSE,FALSE,FALSE,0,242,4,0,103,0,0,"Absent","34.04-34.36",3
"Panulirus interruptus",FALSE,FALSE,FALSE,0,391,4,0,108,0,0,"Absent","34.04-34.36",3
"Paraxanthias taylori",TRUE,FALSE,TRUE,0,313,4,0,108,4,0,"Avoidant","34.04-34.36",3
"Patiria miniata",TRUE,FALSE,TRUE,0,391,4,0,108,882,0,"Avoidant","34.04-34.36",3
"Peltodoris nobilis",FALSE,FALSE,TRUE,0,313,4,0,108,17,0,"Northern Only Presence","34.04-34.36",3
"Pelvetiopsis arborescens/hybrida/limitata",TRUE,FALSE,TRUE,0,242,4,0,103,3166,0,"Avoidant","34.04-34.36",3
"Pelvetiopsis californica",TRUE,FALSE,TRUE,0,242,4,0,103,351,0,"Avoidant","34.04-34.36",3
"Petaloconchus montereyensis",FALSE,FALSE,TRUE,0,242,4,0,103,1,0,"Northern Only Presence","34.04-34.36",3
"Petrolisthes spp",TRUE,TRUE,TRUE,1,313,4,1,108,229,4.16666666666667,"Continuous Presence","34.04-34.36",3
"Petrospongium rugosum",TRUE,FALSE,TRUE,0,242,4,0,103,420,0,"Avoidant","34.04-34.36",3
"Phragmatopoma/Sabellaria spp",TRUE,TRUE,TRUE,7,242,4,4,103,3827,31.8181818181818,"Continuous Presence","34.04-34.36",3
"Phyllospadix scouleri/serrulatus",TRUE,FALSE,TRUE,0,242,4,0,103,5564,0,"Avoidant","34.04-34.36",3
"Phyllospadix torreyi",TRUE,FALSE,TRUE,0,242,4,0,103,9543,0,"Avoidant","34.04-34.36",3
"Pilayella littoralis",FALSE,FALSE,FALSE,0,242,4,0,103,0,0,"Absent","34.04-34.36",3
"Pisaster giganteus",TRUE,TRUE,TRUE,1,391,4,1,108,46,4.34782608695652,"Continuous Presence","34.04-34.36",3
"Pisaster ochraceus",TRUE,TRUE,TRUE,18,391,4,4,108,39106,47.8260869565217,"Continuous Presence","34.04-34.36",3
"Pista spp",TRUE,FALSE,TRUE,0,242,4,0,103,109,0,"Avoidant","34.04-34.36",3
"Placiphorella velata",FALSE,FALSE,TRUE,0,313,4,0,108,6,0,"Northern Only Presence","34.04-34.36",3
"Pleonosporium spp",FALSE,FALSE,FALSE,0,242,4,0,103,0,0,"Absent","34.04-34.36",3
"Plocamium oregonum",FALSE,FALSE,TRUE,0,242,4,0,103,2,0,"Northern Only Presence","34.04-34.36",3
"Plocamium pacificum",TRUE,TRUE,TRUE,2,242,4,1,103,828,9.09090909090909,"Continuous Presence","34.04-34.36",3
"Plocamium violaceum",TRUE,TRUE,TRUE,1,242,4,1,103,165,4.54545454545455,"Continuous Presence","34.04-34.36",3
"Pododesmus macrochisma",FALSE,FALSE,FALSE,0,242,4,0,103,0,0,"Absent","34.04-34.36",3
"Pollicipes polymerus",TRUE,TRUE,TRUE,9,242,4,4,103,1847,36.3636363636364,"Continuous Presence","34.04-34.36",3
"Polyneura latissima",FALSE,FALSE,TRUE,0,242,4,0,103,26,0,"Northern Only Presence","34.04-34.36",3
"Polysiphonia spp",TRUE,TRUE,TRUE,6,242,4,4,103,942,27.2727272727273,"Continuous Presence","34.04-34.36",3
"Potamilla occelata",TRUE,FALSE,FALSE,0,242,4,0,103,1,0,"Southern Only Presence","34.04-34.36",3
"Primavelans insculpta",FALSE,FALSE,FALSE,0,242,4,0,103,0,0,"Absent","34.04-34.36",3
"Prionitis filiformis",FALSE,FALSE,TRUE,0,242,4,0,103,2,0,"Northern Only Presence","34.04-34.36",3
"Prionitis lanceolata",TRUE,TRUE,TRUE,3,242,4,2,103,2212,13.6363636363636,"Continuous Presence","34.04-34.36",3
"Prionitis linearis",TRUE,FALSE,TRUE,0,242,4,0,103,8,0,"Avoidant","34.04-34.36",3
"Prionitis sternbergii",TRUE,TRUE,TRUE,1,242,4,1,103,237,4.54545454545455,"Continuous Presence","34.04-34.36",3
"Pseudochama exogyra",TRUE,FALSE,TRUE,0,242,4,0,103,278,0,"Avoidant","34.04-34.36",3
"Pseudolithoderma nigrum",TRUE,TRUE,TRUE,1,242,4,1,103,607,4.54545454545455,"Continuous Presence","34.04-34.36",3
"Pseudomelatoma penicillata",TRUE,FALSE,TRUE,0,313,4,0,108,4,0,"Avoidant","34.04-34.36",3
"Pseudomelatoma torosa",TRUE,FALSE,TRUE,0,313,4,0,108,16,0,"Avoidant","34.04-34.36",3
"Pseudopusula californiana",TRUE,FALSE,FALSE,0,313,4,0,108,1,0,"Southern Only Presence","34.04-34.36",3
"Pterocladiella capillacea",TRUE,FALSE,TRUE,0,242,4,0,103,1208,0,"Avoidant","34.04-34.36",3
"Pterocladiella media",TRUE,FALSE,TRUE,0,242,4,0,103,21,0,"Avoidant","34.04-34.36",3
"Pteropurpura trialata",TRUE,FALSE,FALSE,0,313,4,0,108,2,0,"Southern Only Presence","34.04-34.36",3
"Pterygophora californica",FALSE,FALSE,TRUE,0,242,4,0,103,26,0,"Northern Only Presence","34.04-34.36",3
"Pugettia foliata",FALSE,FALSE,FALSE,0,313,4,0,108,0,0,"Absent","34.04-34.36",3
"Pugettia gracilis/richii",TRUE,FALSE,TRUE,0,313,4,0,108,97,0,"Avoidant","34.04-34.36",3
"Pugettia producta",TRUE,TRUE,TRUE,1,313,4,1,108,541,4.16666666666667,"Continuous Presence","34.04-34.36",3
"Pycnogonida",TRUE,FALSE,TRUE,0,313,4,0,108,22,0,"Avoidant","34.04-34.36",3
"Pycnopodia helianthoides",FALSE,FALSE,TRUE,0,391,4,0,108,81,0,"Northern Only Presence","34.04-34.36",3
"Pyropia spp",TRUE,TRUE,TRUE,5,242,4,3,103,1718,22.7272727272727,"Continuous Presence","34.04-34.36",3
"Rhodymenia californica",TRUE,FALSE,TRUE,0,242,4,0,103,50,0,"Avoidant","34.04-34.36",3
"Rhodymenia pacifica",TRUE,FALSE,TRUE,0,242,4,0,103,44,0,"Avoidant","34.04-34.36",3
"Roperia poulsoni",TRUE,TRUE,TRUE,1,313,4,1,108,106,4.16666666666667,"Continuous Presence","34.04-34.36",3
"Saccharina latissima",FALSE,FALSE,FALSE,0,242,4,0,103,0,0,"Absent","34.04-34.36",3
"Sarcodiotheca gaudichaudii",TRUE,FALSE,TRUE,0,242,4,0,103,94,0,"Avoidant","34.04-34.36",3
"Sargassum agardhianum",TRUE,FALSE,TRUE,0,242,4,0,103,12,0,"Avoidant","34.04-34.36",3
"Sargassum horneri",TRUE,FALSE,FALSE,0,242,4,0,103,6,0,"Southern Only Presence","34.04-34.36",3
"Sargassum muticum",TRUE,FALSE,TRUE,0,242,4,0,103,1200,0,"Avoidant","34.04-34.36",3
"Sargassum palmeri",FALSE,FALSE,FALSE,0,242,4,0,103,0,0,"Absent","34.04-34.36",3
"Savoiea bipinnata",TRUE,TRUE,TRUE,1,242,4,1,103,358,4.54545454545455,"Continuous Presence","34.04-34.36",3
"Schizoporella unicornis",FALSE,FALSE,FALSE,0,242,4,0,103,0,0,"Absent","34.04-34.36",3
"Semibalanus cariosus",FALSE,FALSE,TRUE,0,242,4,0,103,508,0,"Northern Only Presence","34.04-34.36",3
"Serpula vermicularis",TRUE,FALSE,TRUE,0,242,4,0,103,15,0,"Avoidant","34.04-34.36",3
"Sertularella/Sertularia spp",FALSE,TRUE,TRUE,1,242,4,1,103,4,4.54545454545455,"Southern Range Edge","34.04-34.36",3
"Silvetia compressa",TRUE,FALSE,TRUE,0,242,4,0,103,6522,0,"Avoidant","34.04-34.36",3
"Siphonaria brannani",FALSE,FALSE,FALSE,0,313,4,0,108,0,0,"Absent","34.04-34.36",3
"Siphonaria thersites",FALSE,FALSE,FALSE,0,313,4,0,108,0,0,"Absent","34.04-34.36",3
"Sorella delicatula",FALSE,FALSE,FALSE,0,242,4,0,103,0,0,"Absent","34.04-34.36",3
"Sphacelaria californica",TRUE,FALSE,FALSE,0,242,4,0,103,12,0,"Southern Only Presence","34.04-34.36",3
"Spirobranchus spinosus",FALSE,FALSE,TRUE,0,242,4,0,103,2,0,"Northern Only Presence","34.04-34.36",3
"Spirorbis spp",TRUE,FALSE,TRUE,0,242,4,0,103,124,0,"Avoidant","34.04-34.36",3
"Spyridia filamentosa",TRUE,FALSE,FALSE,0,242,4,0,103,72,0,"Southern Only Presence","34.04-34.36",3
"Stenoplax conspicua",TRUE,FALSE,FALSE,0,313,4,0,108,34,0,"Southern Only Presence","34.04-34.36",3
"Stephanocystis dioica",TRUE,FALSE,TRUE,0,242,4,0,103,422,0,"Avoidant","34.04-34.36",3
"Stephanocystis osmundacea",TRUE,FALSE,TRUE,0,242,4,0,103,428,0,"Avoidant","34.04-34.36",3
"Strongylocentrotus droebachiensis",FALSE,FALSE,FALSE,0,313,4,0,108,0,0,"Absent","34.04-34.36",3
"Strongylocentrotus franciscanus",FALSE,FALSE,TRUE,0,313,4,0,108,25,0,"Northern Only Presence","34.04-34.36",3
"Strongylocentrotus purpuratus",TRUE,TRUE,TRUE,4,313,4,2,108,11680,12.5,"Continuous Presence","34.04-34.36",3
"Styela montereyensis",FALSE,FALSE,TRUE,0,242,4,0,103,6,0,"Northern Only Presence","34.04-34.36",3
"Symphyocladia dendroidea/Xiphosiphonia pennata",TRUE,TRUE,TRUE,3,242,4,2,103,343,13.6363636363636,"Continuous Presence","34.04-34.36",3
"Symphyocladiella baileyi",TRUE,TRUE,TRUE,1,242,4,1,103,48,4.54545454545455,"Continuous Presence","34.04-34.36",3
"Taonia lennebackerae",TRUE,FALSE,TRUE,0,242,4,0,103,20,0,"Avoidant","34.04-34.36",3
"Tectura paleacea",TRUE,FALSE,TRUE,0,313,4,0,108,202,0,"Avoidant","34.04-34.36",3
"Tegula aureotincta",TRUE,FALSE,TRUE,0,313,4,0,108,178,0,"Avoidant","34.04-34.36",3
"Tegula brunnea",FALSE,FALSE,TRUE,0,313,4,0,108,1356,0,"Northern Only Presence","34.04-34.36",3
"Tegula eiseni",TRUE,TRUE,FALSE,1,313,4,1,108,1955,4.16666666666667,"Northern Range Edge","34.04-34.36",3
"Tegula funebralis/gallina",TRUE,TRUE,TRUE,11,313,4,4,108,83091,37.5,"Continuous Presence","34.04-34.36",3
"Tegula pulligo",FALSE,FALSE,FALSE,0,313,4,0,108,0,0,"Absent","34.04-34.36",3
"Tetraclita squamosa",TRUE,TRUE,TRUE,2,242,4,1,103,1055,9.09090909090909,"Continuous Presence","34.04-34.36",3
"Thylacodes squamigerus",TRUE,FALSE,TRUE,0,242,4,0,103,152,0,"Avoidant","34.04-34.36",3
"Tiffaniella snyderae",TRUE,TRUE,TRUE,1,242,4,1,103,206,4.54545454545455,"Continuous Presence","34.04-34.36",3
"Tonicella spp",TRUE,FALSE,TRUE,0,313,4,0,108,905,0,"Avoidant","34.04-34.36",3
"Trichotropis cancellata",FALSE,FALSE,FALSE,0,313,4,0,108,0,0,"Absent","34.04-34.36",3
"Ulothrix spp",FALSE,FALSE,TRUE,0,242,4,0,103,15,0,"Northern Only Presence","34.04-34.36",3
"Ulvophyceae",TRUE,TRUE,TRUE,7,242,4,3,103,5252,27.2727272727273,"Continuous Presence","34.04-34.36",3
"Urosalpinx subangulata",FALSE,FALSE,TRUE,0,313,4,0,108,15,0,"Northern Only Presence","34.04-34.36",3
"Urospora spp",TRUE,FALSE,FALSE,0,242,4,0,103,1,0,"Southern Only Presence","34.04-34.36",3
"Urticina coriacea",FALSE,FALSE,TRUE,0,242,4,0,103,7,0,"Northern Only Presence","34.04-34.36",3
"Verrucaria maura",FALSE,FALSE,FALSE,0,242,4,0,103,0,0,"Absent","34.04-34.36",3
"Xingyurella turgida",FALSE,FALSE,TRUE,0,242,4,0,103,1,0,"Northern Only Presence","34.04-34.36",3
"Zonaria farlowii",TRUE,FALSE,TRUE,0,242,4,0,103,81,0,"Avoidant","34.04-34.36",3
"Zostera spp",FALSE,FALSE,FALSE,0,242,4,0,103,0,0,"Absent","34.04-34.36",3
"Abietinaria/Amphisbetia spp",FALSE,FALSE,TRUE,0,242,9,0,103,9,0,"Northern Only Presence","34.36-34.48",4
"Acanthinucella paucilirata",FALSE,TRUE,FALSE,2,313,9,2,108,4,8.33333333333333,"Endemic Presence","34.36-34.48",4
"Acanthinucella spp",TRUE,TRUE,TRUE,22,313,9,9,108,2214,45.8333333333333,"Continuous Presence","34.36-34.48",4
"Acmaea mitra",FALSE,FALSE,TRUE,0,313,9,0,108,141,0,"Northern Only Presence","34.36-34.48",4
"Acrosiphonia/Cladophora spp",TRUE,TRUE,TRUE,1,242,9,1,103,175,4.54545454545455,"Continuous Presence","34.36-34.48",4
"Acrosorium ciliolatum",TRUE,TRUE,FALSE,1,242,9,1,103,143,4.54545454545455,"Northern Range Edge","34.36-34.48",4
"Aeolidia papillosa",FALSE,FALSE,TRUE,0,313,9,0,108,3,0,"Northern Only Presence","34.36-34.48",4
"Aglaophenia spp",FALSE,TRUE,TRUE,1,242,9,1,103,18,4.54545454545455,"Southern Range Edge","34.36-34.48",4
"Ahnfeltia fastigiata",TRUE,FALSE,TRUE,0,242,9,0,103,117,0,"Avoidant","34.36-34.48",4
"Ahnfeltiopsis linearis",FALSE,TRUE,TRUE,1,242,9,1,103,56,4.54545454545455,"Southern Range Edge","34.36-34.48",4
"Alaria marginata",FALSE,FALSE,TRUE,0,242,9,0,103,1018,0,"Northern Only Presence","34.36-34.48",4
"Alia spp",TRUE,TRUE,TRUE,9,313,9,5,108,1445,29.1666666666667,"Continuous Presence","34.36-34.48",4
"Amphiroa beauvoisii",TRUE,FALSE,FALSE,0,242,9,0,103,2,0,"Southern Only Presence","34.36-34.48",4
"Amphissa columbiana",FALSE,TRUE,TRUE,1,313,9,1,108,31,4.16666666666667,"Southern Range Edge","34.36-34.48",4
"Amphissa versicolor",TRUE,TRUE,TRUE,7,313,9,5,108,299,29.1666666666667,"Continuous Presence","34.36-34.48",4
"Analipus japonicus",FALSE,TRUE,TRUE,1,242,9,1,103,379,4.54545454545455,"Southern Range Edge","34.36-34.48",4
"Anisocladella pacifica",TRUE,FALSE,TRUE,0,242,9,0,103,4,0,"Avoidant","34.36-34.48",4
"Anthopleura artemisia",FALSE,FALSE,TRUE,0,242,9,0,103,3,0,"Northern Only Presence","34.36-34.48",4
"Anthopleura elegantissima",TRUE,TRUE,TRUE,26,242,9,9,103,5148,50,"Continuous Presence","34.36-34.48",4
"Anthopleura sola",TRUE,TRUE,TRUE,26,242,9,9,103,2460,50,"Continuous Presence","34.36-34.48",4
"Anthopleura xanthogrammica",TRUE,TRUE,TRUE,8,242,9,4,103,791,22.7272727272727,"Continuous Presence","34.36-34.48",4
"Antithamnionella spp",FALSE,FALSE,FALSE,0,242,9,0,103,0,0,"Absent","34.36-34.48",4
"Aplidium spp",TRUE,TRUE,TRUE,4,242,9,4,103,73,13.6363636363636,"Continuous Presence","34.36-34.48",4
"Aplysia californica",TRUE,TRUE,FALSE,1,313,9,1,108,11,4.16666666666667,"Northern Range Edge","34.36-34.48",4
"Asparagopsis taxiformis",TRUE,FALSE,FALSE,0,242,9,0,103,97,0,"Southern Only Presence","34.36-34.48",4
"Atrimitra idae",FALSE,FALSE,FALSE,0,313,9,0,108,0,0,"Absent","34.36-34.48",4
"Balanus crenatus",FALSE,FALSE,TRUE,0,242,9,0,103,1,0,"Northern Only Presence","34.36-34.48",4
"Balanus glandula",TRUE,TRUE,TRUE,26,242,9,9,103,5046,50,"Continuous Presence","34.36-34.48",4
"Balanus glandula/Semibalanus balanoides",FALSE,FALSE,FALSE,0,242,9,0,103,0,0,"Absent","34.36-34.48",4
"Balanus nubilus",FALSE,FALSE,TRUE,0,242,9,0,103,6,0,"Northern Only Presence","34.36-34.48",4
"Bangia spp",TRUE,TRUE,TRUE,4,242,9,3,103,63,13.6363636363636,"Continuous Presence","34.36-34.48",4
"Besa leptophylla",TRUE,TRUE,TRUE,3,242,9,3,103,41,9.09090909090909,"Continuous Presence","34.36-34.48",4
"Bittium eschrichtii",TRUE,FALSE,TRUE,0,313,9,0,108,898,0,"Avoidant","34.36-34.48",4
"Boring clam",TRUE,TRUE,TRUE,3,242,9,3,103,12,9.09090909090909,"Continuous Presence","34.36-34.48",4
"Bossiella spp",TRUE,TRUE,TRUE,15,242,9,7,103,1442,36.3636363636364,"Continuous Presence","34.36-34.48",4
"Bryopsis spp",TRUE,TRUE,TRUE,2,242,9,2,103,12,9.09090909090909,"Continuous Presence","34.36-34.48",4
"Bugula neritina",TRUE,TRUE,FALSE,1,242,9,1,103,18,4.54545454545455,"Northern Range Edge","34.36-34.48",4
"Californiconus californicus",TRUE,TRUE,TRUE,7,313,9,3,108,217,25,"Continuous Presence","34.36-34.48",4
"Calliarthron spp",TRUE,TRUE,TRUE,13,242,9,8,103,1229,31.8181818181818,"Continuous Presence","34.36-34.48",4
"Calliostoma annulatum",FALSE,FALSE,TRUE,0,313,9,0,108,5,0,"Northern Only Presence","34.36-34.48",4
"Calliostoma canaliculatum",FALSE,FALSE,TRUE,0,313,9,0,108,25,0,"Northern Only Presence","34.36-34.48",4
"Calliostoma ligatum",FALSE,TRUE,TRUE,1,313,9,1,108,90,4.16666666666667,"Southern Range Edge","34.36-34.48",4
"Calliostoma supragranosum",FALSE,FALSE,TRUE,0,313,9,0,108,1,0,"Northern Only Presence","34.36-34.48",4
"Callithamnion pikeanum",TRUE,FALSE,TRUE,0,242,9,0,103,330,0,"Avoidant","34.36-34.48",4
"Callithamnion rupicola",TRUE,FALSE,TRUE,0,242,9,0,103,2,0,"Avoidant","34.36-34.48",4
"Callophyllis spp",TRUE,TRUE,TRUE,1,242,9,1,103,68,4.54545454545455,"Continuous Presence","34.36-34.48",4
"Cancer antennaria",TRUE,TRUE,TRUE,3,313,9,3,108,55,8.33333333333333,"Continuous Presence","34.36-34.48",4
"Cancer oregonensis",TRUE,FALSE,TRUE,0,313,9,0,108,3,0,"Avoidant","34.36-34.48",4
"Cancer productus",FALSE,FALSE,TRUE,0,313,9,0,108,1,0,"Northern Only Presence","34.36-34.48",4
"Carpopeltis bushiae",FALSE,FALSE,FALSE,0,242,9,0,103,0,0,"Absent","34.36-34.48",4
"Caulacanthus okamurae",TRUE,FALSE,TRUE,0,242,9,0,103,1831,0,"Avoidant","34.36-34.48",4
"Ceratostoma foliatum",TRUE,FALSE,TRUE,0,313,9,0,108,5,0,"Avoidant","34.36-34.48",4
"Ceratostoma nuttalli",TRUE,FALSE,TRUE,0,313,9,0,108,46,0,"Avoidant","34.36-34.48",4
"Cerithiopsis spp",TRUE,FALSE,FALSE,0,313,9,0,108,2,0,"Southern Only Presence","34.36-34.48",4
"Chaetomorpha spp",TRUE,TRUE,TRUE,3,242,9,3,103,148,13.6363636363636,"Continuous Presence","34.36-34.48",4
"Chondracanthus canaliculatus",TRUE,TRUE,TRUE,25,242,9,8,103,5926,50,"Continuous Presence","34.36-34.48",4
"Chondracanthus corymbiferus/exaspertata",TRUE,FALSE,TRUE,0,242,9,0,103,74,0,"Avoidant","34.36-34.48",4
"Chondracanthus harveyanus",FALSE,FALSE,TRUE,0,242,9,0,103,5,0,"Northern Only Presence","34.36-34.48",4
"Chondracanthus spinosus",TRUE,TRUE,TRUE,3,242,9,2,103,42,13.6363636363636,"Continuous Presence","34.36-34.48",4
"Chondria acrorhizophora",TRUE,FALSE,FALSE,0,242,9,0,103,21,0,"Southern Only Presence","34.36-34.48",4
"Chondria arcuata",TRUE,TRUE,FALSE,1,242,9,1,103,16,4.54545454545455,"Northern Range Edge","34.36-34.48",4
"Chondria dasyphylla",TRUE,TRUE,TRUE,1,242,9,1,103,16,4.54545454545455,"Continuous Presence","34.36-34.48",4
"Chondria decipiens",TRUE,FALSE,TRUE,0,242,9,0,103,25,0,"Avoidant","34.36-34.48",4
"Chondria nidifica",TRUE,TRUE,TRUE,15,242,9,9,103,157,36.3636363636364,"Continuous Presence","34.36-34.48",4
"Chondria oppositiclada",TRUE,FALSE,FALSE,0,242,9,0,103,23,0,"Southern Only Presence","34.36-34.48",4
"Chone minuta",FALSE,FALSE,TRUE,0,242,9,0,103,88,0,"Northern Only Presence","34.36-34.48",4
"Chthamalus dalli/fissus",TRUE,TRUE,TRUE,26,242,9,9,103,17343,50,"Continuous Presence","34.36-34.48",4
"Cirolana spp/Gnorimosphaeroma oregonense",FALSE,TRUE,TRUE,1,313,9,1,108,82,4.16666666666667,"Southern Range Edge","34.36-34.48",4
"Cladophora columbiana",TRUE,TRUE,TRUE,7,242,9,6,103,1559,22.7272727272727,"Continuous Presence","34.36-34.48",4
"Cladophora graminea",TRUE,TRUE,TRUE,1,242,9,1,103,6,4.54545454545455,"Continuous Presence","34.36-34.48",4
"Clavelina huntsmani",FALSE,FALSE,TRUE,0,242,9,0,103,4,0,"Northern Only Presence","34.36-34.48",4
"Codium fragile",TRUE,FALSE,TRUE,0,242,9,0,103,51,0,"Avoidant","34.36-34.48",4
"Codium setchellii",FALSE,FALSE,TRUE,0,242,9,0,103,19,0,"Northern Only Presence","34.36-34.48",4
"Colonial diatom",TRUE,TRUE,TRUE,6,242,9,4,103,75,13.6363636363636,"Continuous Presence","34.36-34.48",4
"Colpomenia/Leathesia spp",TRUE,TRUE,TRUE,3,242,9,3,103,184,13.6363636363636,"Continuous Presence","34.36-34.48",4
"Constantinea simplex",FALSE,FALSE,TRUE,0,242,9,0,103,109,0,"Northern Only Presence","34.36-34.48",4
"Corallina spp",TRUE,TRUE,TRUE,26,242,9,9,103,18213,50,"Continuous Presence","34.36-34.48",4
"Corynactis californica",FALSE,FALSE,FALSE,0,242,9,0,103,0,0,"Absent","34.36-34.48",4
"Costaria costata",FALSE,FALSE,TRUE,0,242,9,0,103,93,0,"Northern Only Presence","34.36-34.48",4
"Crangon spp",TRUE,TRUE,TRUE,1,313,9,1,108,10,4.16666666666667,"Continuous Presence","34.36-34.48",4
"Crepipatella lingulata",TRUE,FALSE,TRUE,0,313,9,0,108,11,0,"Avoidant","34.36-34.48",4
"Cryptochiton stelleri",FALSE,FALSE,TRUE,0,391,9,0,108,236,0,"Northern Only Presence","34.36-34.48",4
"Cryptolithodes sitchensis",FALSE,FALSE,TRUE,0,313,9,0,108,5,0,"Northern Only Presence","34.36-34.48",4
"Cryptopleura/Hymenena spp",TRUE,TRUE,TRUE,18,242,9,6,103,3622,45.4545454545455,"Continuous Presence","34.36-34.48",4
"Cryptosiphonia woodii",FALSE,TRUE,TRUE,1,242,9,1,103,922,4.54545454545455,"Southern Range Edge","34.36-34.48",4
"Cucumaria miniata",FALSE,FALSE,FALSE,0,313,9,0,108,0,0,"Absent","34.36-34.48",4
"Cucumaria/Pseudocnus spp",FALSE,FALSE,TRUE,0,313,9,0,108,573,0,"Northern Only Presence","34.36-34.48",4
"Cumagloia andersonii",FALSE,TRUE,TRUE,2,242,9,1,103,25,9.09090909090909,"Southern Range Edge","34.36-34.48",4
"Cyanoplax hartwegii",TRUE,TRUE,TRUE,14,313,9,8,108,1890,37.5,"Continuous Presence","34.36-34.48",4
"Cyanoplax spp",TRUE,TRUE,TRUE,8,313,9,4,108,1882,20.8333333333333,"Continuous Presence","34.36-34.48",4
"Dasya binghamiae",TRUE,TRUE,TRUE,6,242,9,2,103,18,22.7272727272727,"Continuous Presence","34.36-34.48",4
"Dasysiphonia japonica",TRUE,FALSE,FALSE,0,242,9,0,103,1,0,"Southern Only Presence","34.36-34.48",4
"Delesseria decipiens",FALSE,FALSE,TRUE,0,242,9,0,103,5,0,"Northern Only Presence","34.36-34.48",4
"Dendrobeania lichenoides",FALSE,FALSE,FALSE,0,242,9,0,103,0,0,"Absent","34.36-34.48",4
"Dendronotus subramosus",FALSE,FALSE,TRUE,0,313,9,0,108,1,0,"Northern Only Presence","34.36-34.48",4
"Dendropoma lituella",FALSE,FALSE,FALSE,0,242,9,0,103,0,0,"Absent","34.36-34.48",4
"Derbesia marina",FALSE,FALSE,TRUE,0,242,9,0,103,12,0,"Northern Only Presence","34.36-34.48",4
"Dermasterias imbricata",FALSE,FALSE,TRUE,0,391,9,0,108,683,0,"Northern Only Presence","34.36-34.48",4
"Desmarestia ligulata",FALSE,TRUE,TRUE,2,242,9,2,103,121,9.09090909090909,"Southern Range Edge","34.36-34.48",4
"Diaperoecia californica",FALSE,FALSE,FALSE,0,242,9,0,103,0,0,"Absent","34.36-34.48",4
"Diaulula sandiegensis",TRUE,FALSE,TRUE,0,313,9,0,108,12,0,"Avoidant","34.36-34.48",4
"Dictyoneurum californicum",FALSE,FALSE,TRUE,0,242,9,0,103,12,0,"Northern Only Presence","34.36-34.48",4
"Dictyopteris undulata",TRUE,FALSE,FALSE,0,242,9,0,103,22,0,"Southern Only Presence","34.36-34.48",4
"Dictyota binghamiae",TRUE,FALSE,FALSE,0,242,9,0,103,4,0,"Southern Only Presence","34.36-34.48",4
"Dictyota coriacea",TRUE,TRUE,FALSE,4,242,9,4,103,138,13.6363636363636,"Northern Range Edge","34.36-34.48",4
"Dilsea californica",FALSE,TRUE,TRUE,1,242,9,1,103,447,4.54545454545455,"Southern Range Edge","34.36-34.48",4
"Diodora aspera",FALSE,TRUE,TRUE,1,313,9,1,108,11,4.16666666666667,"Southern Range Edge","34.36-34.48",4
"Dirona albolineata",FALSE,FALSE,TRUE,0,313,9,0,108,2,0,"Northern Only Presence","34.36-34.48",4
"Discurria insessa",TRUE,TRUE,TRUE,5,313,9,5,108,120,12.5,"Continuous Presence","34.36-34.48",4
"Distaplia occidentalis",FALSE,FALSE,TRUE,0,242,9,0,103,9,0,"Northern Only Presence","34.36-34.48",4
"Dodecaceria spp",TRUE,TRUE,TRUE,13,242,9,4,103,239,40.9090909090909,"Continuous Presence","34.36-34.48",4
"Doris montereyensis",FALSE,FALSE,TRUE,0,313,9,0,108,3,0,"Northern Only Presence","34.36-34.48",4
"Ectocarpus spp",TRUE,FALSE,FALSE,0,242,9,0,103,2,0,"Southern Only Presence","34.36-34.48",4
"Egregia menziesii",TRUE,TRUE,TRUE,17,242,9,6,103,5494,45.4545454545455,"Continuous Presence","34.36-34.48",4
"Eisenia arborea",TRUE,FALSE,TRUE,0,242,9,0,103,141,0,"Avoidant","34.36-34.48",4
"Encrusting coralline",TRUE,TRUE,TRUE,23,242,9,9,103,8084,50,"Continuous Presence","34.36-34.48",4
"Endarachne/Petalonia/Phaeostrophion spp",TRUE,TRUE,TRUE,9,242,9,5,103,381,22.7272727272727,"Continuous Presence","34.36-34.48",4
"Endocladia muricata",TRUE,TRUE,TRUE,15,242,9,8,103,14318,40.9090909090909,"Continuous Presence","34.36-34.48",4
"Endoplura aurea",FALSE,FALSE,FALSE,0,242,9,0,103,0,0,"Absent","34.36-34.48",4
"Epiactis prolifera",FALSE,FALSE,TRUE,0,242,9,0,103,5,0,"Northern Only Presence","34.36-34.48",4
"Epitonium tinctum",TRUE,TRUE,TRUE,22,313,9,7,108,388,45.8333333333333,"Continuous Presence","34.36-34.48",4
"Erythroglossum californicum",TRUE,TRUE,TRUE,7,242,9,5,103,48,22.7272727272727,"Continuous Presence","34.36-34.48",4
"Erythrophyllum delesserioides",TRUE,TRUE,TRUE,2,242,9,2,103,222,9.09090909090909,"Continuous Presence","34.36-34.48",4
"Eudendrium californicum",FALSE,FALSE,TRUE,0,242,9,0,103,2,0,"Northern Only Presence","34.36-34.48",4
"Eudistoma psammion",TRUE,TRUE,TRUE,3,242,9,3,103,45,13.6363636363636,"Continuous Presence","34.36-34.48",4
"Eudistoma ritteri",FALSE,FALSE,TRUE,0,242,9,0,103,4,0,"Northern Only Presence","34.36-34.48",4
"Eudistylia polymorpha",FALSE,FALSE,FALSE,0,242,9,0,103,0,0,"Absent","34.36-34.48",4
"Eupentacta spp",FALSE,FALSE,TRUE,0,313,9,0,108,11,0,"Northern Only Presence","34.36-34.48",4
"Eurystomella bilabiata",TRUE,FALSE,TRUE,0,242,9,0,103,29,0,"Avoidant","34.36-34.48",4
"Evasterias troschelii",FALSE,FALSE,FALSE,0,391,9,0,108,0,0,"Absent","34.36-34.48",4
"Farlowia compressa",FALSE,FALSE,TRUE,0,242,9,0,103,3,0,"Northern Only Presence","34.36-34.48",4
"Farlowia mollis",FALSE,FALSE,TRUE,0,242,9,0,103,17,0,"Northern Only Presence","34.36-34.48",4
"Farlowia/Pikea spp",TRUE,FALSE,TRUE,0,242,9,0,103,93,0,"Avoidant","34.36-34.48",4
"Fissurella volcano",TRUE,TRUE,TRUE,20,313,9,8,108,4909,41.6666666666667,"Continuous Presence","34.36-34.48",4
"Fissurellidea bimaculata",TRUE,FALSE,TRUE,0,313,9,0,108,5,0,"Avoidant","34.36-34.48",4
"Flustrellidra corniculata",FALSE,FALSE,TRUE,0,242,9,0,103,4,0,"Northern Only Presence","34.36-34.48",4
"Fredericqia chiton",TRUE,FALSE,FALSE,0,242,9,0,103,1,0,"Southern Only Presence","34.36-34.48",4
"Fucus spp",FALSE,FALSE,TRUE,0,242,9,0,103,3137,0,"Northern Only Presence","34.36-34.48",4
"Gastroclonium parvum",TRUE,TRUE,FALSE,2,242,9,2,103,162,4.54545454545455,"Northern Range Edge","34.36-34.48",4
"Gelidium purpurascens",TRUE,TRUE,TRUE,2,242,9,2,103,43,9.09090909090909,"Continuous Presence","34.36-34.48",4
"Gelidium robustum",TRUE,TRUE,TRUE,4,242,9,3,103,128,13.6363636363636,"Continuous Presence","34.36-34.48",4
"Gelidium spp",TRUE,TRUE,TRUE,23,242,9,9,103,4262,45.4545454545455,"Continuous Presence","34.36-34.48",4
"Gloiopeltis furcata",TRUE,FALSE,TRUE,0,242,9,0,103,69,0,"Avoidant","34.36-34.48",4
"Gloiosiphonia californica",FALSE,FALSE,TRUE,0,242,9,0,103,4,0,"Northern Only Presence","34.36-34.48",4
"Gracilariopsis/Gracilaria spp",TRUE,TRUE,TRUE,10,242,9,6,103,423,31.8181818181818,"Continuous Presence","34.36-34.48",4
"Grateloupia angusta",TRUE,FALSE,FALSE,0,242,9,0,103,2,0,"Southern Only Presence","34.36-34.48",4
"Grateloupia californica",TRUE,TRUE,TRUE,4,242,9,3,103,139,13.6363636363636,"Continuous Presence","34.36-34.48",4
"Grateloupia cornea",TRUE,FALSE,FALSE,0,242,9,0,103,4,0,"Southern Only Presence","34.36-34.48",4
"Halichondria panicea",FALSE,TRUE,TRUE,1,242,9,1,103,5,4.54545454545455,"Southern Range Edge","34.36-34.48",4
"Halichondria spp",FALSE,TRUE,TRUE,3,242,9,3,103,57,9.09090909090909,"Southern Range Edge","34.36-34.48",4
"Haliclona spp",TRUE,TRUE,TRUE,3,242,9,2,103,60,13.6363636363636,"Continuous Presence","34.36-34.48",4
"Halosaccion glandiforme",FALSE,FALSE,TRUE,0,242,9,0,103,769,0,"Northern Only Presence","34.36-34.48",4
"Halymenia/Schizymenia spp",FALSE,FALSE,TRUE,0,242,9,0,103,221,0,"Northern Only Presence","34.36-34.48",4
"Haminoea vesicula",TRUE,FALSE,FALSE,0,313,9,0,108,13,0,"Southern Only Presence","34.36-34.48",4
"Haminoea virescens",TRUE,FALSE,FALSE,0,313,9,0,108,12,0,"Southern Only Presence","34.36-34.48",4
"Hapalospongidion gelatinosum",FALSE,FALSE,FALSE,0,242,9,0,103,0,0,"Absent","34.36-34.48",4
"Haplogloia andersonii",FALSE,TRUE,TRUE,1,242,9,1,103,11,4.54545454545455,"Southern Range Edge","34.36-34.48",4
"Hapterophycus canaliculatus",TRUE,FALSE,TRUE,0,242,9,0,103,93,0,"Avoidant","34.36-34.48",4
"Hedophyllum sessile",FALSE,FALSE,TRUE,0,242,9,0,103,720,0,"Northern Only Presence","34.36-34.48",4
"Heliaster kubiniji",FALSE,FALSE,FALSE,0,391,9,0,108,0,0,"Absent","34.36-34.48",4
"Hemigrapsus nudus",TRUE,TRUE,TRUE,1,313,9,1,108,66,4.16666666666667,"Continuous Presence","34.36-34.48",4
"Hemigrapsus oregonensis",FALSE,FALSE,TRUE,0,313,9,0,108,1,0,"Northern Only Presence","34.36-34.48",4
"Henricia spp",FALSE,TRUE,TRUE,1,391,9,1,108,446,4.34782608695652,"Southern Range Edge","34.36-34.48",4
"Hermissenda crassicornis",TRUE,TRUE,TRUE,3,313,9,3,108,32,12.5,"Continuous Presence","34.36-34.48",4
"Herposiphonia littoralis",TRUE,FALSE,FALSE,0,242,9,0,103,9,0,"Southern Only Presence","34.36-34.48",4
"Herposiphonia plumula",FALSE,FALSE,FALSE,0,242,9,0,103,0,0,"Absent","34.36-34.48",4
"Herposiphonia verticillata",TRUE,TRUE,TRUE,1,242,9,1,103,15,4.54545454545455,"Continuous Presence","34.36-34.48",4
"Homalopoma spp",TRUE,FALSE,TRUE,0,313,9,0,108,191,0,"Avoidant","34.36-34.48",4
"Hypnea johnstonii",TRUE,FALSE,FALSE,0,242,9,0,103,12,0,"Southern Only Presence","34.36-34.48",4
"Hypnea valentiae",TRUE,FALSE,FALSE,0,242,9,0,103,164,0,"Southern Only Presence","34.36-34.48",4
"Hypnea variabilis",TRUE,FALSE,FALSE,0,242,9,0,103,5,0,"Southern Only Presence","34.36-34.48",4
"Idotea spp",TRUE,TRUE,TRUE,3,313,9,2,108,837,12.5,"Continuous Presence","34.36-34.48",4
"Jania rosea",TRUE,FALSE,FALSE,0,242,9,0,103,88,0,"Southern Only Presence","34.36-34.48",4
"Jania tenella",TRUE,FALSE,FALSE,0,242,9,0,103,13,0,"Southern Only Presence","34.36-34.48",4
"Jania verrucosa",TRUE,FALSE,FALSE,0,242,9,0,103,531,0,"Southern Only Presence","34.36-34.48",4
"Johansenia macmillanii",FALSE,FALSE,TRUE,0,242,9,0,103,4,0,"Northern Only Presence","34.36-34.48",4
"Katharina tunicata",FALSE,FALSE,TRUE,0,313,9,0,108,555,0,"Northern Only Presence","34.36-34.48",4
"Kelletia kelletii",TRUE,FALSE,FALSE,0,313,9,0,108,9,0,"Southern Only Presence","34.36-34.48",4
"Lacuna spp",TRUE,TRUE,TRUE,16,313,9,8,108,18119,37.5,"Continuous Presence","34.36-34.48",4
"Laminaria ephemera",FALSE,FALSE,TRUE,0,242,9,0,103,4,0,"Northern Only Presence","34.36-34.48",4
"Laminaria farlowii",TRUE,FALSE,FALSE,0,242,9,0,103,1,0,"Southern Only Presence","34.36-34.48",4
"Laminaria setchellii",FALSE,FALSE,TRUE,0,242,9,0,103,553,0,"Northern Only Presence","34.36-34.48",4
"Laminaria sinclairii",FALSE,TRUE,TRUE,3,242,9,3,103,252,13.6363636363636,"Southern Range Edge","34.36-34.48",4
"Laurencia pacifica/masonii",TRUE,TRUE,TRUE,7,242,9,4,103,462,22.7272727272727,"Continuous Presence","34.36-34.48",4
"Laurencia spp",TRUE,TRUE,FALSE,1,242,9,1,103,15,4.54545454545455,"Northern Range Edge","34.36-34.48",4
"Lepidozona spp",TRUE,FALSE,TRUE,0,313,9,0,108,127,0,"Avoidant","34.36-34.48",4
"Leptasterias spp",TRUE,FALSE,TRUE,0,313,9,0,108,1995,0,"Avoidant","34.36-34.48",4
"Lessoniopsis littoralis",FALSE,FALSE,TRUE,0,242,9,0,103,10,0,"Northern Only Presence","34.36-34.48",4
"Ligia spp",TRUE,TRUE,TRUE,1,313,9,1,108,32,4.16666666666667,"Continuous Presence","34.36-34.48",4
"Limacia cockerelli",TRUE,FALSE,FALSE,0,313,9,0,108,2,0,"Southern Only Presence","34.36-34.48",4
"Linckia columbiae",FALSE,FALSE,FALSE,0,391,9,0,108,0,0,"Absent","34.36-34.48",4
"Lirabuccinum dirum",FALSE,FALSE,TRUE,0,313,9,0,108,133,0,"Northern Only Presence","34.36-34.48",4
"Lirularia/Margarites spp",TRUE,TRUE,TRUE,1,313,9,1,108,396,4.16666666666667,"Continuous Presence","34.36-34.48",4
"Lithophyllum/Lithothamnion spp",TRUE,TRUE,TRUE,1,242,9,1,103,159,4.54545454545455,"Continuous Presence","34.36-34.48",4
"Lithothrix aspergillum",TRUE,TRUE,TRUE,1,242,9,1,103,1542,4.54545454545455,"Continuous Presence","34.36-34.48",4
"Littorina spp.",TRUE,TRUE,TRUE,26,313,9,9,108,737668,45.8333333333333,"Continuous Presence","34.36-34.48",4
"Lomentaria hakodatensis",TRUE,FALSE,FALSE,0,242,9,0,103,250,0,"Southern Only Presence","34.36-34.48",4
"Lottia asmi",FALSE,TRUE,TRUE,4,313,9,4,108,357,12.5,"Southern Range Edge","34.36-34.48",4
"Lottia austrodigitalis/digitalis",TRUE,TRUE,TRUE,24,313,9,9,108,70520,41.6666666666667,"Continuous Presence","34.36-34.48",4
"Lottia fenestrata",TRUE,TRUE,TRUE,4,313,9,4,108,1030,8.33333333333333,"Continuous Presence","34.36-34.48",4
"Lottia instabilis",TRUE,TRUE,TRUE,3,313,9,2,108,229,12.5,"Continuous Presence","34.36-34.48",4
"Lottia limatula",TRUE,TRUE,TRUE,14,313,9,6,108,3715,37.5,"Continuous Presence","34.36-34.48",4
"Lottia paradigitalis/strigatella",TRUE,TRUE,TRUE,26,313,9,9,108,87755,45.8333333333333,"Continuous Presence","34.36-34.48",4
"Lottia pelta",TRUE,TRUE,TRUE,25,313,9,9,108,14378,45.8333333333333,"Continuous Presence","34.36-34.48",4
"Lottia persona",TRUE,FALSE,TRUE,0,313,9,0,108,82,0,"Avoidant","34.36-34.48",4
"Lottia polyfacies",TRUE,FALSE,FALSE,0,313,9,0,108,37,0,"Southern Only Presence","34.36-34.48",4
"Lottia scabra/conus",TRUE,TRUE,TRUE,26,313,9,9,108,120485,45.8333333333333,"Continuous Presence","34.36-34.48",4
"Lottia scutum",TRUE,TRUE,TRUE,11,313,9,7,108,2814,29.1666666666667,"Continuous Presence","34.36-34.48",4
"Macrocystis pyrifera",TRUE,TRUE,TRUE,1,242,9,1,103,74,4.54545454545455,"Continuous Presence","34.36-34.48",4
"Macron lividus",TRUE,FALSE,FALSE,0,313,9,0,108,145,0,"Southern Only Presence","34.36-34.48",4
"Mastocarpus spp",TRUE,TRUE,TRUE,9,242,9,6,103,12690,31.8181818181818,"Continuous Presence","34.36-34.48",4
"Maxwellia gemma",TRUE,FALSE,FALSE,0,313,9,0,108,5,0,"Southern Only Presence","34.36-34.48",4
"Mazzaella affinis",TRUE,TRUE,TRUE,11,242,9,6,103,821,31.8181818181818,"Continuous Presence","34.36-34.48",4
"Mazzaella flaccida/oregona/splendens",TRUE,TRUE,TRUE,11,242,9,5,103,11621,36.3636363636364,"Continuous Presence","34.36-34.48",4
"Mazzaella leptorhynchos",TRUE,TRUE,TRUE,15,242,9,9,103,455,40.9090909090909,"Continuous Presence","34.36-34.48",4
"Mazzaella linearis",FALSE,FALSE,TRUE,0,242,9,0,103,87,0,"Northern Only Presence","34.36-34.48",4
"Mazzaella parksii",FALSE,FALSE,TRUE,0,242,9,0,103,115,0,"Northern Only Presence","34.36-34.48",4
"Mazzaella phyllocarpa",FALSE,FALSE,FALSE,0,242,9,0,103,0,0,"Absent","34.36-34.48",4
"Mazzaella volans",TRUE,TRUE,TRUE,6,242,9,4,103,23,22.7272727272727,"Continuous Presence","34.36-34.48",4
"Megabalanus californicus",TRUE,FALSE,TRUE,0,242,9,0,103,3,0,"Avoidant","34.36-34.48",4
"Megastraea undosa",TRUE,FALSE,FALSE,0,313,9,0,108,10,0,"Southern Only Presence","34.36-34.48",4
"Melanosiphon/Scytosiphon spp",TRUE,TRUE,TRUE,9,242,9,5,103,208,22.7272727272727,"Continuous Presence","34.36-34.48",4
"Membranipora spp",TRUE,TRUE,TRUE,1,242,9,1,103,5,4.54545454545455,"Continuous Presence","34.36-34.48",4
"Metridium senile",FALSE,FALSE,FALSE,0,242,9,0,103,0,0,"Absent","34.36-34.48",4
"Mexacanthina lugubris",TRUE,FALSE,FALSE,0,313,9,0,108,253,0,"Southern Only Presence","34.36-34.48",4
"Microcladia borealis",TRUE,TRUE,TRUE,1,242,9,1,103,835,4.54545454545455,"Continuous Presence","34.36-34.48",4
"Microcladia coulteri",FALSE,TRUE,TRUE,3,242,9,2,103,18,13.6363636363636,"Southern Range Edge","34.36-34.48",4
"Mopalia spp",TRUE,TRUE,TRUE,20,313,9,8,108,1201,41.6666666666667,"Continuous Presence","34.36-34.48",4
"Mytilisepta/Brachidontes spp",TRUE,TRUE,TRUE,15,242,9,6,103,243,45.4545454545455,"Continuous Presence","34.36-34.48",4
"Mytilus californianus",TRUE,TRUE,TRUE,26,242,9,9,103,25035,50,"Continuous Presence","34.36-34.48",4
"Mytilus trossulus/galloprovincialis/edulis",TRUE,TRUE,TRUE,6,242,9,5,103,126,18.1818181818182,"Continuous Presence","34.36-34.48",4
"Navanax inermis",TRUE,FALSE,FALSE,0,313,9,0,108,4,0,"Southern Only Presence","34.36-34.48",4
"Nemalion elminthoides",TRUE,FALSE,TRUE,0,242,9,0,103,5,0,"Avoidant","34.36-34.48",4
"Neogastroclonium subarticulatum",TRUE,TRUE,TRUE,17,242,9,7,103,1776,40.9090909090909,"Continuous Presence","34.36-34.48",4
"Neoptilota/Ptilota spp",FALSE,TRUE,TRUE,1,242,9,1,103,293,4.54545454545455,"Southern Range Edge","34.36-34.48",4
"Neorhodomela larix",FALSE,TRUE,TRUE,6,242,9,3,103,2604,22.7272727272727,"Southern Range Edge","34.36-34.48",4
"Neorhodomela oregona",FALSE,FALSE,TRUE,0,242,9,0,103,392,0,"Northern Only Presence","34.36-34.48",4
"Nereocystis luetkeana",FALSE,FALSE,TRUE,0,242,9,0,103,40,0,"Northern Only Presence","34.36-34.48",4
"Nienburgia andersoniana",TRUE,TRUE,TRUE,4,242,9,2,103,135,18.1818181818182,"Continuous Presence","34.36-34.48",4
"Non Coralline crust",TRUE,TRUE,TRUE,26,242,9,9,103,15090,50,"Continuous Presence","34.36-34.48",4
"Norrisia norrisii",TRUE,FALSE,TRUE,0,313,9,0,108,12,0,"Avoidant","34.36-34.48",4
"Nucella canaliculata",TRUE,TRUE,TRUE,3,313,9,2,108,703,8.33333333333333,"Continuous Presence","34.36-34.48",4
"Nucella emarginata/ostrina",TRUE,TRUE,TRUE,26,313,9,9,108,10126,45.8333333333333,"Continuous Presence","34.36-34.48",4
"Nucella lamellosa",FALSE,FALSE,TRUE,0,313,9,0,108,2,0,"Northern Only Presence","34.36-34.48",4
"Nuttallina spp",TRUE,TRUE,TRUE,25,313,9,9,108,15520,45.8333333333333,"Continuous Presence","34.36-34.48",4
"Obelia spp",TRUE,FALSE,FALSE,0,242,9,0,103,2,0,"Southern Only Presence","34.36-34.48",4
"Odonthalia floccosa",TRUE,TRUE,TRUE,1,242,9,1,103,4729,4.54545454545455,"Continuous Presence","34.36-34.48",4
"Odonthalia washingtoniensis",FALSE,FALSE,TRUE,0,242,9,0,103,9,0,"Northern Only Presence","34.36-34.48",4
"Oedignathus inermis",FALSE,FALSE,TRUE,0,313,9,0,108,38,0,"Northern Only Presence","34.36-34.48",4
"Olivella biplicata",TRUE,TRUE,TRUE,2,313,9,2,108,5,8.33333333333333,"Continuous Presence","34.36-34.48",4
"Onchidella borealis",FALSE,FALSE,TRUE,0,313,9,0,108,1477,0,"Northern Only Presence","34.36-34.48",4
"Onchidoris bilamellata",FALSE,FALSE,FALSE,0,313,9,0,108,0,0,"Absent","34.36-34.48",4
"Opalia borealis",FALSE,FALSE,TRUE,0,313,9,0,108,3,0,"Northern Only Presence","34.36-34.48",4
"Opalia funiculata",TRUE,TRUE,TRUE,10,313,9,5,108,105,25,"Continuous Presence","34.36-34.48",4
"Ophiuroid",TRUE,FALSE,TRUE,0,313,9,0,108,27,0,"Avoidant","34.36-34.48",4
"Ophlitaspongia pennata",TRUE,TRUE,TRUE,2,242,9,2,103,65,4.54545454545455,"Continuous Presence","34.36-34.48",4
"Opuntiella californica",FALSE,FALSE,FALSE,0,242,9,0,103,0,0,"Absent","34.36-34.48",4
"Oregonia gracilis",FALSE,FALSE,FALSE,0,313,9,0,108,0,0,"Absent","34.36-34.48",4
"Orienthella trilineata",FALSE,FALSE,TRUE,0,313,9,0,108,4,0,"Northern Only Presence","34.36-34.48",4
"Osmundea sinicola",TRUE,TRUE,TRUE,1,242,9,1,103,244,4.54545454545455,"Continuous Presence","34.36-34.48",4
"Osmundea spectabilis",TRUE,TRUE,TRUE,11,242,9,7,103,465,31.8181818181818,"Continuous Presence","34.36-34.48",4
"Osmundea splendens",TRUE,FALSE,TRUE,0,242,9,0,103,7,0,"Avoidant","34.36-34.48",4
"Pachycheles spp",TRUE,TRUE,TRUE,4,313,9,3,108,116,16.6666666666667,"Continuous Presence","34.36-34.48",4
"Pachygrapsus crassipes",TRUE,TRUE,TRUE,25,313,9,9,108,4995,41.6666666666667,"Continuous Presence","34.36-34.48",4
"Paciocinebrina circumtexta",TRUE,TRUE,TRUE,5,313,9,4,108,445,12.5,"Continuous Presence","34.36-34.48",4
"Paciocinebrina interfossa",TRUE,FALSE,TRUE,0,313,9,0,108,74,0,"Avoidant","34.36-34.48",4
"Paciocinebrina lurida",FALSE,TRUE,TRUE,2,313,9,2,108,12,8.33333333333333,"Southern Range Edge","34.36-34.48",4
"Padina spp",FALSE,FALSE,FALSE,0,242,9,0,103,0,0,"Absent","34.36-34.48",4
"Pagurus beringanus",FALSE,FALSE,TRUE,0,313,9,0,108,13,0,"Northern Only Presence","34.36-34.48",4
"Pagurus caurinus",FALSE,FALSE,TRUE,0,313,9,0,108,2,0,"Northern Only Presence","34.36-34.48",4
"Pagurus granosimanus",TRUE,TRUE,TRUE,1,313,9,1,108,620,4.16666666666667,"Continuous Presence","34.36-34.48",4
"Pagurus hemphilli",TRUE,FALSE,TRUE,0,313,9,0,108,7,0,"Avoidant","34.36-34.48",4
"Pagurus hirsutiusculus",TRUE,TRUE,TRUE,20,313,9,8,108,5489,37.5,"Continuous Presence","34.36-34.48",4
"Pagurus samuelis",TRUE,TRUE,TRUE,7,313,9,4,108,4232,29.1666666666667,"Continuous Presence","34.36-34.48",4
"Palmaria callophylloides",FALSE,FALSE,FALSE,0,242,9,0,103,0,0,"Absent","34.36-34.48",4
"Palmaria hecatensis",FALSE,FALSE,FALSE,0,242,9,0,103,0,0,"Absent","34.36-34.48",4
"Palmaria mollis",FALSE,FALSE,TRUE,0,242,9,0,103,53,0,"Northern Only Presence","34.36-34.48",4
"Palmaria palmata",FALSE,FALSE,FALSE,0,242,9,0,103,0,0,"Absent","34.36-34.48",4
"Panulirus interruptus",FALSE,FALSE,FALSE,0,391,9,0,108,0,0,"Absent","34.36-34.48",4
"Paraxanthias taylori",TRUE,FALSE,TRUE,0,313,9,0,108,4,0,"Avoidant","34.36-34.48",4
"Patiria miniata",TRUE,TRUE,TRUE,2,391,9,2,108,882,8.69565217391304,"Continuous Presence","34.36-34.48",4
"Peltodoris nobilis",FALSE,FALSE,TRUE,0,313,9,0,108,17,0,"Northern Only Presence","34.36-34.48",4
"Pelvetiopsis arborescens/hybrida/limitata",TRUE,FALSE,TRUE,0,242,9,0,103,3166,0,"Avoidant","34.36-34.48",4
"Pelvetiopsis californica",TRUE,FALSE,TRUE,0,242,9,0,103,351,0,"Avoidant","34.36-34.48",4
"Petaloconchus montereyensis",FALSE,FALSE,TRUE,0,242,9,0,103,1,0,"Northern Only Presence","34.36-34.48",4
"Petrolisthes spp",TRUE,TRUE,TRUE,3,313,9,3,108,229,8.33333333333333,"Continuous Presence","34.36-34.48",4
"Petrospongium rugosum",TRUE,TRUE,TRUE,8,242,9,6,103,420,22.7272727272727,"Continuous Presence","34.36-34.48",4
"Phragmatopoma/Sabellaria spp",TRUE,TRUE,TRUE,22,242,9,8,103,3827,50,"Continuous Presence","34.36-34.48",4
"Phyllospadix scouleri/serrulatus",TRUE,TRUE,TRUE,6,242,9,3,103,5564,22.7272727272727,"Continuous Presence","34.36-34.48",4
"Phyllospadix torreyi",TRUE,TRUE,TRUE,24,242,9,7,103,9543,50,"Continuous Presence","34.36-34.48",4
"Pilayella littoralis",FALSE,FALSE,FALSE,0,242,9,0,103,0,0,"Absent","34.36-34.48",4
"Pisaster giganteus",TRUE,TRUE,TRUE,4,391,9,2,108,46,17.3913043478261,"Continuous Presence","34.36-34.48",4
"Pisaster ochraceus",TRUE,TRUE,TRUE,34,391,9,8,108,39106,69.5652173913043,"Continuous Presence","34.36-34.48",4
"Pista spp",TRUE,TRUE,TRUE,1,242,9,1,103,109,4.54545454545455,"Continuous Presence","34.36-34.48",4
"Placiphorella velata",FALSE,FALSE,TRUE,0,313,9,0,108,6,0,"Northern Only Presence","34.36-34.48",4
"Pleonosporium spp",FALSE,FALSE,FALSE,0,242,9,0,103,0,0,"Absent","34.36-34.48",4
"Plocamium oregonum",FALSE,FALSE,TRUE,0,242,9,0,103,2,0,"Northern Only Presence","34.36-34.48",4
"Plocamium pacificum",TRUE,TRUE,TRUE,12,242,9,5,103,828,40.9090909090909,"Continuous Presence","34.36-34.48",4
"Plocamium violaceum",TRUE,FALSE,TRUE,0,242,9,0,103,165,0,"Avoidant","34.36-34.48",4
"Pododesmus macrochisma",FALSE,FALSE,FALSE,0,242,9,0,103,0,0,"Absent","34.36-34.48",4
"Pollicipes polymerus",TRUE,TRUE,TRUE,20,242,9,9,103,1847,40.9090909090909,"Continuous Presence","34.36-34.48",4
"Polyneura latissima",FALSE,TRUE,TRUE,1,242,9,1,103,26,4.54545454545455,"Southern Range Edge","34.36-34.48",4
"Polysiphonia spp",TRUE,TRUE,TRUE,20,242,9,8,103,942,40.9090909090909,"Continuous Presence","34.36-34.48",4
"Potamilla occelata",TRUE,FALSE,FALSE,0,242,9,0,103,1,0,"Southern Only Presence","34.36-34.48",4
"Primavelans insculpta",FALSE,FALSE,FALSE,0,242,9,0,103,0,0,"Absent","34.36-34.48",4
"Prionitis filiformis",FALSE,FALSE,TRUE,0,242,9,0,103,2,0,"Northern Only Presence","34.36-34.48",4
"Prionitis lanceolata",TRUE,TRUE,TRUE,15,242,9,7,103,2212,40.9090909090909,"Continuous Presence","34.36-34.48",4
"Prionitis linearis",TRUE,FALSE,TRUE,0,242,9,0,103,8,0,"Avoidant","34.36-34.48",4
"Prionitis sternbergii",TRUE,TRUE,TRUE,4,242,9,4,103,237,9.09090909090909,"Continuous Presence","34.36-34.48",4
"Pseudochama exogyra",TRUE,TRUE,FALSE,3,242,9,2,103,278,13.6363636363636,"Northern Range Edge","34.36-34.48",4
"Pseudolithoderma nigrum",TRUE,TRUE,TRUE,10,242,9,6,103,607,22.7272727272727,"Continuous Presence","34.36-34.48",4
"Pseudomelatoma penicillata",TRUE,FALSE,TRUE,0,313,9,0,108,4,0,"Avoidant","34.36-34.48",4
"Pseudomelatoma torosa",TRUE,FALSE,TRUE,0,313,9,0,108,16,0,"Avoidant","34.36-34.48",4
"Pseudopusula californiana",TRUE,FALSE,FALSE,0,313,9,0,108,1,0,"Southern Only Presence","34.36-34.48",4
"Pterocladiella capillacea",TRUE,FALSE,TRUE,0,242,9,0,103,1208,0,"Avoidant","34.36-34.48",4
"Pterocladiella media",TRUE,FALSE,TRUE,0,242,9,0,103,21,0,"Avoidant","34.36-34.48",4
"Pteropurpura trialata",TRUE,FALSE,FALSE,0,313,9,0,108,2,0,"Southern Only Presence","34.36-34.48",4
"Pterygophora californica",FALSE,FALSE,TRUE,0,242,9,0,103,26,0,"Northern Only Presence","34.36-34.48",4
"Pugettia foliata",FALSE,FALSE,FALSE,0,313,9,0,108,0,0,"Absent","34.36-34.48",4
"Pugettia gracilis/richii",TRUE,TRUE,TRUE,3,313,9,2,108,97,12.5,"Continuous Presence","34.36-34.48",4
"Pugettia producta",TRUE,TRUE,TRUE,7,313,9,4,108,541,20.8333333333333,"Continuous Presence","34.36-34.48",4
"Pycnogonida",TRUE,FALSE,TRUE,0,313,9,0,108,22,0,"Avoidant","34.36-34.48",4
"Pycnopodia helianthoides",FALSE,FALSE,TRUE,0,391,9,0,108,81,0,"Northern Only Presence","34.36-34.48",4
"Pyropia spp",TRUE,TRUE,TRUE,16,242,9,6,103,1718,40.9090909090909,"Continuous Presence","34.36-34.48",4
"Rhodymenia californica",TRUE,TRUE,TRUE,1,242,9,1,103,50,4.54545454545455,"Continuous Presence","34.36-34.48",4
"Rhodymenia pacifica",TRUE,TRUE,TRUE,1,242,9,1,103,44,4.54545454545455,"Continuous Presence","34.36-34.48",4
"Roperia poulsoni",TRUE,TRUE,FALSE,3,313,9,2,108,106,8.33333333333333,"Northern Range Edge","34.36-34.48",4
"Saccharina latissima",FALSE,FALSE,FALSE,0,242,9,0,103,0,0,"Absent","34.36-34.48",4
"Sarcodiotheca gaudichaudii",TRUE,TRUE,TRUE,12,242,9,7,103,94,31.8181818181818,"Continuous Presence","34.36-34.48",4
"Sargassum agardhianum",TRUE,FALSE,TRUE,0,242,9,0,103,12,0,"Avoidant","34.36-34.48",4
"Sargassum horneri",TRUE,FALSE,FALSE,0,242,9,0,103,6,0,"Southern Only Presence","34.36-34.48",4
"Sargassum muticum",TRUE,TRUE,TRUE,6,242,9,3,103,1200,22.7272727272727,"Continuous Presence","34.36-34.48",4
"Sargassum palmeri",FALSE,FALSE,FALSE,0,242,9,0,103,0,0,"Absent","34.36-34.48",4
"Savoiea bipinnata",TRUE,TRUE,TRUE,4,242,9,3,103,358,18.1818181818182,"Continuous Presence","34.36-34.48",4
"Schizoporella unicornis",FALSE,FALSE,FALSE,0,242,9,0,103,0,0,"Absent","34.36-34.48",4
"Semibalanus cariosus",FALSE,FALSE,TRUE,0,242,9,0,103,508,0,"Northern Only Presence","34.36-34.48",4
"Serpula vermicularis",TRUE,FALSE,TRUE,0,242,9,0,103,15,0,"Avoidant","34.36-34.48",4
"Sertularella/Sertularia spp",TRUE,FALSE,TRUE,0,242,9,0,103,4,0,"Avoidant","34.36-34.48",4
"Silvetia compressa",TRUE,TRUE,TRUE,9,242,9,4,103,6522,27.2727272727273,"Continuous Presence","34.36-34.48",4
"Siphonaria brannani",FALSE,FALSE,FALSE,0,313,9,0,108,0,0,"Absent","34.36-34.48",4
"Siphonaria thersites",FALSE,FALSE,FALSE,0,313,9,0,108,0,0,"Absent","34.36-34.48",4
"Sorella delicatula",FALSE,FALSE,FALSE,0,242,9,0,103,0,0,"Absent","34.36-34.48",4
"Sphacelaria californica",TRUE,FALSE,FALSE,0,242,9,0,103,12,0,"Southern Only Presence","34.36-34.48",4
"Spirobranchus spinosus",FALSE,FALSE,TRUE,0,242,9,0,103,2,0,"Northern Only Presence","34.36-34.48",4
"Spirorbis spp",TRUE,FALSE,TRUE,0,242,9,0,103,124,0,"Avoidant","34.36-34.48",4
"Spyridia filamentosa",TRUE,FALSE,FALSE,0,242,9,0,103,72,0,"Southern Only Presence","34.36-34.48",4
"Stenoplax conspicua",TRUE,FALSE,FALSE,0,313,9,0,108,34,0,"Southern Only Presence","34.36-34.48",4
"Stephanocystis dioica",TRUE,TRUE,TRUE,2,242,9,2,103,422,9.09090909090909,"Continuous Presence","34.36-34.48",4
"Stephanocystis osmundacea",TRUE,TRUE,TRUE,7,242,9,3,103,428,22.7272727272727,"Continuous Presence","34.36-34.48",4
"Strongylocentrotus droebachiensis",FALSE,FALSE,FALSE,0,313,9,0,108,0,0,"Absent","34.36-34.48",4
"Strongylocentrotus franciscanus",FALSE,FALSE,TRUE,0,313,9,0,108,25,0,"Northern Only Presence","34.36-34.48",4
"Strongylocentrotus purpuratus",TRUE,TRUE,TRUE,9,313,9,5,108,11680,25,"Continuous Presence","34.36-34.48",4
"Styela montereyensis",FALSE,TRUE,TRUE,1,242,9,1,103,6,4.54545454545455,"Southern Range Edge","34.36-34.48",4
"Symphyocladia dendroidea/Xiphosiphonia pennata",TRUE,TRUE,TRUE,19,242,9,8,103,343,40.9090909090909,"Continuous Presence","34.36-34.48",4
"Symphyocladiella baileyi",TRUE,TRUE,TRUE,8,242,9,6,103,48,31.8181818181818,"Continuous Presence","34.36-34.48",4
"Taonia lennebackerae",TRUE,TRUE,FALSE,4,242,9,4,103,20,13.6363636363636,"Northern Range Edge","34.36-34.48",4
"Tectura paleacea",TRUE,TRUE,TRUE,2,313,9,2,108,202,8.33333333333333,"Continuous Presence","34.36-34.48",4
"Tegula aureotincta",TRUE,TRUE,TRUE,4,313,9,4,108,178,8.33333333333333,"Continuous Presence","34.36-34.48",4
"Tegula brunnea",FALSE,FALSE,TRUE,0,313,9,0,108,1356,0,"Northern Only Presence","34.36-34.48",4
"Tegula eiseni",TRUE,FALSE,FALSE,0,313,9,0,108,1955,0,"Southern Only Presence","34.36-34.48",4
"Tegula funebralis/gallina",TRUE,TRUE,TRUE,25,313,9,9,108,83091,45.8333333333333,"Continuous Presence","34.36-34.48",4
"Tegula pulligo",FALSE,FALSE,FALSE,0,313,9,0,108,0,0,"Absent","34.36-34.48",4
"Tetraclita squamosa",TRUE,TRUE,TRUE,13,242,9,6,103,1055,40.9090909090909,"Continuous Presence","34.36-34.48",4
"Thylacodes squamigerus",TRUE,TRUE,TRUE,5,242,9,4,103,152,22.7272727272727,"Continuous Presence","34.36-34.48",4
"Tiffaniella snyderae",TRUE,TRUE,TRUE,15,242,9,8,103,206,36.3636363636364,"Continuous Presence","34.36-34.48",4
"Tonicella spp",TRUE,TRUE,TRUE,4,313,9,4,108,905,16.6666666666667,"Continuous Presence","34.36-34.48",4
"Trichotropis cancellata",FALSE,FALSE,FALSE,0,313,9,0,108,0,0,"Absent","34.36-34.48",4
"Ulothrix spp",FALSE,TRUE,TRUE,1,242,9,1,103,15,4.54545454545455,"Southern Range Edge","34.36-34.48",4
"Ulvophyceae",TRUE,TRUE,TRUE,25,242,9,8,103,5252,50,"Continuous Presence","34.36-34.48",4
"Urosalpinx subangulata",FALSE,FALSE,TRUE,0,313,9,0,108,15,0,"Northern Only Presence","34.36-34.48",4
"Urospora spp",TRUE,FALSE,FALSE,0,242,9,0,103,1,0,"Southern Only Presence","34.36-34.48",4
"Urticina coriacea",FALSE,FALSE,TRUE,0,242,9,0,103,7,0,"Northern Only Presence","34.36-34.48",4
"Verrucaria maura",FALSE,FALSE,FALSE,0,242,9,0,103,0,0,"Absent","34.36-34.48",4
"Xingyurella turgida",FALSE,FALSE,TRUE,0,242,9,0,103,1,0,"Northern Only Presence","34.36-34.48",4
"Zonaria farlowii",TRUE,TRUE,FALSE,2,242,9,1,103,81,9.09090909090909,"Northern Range Edge","34.36-34.48",4
"Zostera spp",FALSE,FALSE,FALSE,0,242,9,0,103,0,0,"Absent","34.36-34.48",4
"Abietinaria/Amphisbetia spp",FALSE,FALSE,TRUE,0,242,7,0,103,9,0,"Northern Only Presence","34.48-35.24",5
"Acanthinucella paucilirata",TRUE,FALSE,FALSE,0,313,7,0,108,4,0,"Southern Only Presence","34.48-35.24",5
"Acanthinucella spp",TRUE,TRUE,TRUE,16,313,7,6,108,2214,45.8333333333333,"Continuous Presence","34.48-35.24",5
"Acmaea mitra",FALSE,TRUE,TRUE,2,313,7,1,108,141,8.33333333333333,"Southern Range Edge","34.48-35.24",5
"Acrosiphonia/Cladophora spp",TRUE,FALSE,TRUE,0,242,7,0,103,175,0,"Avoidant","34.48-35.24",5
"Acrosorium ciliolatum",TRUE,FALSE,FALSE,0,242,7,0,103,143,0,"Southern Only Presence","34.48-35.24",5
"Aeolidia papillosa",FALSE,FALSE,TRUE,0,313,7,0,108,3,0,"Northern Only Presence","34.48-35.24",5
"Aglaophenia spp",TRUE,FALSE,TRUE,0,242,7,0,103,18,0,"Avoidant","34.48-35.24",5
"Ahnfeltia fastigiata",TRUE,FALSE,TRUE,0,242,7,0,103,117,0,"Avoidant","34.48-35.24",5
"Ahnfeltiopsis linearis",TRUE,FALSE,TRUE,0,242,7,0,103,56,0,"Avoidant","34.48-35.24",5
"Alaria marginata",FALSE,FALSE,TRUE,0,242,7,0,103,1018,0,"Northern Only Presence","34.48-35.24",5
"Alia spp",TRUE,TRUE,TRUE,9,313,7,4,108,1445,37.5,"Continuous Presence","34.48-35.24",5
"Amphiroa beauvoisii",TRUE,FALSE,FALSE,0,242,7,0,103,2,0,"Southern Only Presence","34.48-35.24",5
"Amphissa columbiana",TRUE,FALSE,TRUE,0,313,7,0,108,31,0,"Avoidant","34.48-35.24",5
"Amphissa versicolor",TRUE,TRUE,TRUE,8,313,7,5,108,299,25,"Continuous Presence","34.48-35.24",5
"Analipus japonicus",TRUE,TRUE,TRUE,8,242,7,4,103,379,31.8181818181818,"Continuous Presence","34.48-35.24",5
"Anisocladella pacifica",TRUE,FALSE,TRUE,0,242,7,0,103,4,0,"Avoidant","34.48-35.24",5
"Anthopleura artemisia",FALSE,FALSE,TRUE,0,242,7,0,103,3,0,"Northern Only Presence","34.48-35.24",5
"Anthopleura elegantissima",TRUE,TRUE,TRUE,13,242,7,7,103,5148,45.4545454545455,"Continuous Presence","34.48-35.24",5
"Anthopleura sola",TRUE,TRUE,TRUE,18,242,7,7,103,2460,54.5454545454545,"Continuous Presence","34.48-35.24",5
"Anthopleura xanthogrammica",TRUE,TRUE,TRUE,4,242,7,3,103,791,13.6363636363636,"Continuous Presence","34.48-35.24",5
"Antithamnionella spp",FALSE,FALSE,FALSE,0,242,7,0,103,0,0,"Absent","34.48-35.24",5
"Aplidium spp",TRUE,FALSE,TRUE,0,242,7,0,103,73,0,"Avoidant","34.48-35.24",5
"Aplysia californica",TRUE,FALSE,FALSE,0,313,7,0,108,11,0,"Southern Only Presence","34.48-35.24",5
"Asparagopsis taxiformis",TRUE,FALSE,FALSE,0,242,7,0,103,97,0,"Southern Only Presence","34.48-35.24",5
"Atrimitra idae",FALSE,FALSE,FALSE,0,313,7,0,108,0,0,"Absent","34.48-35.24",5
"Balanus crenatus",FALSE,FALSE,TRUE,0,242,7,0,103,1,0,"Northern Only Presence","34.48-35.24",5
"Balanus glandula",TRUE,TRUE,TRUE,15,242,7,5,103,5046,45.4545454545455,"Continuous Presence","34.48-35.24",5
"Balanus glandula/Semibalanus balanoides",FALSE,FALSE,FALSE,0,242,7,0,103,0,0,"Absent","34.48-35.24",5
"Balanus nubilus",FALSE,FALSE,TRUE,0,242,7,0,103,6,0,"Northern Only Presence","34.48-35.24",5
"Bangia spp",TRUE,TRUE,TRUE,1,242,7,1,103,63,4.54545454545455,"Continuous Presence","34.48-35.24",5
"Besa leptophylla",TRUE,FALSE,TRUE,0,242,7,0,103,41,0,"Avoidant","34.48-35.24",5
"Bittium eschrichtii",TRUE,TRUE,TRUE,1,313,7,1,108,898,4.16666666666667,"Continuous Presence","34.48-35.24",5
"Boring clam",TRUE,FALSE,TRUE,0,242,7,0,103,12,0,"Avoidant","34.48-35.24",5
"Bossiella spp",TRUE,TRUE,TRUE,14,242,7,7,103,1442,45.4545454545455,"Continuous Presence","34.48-35.24",5
"Bryopsis spp",TRUE,TRUE,TRUE,3,242,7,3,103,12,13.6363636363636,"Continuous Presence","34.48-35.24",5
"Bugula neritina",TRUE,FALSE,FALSE,0,242,7,0,103,18,0,"Southern Only Presence","34.48-35.24",5
"Californiconus californicus",TRUE,FALSE,TRUE,0,313,7,0,108,217,0,"Avoidant","34.48-35.24",5
"Calliarthron spp",TRUE,TRUE,TRUE,14,242,7,5,103,1229,45.4545454545455,"Continuous Presence","34.48-35.24",5
"Calliostoma annulatum",FALSE,TRUE,TRUE,1,313,7,1,108,5,4.16666666666667,"Southern Range Edge","34.48-35.24",5
"Calliostoma canaliculatum",FALSE,TRUE,TRUE,2,313,7,1,108,25,8.33333333333333,"Southern Range Edge","34.48-35.24",5
"Calliostoma ligatum",TRUE,TRUE,TRUE,1,313,7,1,108,90,4.16666666666667,"Continuous Presence","34.48-35.24",5
"Calliostoma supragranosum",FALSE,FALSE,TRUE,0,313,7,0,108,1,0,"Northern Only Presence","34.48-35.24",5
"Callithamnion pikeanum",TRUE,TRUE,TRUE,9,242,7,4,103,330,31.8181818181818,"Continuous Presence","34.48-35.24",5
"Callithamnion rupicola",TRUE,FALSE,TRUE,0,242,7,0,103,2,0,"Avoidant","34.48-35.24",5
"Callophyllis spp",TRUE,FALSE,TRUE,0,242,7,0,103,68,0,"Avoidant","34.48-35.24",5
"Cancer antennaria",TRUE,TRUE,TRUE,2,313,7,2,108,55,8.33333333333333,"Continuous Presence","34.48-35.24",5
"Cancer oregonensis",TRUE,FALSE,TRUE,0,313,7,0,108,3,0,"Avoidant","34.48-35.24",5
"Cancer productus",FALSE,FALSE,TRUE,0,313,7,0,108,1,0,"Northern Only Presence","34.48-35.24",5
"Carpopeltis bushiae",FALSE,FALSE,FALSE,0,242,7,0,103,0,0,"Absent","34.48-35.24",5
"Caulacanthus okamurae",TRUE,TRUE,TRUE,1,242,7,1,103,1831,4.54545454545455,"Continuous Presence","34.48-35.24",5
"Ceratostoma foliatum",TRUE,FALSE,TRUE,0,313,7,0,108,5,0,"Avoidant","34.48-35.24",5
"Ceratostoma nuttalli",TRUE,FALSE,TRUE,0,313,7,0,108,46,0,"Avoidant","34.48-35.24",5
"Cerithiopsis spp",TRUE,FALSE,FALSE,0,313,7,0,108,2,0,"Southern Only Presence","34.48-35.24",5
"Chaetomorpha spp",TRUE,TRUE,TRUE,1,242,7,1,103,148,4.54545454545455,"Continuous Presence","34.48-35.24",5
"Chondracanthus canaliculatus",TRUE,TRUE,TRUE,18,242,7,7,103,5926,54.5454545454545,"Continuous Presence","34.48-35.24",5
"Chondracanthus corymbiferus/exaspertata",TRUE,TRUE,TRUE,1,242,7,1,103,74,4.54545454545455,"Continuous Presence","34.48-35.24",5
"Chondracanthus harveyanus",FALSE,FALSE,TRUE,0,242,7,0,103,5,0,"Northern Only Presence","34.48-35.24",5
"Chondracanthus spinosus",TRUE,TRUE,TRUE,3,242,7,3,103,42,9.09090909090909,"Continuous Presence","34.48-35.24",5
"Chondria acrorhizophora",TRUE,FALSE,FALSE,0,242,7,0,103,21,0,"Southern Only Presence","34.48-35.24",5
"Chondria arcuata",TRUE,FALSE,FALSE,0,242,7,0,103,16,0,"Southern Only Presence","34.48-35.24",5
"Chondria dasyphylla",TRUE,TRUE,FALSE,1,242,7,1,103,16,4.54545454545455,"Northern Range Edge","34.48-35.24",5
"Chondria decipiens",TRUE,FALSE,TRUE,0,242,7,0,103,25,0,"Avoidant","34.48-35.24",5
"Chondria nidifica",TRUE,TRUE,TRUE,3,242,7,2,103,157,13.6363636363636,"Continuous Presence","34.48-35.24",5
"Chondria oppositiclada",TRUE,FALSE,FALSE,0,242,7,0,103,23,0,"Southern Only Presence","34.48-35.24",5
"Chone minuta",FALSE,FALSE,TRUE,0,242,7,0,103,88,0,"Northern Only Presence","34.48-35.24",5
"Chthamalus dalli/fissus",TRUE,TRUE,TRUE,18,242,7,7,103,17343,54.5454545454545,"Continuous Presence","34.48-35.24",5
"Cirolana spp/Gnorimosphaeroma oregonense",TRUE,TRUE,TRUE,1,313,7,1,108,82,4.16666666666667,"Continuous Presence","34.48-35.24",5
"Cladophora columbiana",TRUE,TRUE,TRUE,14,242,7,6,103,1559,45.4545454545455,"Continuous Presence","34.48-35.24",5
"Cladophora graminea",TRUE,FALSE,TRUE,0,242,7,0,103,6,0,"Avoidant","34.48-35.24",5
"Clavelina huntsmani",FALSE,FALSE,TRUE,0,242,7,0,103,4,0,"Northern Only Presence","34.48-35.24",5
"Codium fragile",TRUE,TRUE,TRUE,2,242,7,1,103,51,9.09090909090909,"Continuous Presence","34.48-35.24",5
"Codium setchellii",FALSE,FALSE,TRUE,0,242,7,0,103,19,0,"Northern Only Presence","34.48-35.24",5
"Colonial diatom",TRUE,TRUE,TRUE,2,242,7,2,103,75,9.09090909090909,"Continuous Presence","34.48-35.24",5
"Colpomenia/Leathesia spp",TRUE,FALSE,TRUE,0,242,7,0,103,184,0,"Avoidant","34.48-35.24",5
"Constantinea simplex",FALSE,FALSE,TRUE,0,242,7,0,103,109,0,"Northern Only Presence","34.48-35.24",5
"Corallina spp",TRUE,TRUE,TRUE,18,242,7,7,103,18213,54.5454545454545,"Continuous Presence","34.48-35.24",5
"Corynactis californica",FALSE,FALSE,FALSE,0,242,7,0,103,0,0,"Absent","34.48-35.24",5
"Costaria costata",FALSE,FALSE,TRUE,0,242,7,0,103,93,0,"Northern Only Presence","34.48-35.24",5
"Crangon spp",TRUE,FALSE,TRUE,0,313,7,0,108,10,0,"Avoidant","34.48-35.24",5
"Crepipatella lingulata",TRUE,FALSE,TRUE,0,313,7,0,108,11,0,"Avoidant","34.48-35.24",5
"Cryptochiton stelleri",FALSE,TRUE,TRUE,2,391,7,2,108,236,8.69565217391304,"Southern Range Edge","34.48-35.24",5
"Cryptolithodes sitchensis",FALSE,FALSE,TRUE,0,313,7,0,108,5,0,"Northern Only Presence","34.48-35.24",5
"Cryptopleura/Hymenena spp",TRUE,TRUE,TRUE,15,242,7,6,103,3622,45.4545454545455,"Continuous Presence","34.48-35.24",5
"Cryptosiphonia woodii",TRUE,TRUE,TRUE,3,242,7,2,103,922,13.6363636363636,"Continuous Presence","34.48-35.24",5
"Cucumaria miniata",FALSE,FALSE,FALSE,0,313,7,0,108,0,0,"Absent","34.48-35.24",5
"Cucumaria/Pseudocnus spp",FALSE,FALSE,TRUE,0,313,7,0,108,573,0,"Northern Only Presence","34.48-35.24",5
"Cumagloia andersonii",TRUE,TRUE,TRUE,5,242,7,3,103,25,18.1818181818182,"Continuous Presence","34.48-35.24",5
"Cyanoplax hartwegii",TRUE,TRUE,TRUE,17,313,7,7,108,1890,50,"Continuous Presence","34.48-35.24",5
"Cyanoplax spp",TRUE,TRUE,TRUE,10,313,7,6,108,1882,33.3333333333333,"Continuous Presence","34.48-35.24",5
"Dasya binghamiae",TRUE,TRUE,TRUE,1,242,7,1,103,18,4.54545454545455,"Continuous Presence","34.48-35.24",5
"Dasysiphonia japonica",TRUE,FALSE,FALSE,0,242,7,0,103,1,0,"Southern Only Presence","34.48-35.24",5
"Delesseria decipiens",FALSE,FALSE,TRUE,0,242,7,0,103,5,0,"Northern Only Presence","34.48-35.24",5
"Dendrobeania lichenoides",FALSE,FALSE,FALSE,0,242,7,0,103,0,0,"Absent","34.48-35.24",5
"Dendronotus subramosus",FALSE,FALSE,TRUE,0,313,7,0,108,1,0,"Northern Only Presence","34.48-35.24",5
"Dendropoma lituella",FALSE,FALSE,FALSE,0,242,7,0,103,0,0,"Absent","34.48-35.24",5
"Derbesia marina",FALSE,TRUE,TRUE,1,242,7,1,103,12,4.54545454545455,"Southern Range Edge","34.48-35.24",5
"Dermasterias imbricata",FALSE,FALSE,TRUE,0,391,7,0,108,683,0,"Northern Only Presence","34.48-35.24",5
"Desmarestia ligulata",TRUE,TRUE,TRUE,2,242,7,2,103,121,9.09090909090909,"Continuous Presence","34.48-35.24",5
"Diaperoecia californica",FALSE,FALSE,FALSE,0,242,7,0,103,0,0,"Absent","34.48-35.24",5
"Diaulula sandiegensis",TRUE,FALSE,TRUE,0,313,7,0,108,12,0,"Avoidant","34.48-35.24",5
"Dictyoneurum californicum",FALSE,FALSE,TRUE,0,242,7,0,103,12,0,"Northern Only Presence","34.48-35.24",5
"Dictyopteris undulata",TRUE,FALSE,FALSE,0,242,7,0,103,22,0,"Southern Only Presence","34.48-35.24",5
"Dictyota binghamiae",TRUE,FALSE,FALSE,0,242,7,0,103,4,0,"Southern Only Presence","34.48-35.24",5
"Dictyota coriacea",TRUE,FALSE,FALSE,0,242,7,0,103,138,0,"Southern Only Presence","34.48-35.24",5
"Dilsea californica",TRUE,FALSE,TRUE,0,242,7,0,103,447,0,"Avoidant","34.48-35.24",5
"Diodora aspera",TRUE,FALSE,TRUE,0,313,7,0,108,11,0,"Avoidant","34.48-35.24",5
"Dirona albolineata",FALSE,FALSE,TRUE,0,313,7,0,108,2,0,"Northern Only Presence","34.48-35.24",5
"Discurria insessa",TRUE,TRUE,TRUE,3,313,7,2,108,120,12.5,"Continuous Presence","34.48-35.24",5
"Distaplia occidentalis",FALSE,FALSE,TRUE,0,242,7,0,103,9,0,"Northern Only Presence","34.48-35.24",5
"Dodecaceria spp",TRUE,TRUE,TRUE,2,242,7,2,103,239,9.09090909090909,"Continuous Presence","34.48-35.24",5
"Doris montereyensis",FALSE,FALSE,TRUE,0,313,7,0,108,3,0,"Northern Only Presence","34.48-35.24",5
"Ectocarpus spp",TRUE,FALSE,FALSE,0,242,7,0,103,2,0,"Southern Only Presence","34.48-35.24",5
"Egregia menziesii",TRUE,TRUE,TRUE,11,242,7,5,103,5494,36.3636363636364,"Continuous Presence","34.48-35.24",5
"Eisenia arborea",TRUE,FALSE,TRUE,0,242,7,0,103,141,0,"Avoidant","34.48-35.24",5
"Encrusting coralline",TRUE,TRUE,TRUE,18,242,7,7,103,8084,54.5454545454545,"Continuous Presence","34.48-35.24",5
"Endarachne/Petalonia/Phaeostrophion spp",TRUE,TRUE,TRUE,5,242,7,3,103,381,22.7272727272727,"Continuous Presence","34.48-35.24",5
"Endocladia muricata",TRUE,TRUE,TRUE,18,242,7,7,103,14318,54.5454545454545,"Continuous Presence","34.48-35.24",5
"Endoplura aurea",FALSE,FALSE,FALSE,0,242,7,0,103,0,0,"Absent","34.48-35.24",5
"Epiactis prolifera",FALSE,FALSE,TRUE,0,242,7,0,103,5,0,"Northern Only Presence","34.48-35.24",5
"Epitonium tinctum",TRUE,TRUE,TRUE,6,313,7,3,108,388,20.8333333333333,"Continuous Presence","34.48-35.24",5
"Erythroglossum californicum",TRUE,TRUE,TRUE,3,242,7,2,103,48,13.6363636363636,"Continuous Presence","34.48-35.24",5
"Erythrophyllum delesserioides",TRUE,TRUE,TRUE,2,242,7,2,103,222,9.09090909090909,"Continuous Presence","34.48-35.24",5
"Eudendrium californicum",FALSE,FALSE,TRUE,0,242,7,0,103,2,0,"Northern Only Presence","34.48-35.24",5
"Eudistoma psammion",TRUE,FALSE,TRUE,0,242,7,0,103,45,0,"Avoidant","34.48-35.24",5
"Eudistoma ritteri",FALSE,FALSE,TRUE,0,242,7,0,103,4,0,"Northern Only Presence","34.48-35.24",5
"Eudistylia polymorpha",FALSE,FALSE,FALSE,0,242,7,0,103,0,0,"Absent","34.48-35.24",5
"Eupentacta spp",FALSE,FALSE,TRUE,0,313,7,0,108,11,0,"Northern Only Presence","34.48-35.24",5
"Eurystomella bilabiata",TRUE,TRUE,TRUE,1,242,7,1,103,29,4.54545454545455,"Continuous Presence","34.48-35.24",5
"Evasterias troschelii",FALSE,FALSE,FALSE,0,391,7,0,108,0,0,"Absent","34.48-35.24",5
"Farlowia compressa",FALSE,FALSE,TRUE,0,242,7,0,103,3,0,"Northern Only Presence","34.48-35.24",5
"Farlowia mollis",FALSE,TRUE,TRUE,2,242,7,2,103,17,9.09090909090909,"Southern Range Edge","34.48-35.24",5
"Farlowia/Pikea spp",TRUE,TRUE,TRUE,3,242,7,2,103,93,13.6363636363636,"Continuous Presence","34.48-35.24",5
"Fissurella volcano",TRUE,TRUE,TRUE,13,313,7,5,108,4909,41.6666666666667,"Continuous Presence","34.48-35.24",5
"Fissurellidea bimaculata",TRUE,FALSE,TRUE,0,313,7,0,108,5,0,"Avoidant","34.48-35.24",5
"Flustrellidra corniculata",FALSE,FALSE,TRUE,0,242,7,0,103,4,0,"Northern Only Presence","34.48-35.24",5
"Fredericqia chiton",TRUE,FALSE,FALSE,0,242,7,0,103,1,0,"Southern Only Presence","34.48-35.24",5
"Fucus spp",FALSE,TRUE,TRUE,6,242,7,3,103,3137,22.7272727272727,"Southern Range Edge","34.48-35.24",5
"Gastroclonium parvum",TRUE,FALSE,FALSE,0,242,7,0,103,162,0,"Southern Only Presence","34.48-35.24",5
"Gelidium purpurascens",TRUE,FALSE,TRUE,0,242,7,0,103,43,0,"Avoidant","34.48-35.24",5
"Gelidium robustum",TRUE,FALSE,TRUE,0,242,7,0,103,128,0,"Avoidant","34.48-35.24",5
"Gelidium spp",TRUE,TRUE,TRUE,18,242,7,7,103,4262,54.5454545454545,"Continuous Presence","34.48-35.24",5
"Gloiopeltis furcata",TRUE,FALSE,TRUE,0,242,7,0,103,69,0,"Avoidant","34.48-35.24",5
"Gloiosiphonia californica",FALSE,FALSE,TRUE,0,242,7,0,103,4,0,"Northern Only Presence","34.48-35.24",5
"Gracilariopsis/Gracilaria spp",TRUE,TRUE,TRUE,3,242,7,3,103,423,13.6363636363636,"Continuous Presence","34.48-35.24",5
"Grateloupia angusta",TRUE,FALSE,FALSE,0,242,7,0,103,2,0,"Southern Only Presence","34.48-35.24",5
"Grateloupia californica",TRUE,TRUE,TRUE,3,242,7,3,103,139,13.6363636363636,"Continuous Presence","34.48-35.24",5
"Grateloupia cornea",TRUE,FALSE,FALSE,0,242,7,0,103,4,0,"Southern Only Presence","34.48-35.24",5
"Halichondria panicea",TRUE,FALSE,TRUE,0,242,7,0,103,5,0,"Avoidant","34.48-35.24",5
"Halichondria spp",TRUE,FALSE,TRUE,0,242,7,0,103,57,0,"Avoidant","34.48-35.24",5
"Haliclona spp",TRUE,TRUE,TRUE,1,242,7,1,103,60,4.54545454545455,"Continuous Presence","34.48-35.24",5
"Halosaccion glandiforme",FALSE,TRUE,TRUE,4,242,7,2,103,769,18.1818181818182,"Southern Range Edge","34.48-35.24",5
"Halymenia/Schizymenia spp",FALSE,TRUE,TRUE,1,242,7,1,103,221,4.54545454545455,"Southern Range Edge","34.48-35.24",5
"Haminoea vesicula",TRUE,FALSE,FALSE,0,313,7,0,108,13,0,"Southern Only Presence","34.48-35.24",5
"Haminoea virescens",TRUE,FALSE,FALSE,0,313,7,0,108,12,0,"Southern Only Presence","34.48-35.24",5
"Hapalospongidion gelatinosum",FALSE,FALSE,FALSE,0,242,7,0,103,0,0,"Absent","34.48-35.24",5
"Haplogloia andersonii",TRUE,TRUE,TRUE,1,242,7,1,103,11,4.54545454545455,"Continuous Presence","34.48-35.24",5
"Hapterophycus canaliculatus",TRUE,FALSE,TRUE,0,242,7,0,103,93,0,"Avoidant","34.48-35.24",5
"Hedophyllum sessile",FALSE,FALSE,TRUE,0,242,7,0,103,720,0,"Northern Only Presence","34.48-35.24",5
"Heliaster kubiniji",FALSE,FALSE,FALSE,0,391,7,0,108,0,0,"Absent","34.48-35.24",5
"Hemigrapsus nudus",TRUE,TRUE,TRUE,1,313,7,1,108,66,4.16666666666667,"Continuous Presence","34.48-35.24",5
"Hemigrapsus oregonensis",FALSE,FALSE,TRUE,0,313,7,0,108,1,0,"Northern Only Presence","34.48-35.24",5
"Henricia spp",TRUE,TRUE,TRUE,1,391,7,1,108,446,4.34782608695652,"Continuous Presence","34.48-35.24",5
"Hermissenda crassicornis",TRUE,FALSE,TRUE,0,313,7,0,108,32,0,"Avoidant","34.48-35.24",5
"Herposiphonia littoralis",TRUE,FALSE,FALSE,0,242,7,0,103,9,0,"Southern Only Presence","34.48-35.24",5
"Herposiphonia plumula",FALSE,FALSE,FALSE,0,242,7,0,103,0,0,"Absent","34.48-35.24",5
"Herposiphonia verticillata",TRUE,FALSE,TRUE,0,242,7,0,103,15,0,"Avoidant","34.48-35.24",5
"Homalopoma spp",TRUE,FALSE,TRUE,0,313,7,0,108,191,0,"Avoidant","34.48-35.24",5
"Hypnea johnstonii",TRUE,FALSE,FALSE,0,242,7,0,103,12,0,"Southern Only Presence","34.48-35.24",5
"Hypnea valentiae",TRUE,FALSE,FALSE,0,242,7,0,103,164,0,"Southern Only Presence","34.48-35.24",5
"Hypnea variabilis",TRUE,FALSE,FALSE,0,242,7,0,103,5,0,"Southern Only Presence","34.48-35.24",5
"Idotea spp",TRUE,TRUE,TRUE,6,313,7,3,108,837,20.8333333333333,"Continuous Presence","34.48-35.24",5
"Jania rosea",TRUE,FALSE,FALSE,0,242,7,0,103,88,0,"Southern Only Presence","34.48-35.24",5
"Jania tenella",TRUE,FALSE,FALSE,0,242,7,0,103,13,0,"Southern Only Presence","34.48-35.24",5
"Jania verrucosa",TRUE,FALSE,FALSE,0,242,7,0,103,531,0,"Southern Only Presence","34.48-35.24",5
"Johansenia macmillanii",FALSE,FALSE,TRUE,0,242,7,0,103,4,0,"Northern Only Presence","34.48-35.24",5
"Katharina tunicata",FALSE,FALSE,TRUE,0,313,7,0,108,555,0,"Northern Only Presence","34.48-35.24",5
"Kelletia kelletii",TRUE,FALSE,FALSE,0,313,7,0,108,9,0,"Southern Only Presence","34.48-35.24",5
"Lacuna spp",TRUE,TRUE,TRUE,10,313,7,4,108,18119,33.3333333333333,"Continuous Presence","34.48-35.24",5
"Laminaria ephemera",FALSE,FALSE,TRUE,0,242,7,0,103,4,0,"Northern Only Presence","34.48-35.24",5
"Laminaria farlowii",TRUE,FALSE,FALSE,0,242,7,0,103,1,0,"Southern Only Presence","34.48-35.24",5
"Laminaria setchellii",FALSE,TRUE,TRUE,2,242,7,2,103,553,9.09090909090909,"Southern Range Edge","34.48-35.24",5
"Laminaria sinclairii",TRUE,TRUE,TRUE,3,242,7,3,103,252,9.09090909090909,"Continuous Presence","34.48-35.24",5
"Laurencia pacifica/masonii",TRUE,FALSE,TRUE,0,242,7,0,103,462,0,"Avoidant","34.48-35.24",5
"Laurencia spp",TRUE,FALSE,FALSE,0,242,7,0,103,15,0,"Southern Only Presence","34.48-35.24",5
"Lepidozona spp",TRUE,TRUE,TRUE,1,313,7,1,108,127,4.16666666666667,"Continuous Presence","34.48-35.24",5
"Leptasterias spp",TRUE,TRUE,TRUE,9,313,7,4,108,1995,33.3333333333333,"Continuous Presence","34.48-35.24",5
"Lessoniopsis littoralis",FALSE,FALSE,TRUE,0,242,7,0,103,10,0,"Northern Only Presence","34.48-35.24",5
"Ligia spp",TRUE,TRUE,TRUE,1,313,7,1,108,32,4.16666666666667,"Continuous Presence","34.48-35.24",5
"Limacia cockerelli",TRUE,FALSE,FALSE,0,313,7,0,108,2,0,"Southern Only Presence","34.48-35.24",5
"Linckia columbiae",FALSE,FALSE,FALSE,0,391,7,0,108,0,0,"Absent","34.48-35.24",5
"Lirabuccinum dirum",FALSE,FALSE,TRUE,0,313,7,0,108,133,0,"Northern Only Presence","34.48-35.24",5
"Lirularia/Margarites spp",TRUE,TRUE,TRUE,2,313,7,2,108,396,8.33333333333333,"Continuous Presence","34.48-35.24",5
"Lithophyllum/Lithothamnion spp",TRUE,TRUE,TRUE,4,242,7,3,103,159,18.1818181818182,"Continuous Presence","34.48-35.24",5
"Lithothrix aspergillum",TRUE,TRUE,TRUE,1,242,7,1,103,1542,4.54545454545455,"Continuous Presence","34.48-35.24",5
"Littorina spp.",TRUE,TRUE,TRUE,19,313,7,7,108,737668,50,"Continuous Presence","34.48-35.24",5
"Lomentaria hakodatensis",TRUE,FALSE,FALSE,0,242,7,0,103,250,0,"Southern Only Presence","34.48-35.24",5
"Lottia asmi",TRUE,TRUE,TRUE,6,313,7,5,108,357,16.6666666666667,"Continuous Presence","34.48-35.24",5
"Lottia austrodigitalis/digitalis",TRUE,TRUE,TRUE,19,313,7,7,108,70520,50,"Continuous Presence","34.48-35.24",5
"Lottia fenestrata",TRUE,TRUE,TRUE,6,313,7,4,108,1030,20.8333333333333,"Continuous Presence","34.48-35.24",5
"Lottia instabilis",TRUE,TRUE,TRUE,3,313,7,3,108,229,12.5,"Continuous Presence","34.48-35.24",5
"Lottia limatula",TRUE,TRUE,TRUE,15,313,7,6,108,3715,41.6666666666667,"Continuous Presence","34.48-35.24",5
"Lottia paradigitalis/strigatella",TRUE,TRUE,TRUE,18,313,7,6,108,87755,50,"Continuous Presence","34.48-35.24",5
"Lottia pelta",TRUE,TRUE,TRUE,19,313,7,7,108,14378,50,"Continuous Presence","34.48-35.24",5
"Lottia persona",TRUE,FALSE,TRUE,0,313,7,0,108,82,0,"Avoidant","34.48-35.24",5
"Lottia polyfacies",TRUE,FALSE,FALSE,0,313,7,0,108,37,0,"Southern Only Presence","34.48-35.24",5
"Lottia scabra/conus",TRUE,TRUE,TRUE,19,313,7,7,108,120485,50,"Continuous Presence","34.48-35.24",5
"Lottia scutum",TRUE,TRUE,TRUE,12,313,7,5,108,2814,41.6666666666667,"Continuous Presence","34.48-35.24",5
"Macrocystis pyrifera",TRUE,TRUE,TRUE,2,242,7,2,103,74,4.54545454545455,"Continuous Presence","34.48-35.24",5
"Macron lividus",TRUE,FALSE,FALSE,0,313,7,0,108,145,0,"Southern Only Presence","34.48-35.24",5
"Mastocarpus spp",TRUE,TRUE,TRUE,18,242,7,7,103,12690,54.5454545454545,"Continuous Presence","34.48-35.24",5
"Maxwellia gemma",TRUE,FALSE,FALSE,0,313,7,0,108,5,0,"Southern Only Presence","34.48-35.24",5
"Mazzaella affinis",TRUE,TRUE,TRUE,13,242,7,6,103,821,40.9090909090909,"Continuous Presence","34.48-35.24",5
"Mazzaella flaccida/oregona/splendens",TRUE,TRUE,TRUE,15,242,7,6,103,11621,50,"Continuous Presence","34.48-35.24",5
"Mazzaella leptorhynchos",TRUE,TRUE,TRUE,16,242,7,6,103,455,50,"Continuous Presence","34.48-35.24",5
"Mazzaella linearis",FALSE,FALSE,TRUE,0,242,7,0,103,87,0,"Northern Only Presence","34.48-35.24",5
"Mazzaella parksii",FALSE,FALSE,TRUE,0,242,7,0,103,115,0,"Northern Only Presence","34.48-35.24",5
"Mazzaella phyllocarpa",FALSE,FALSE,FALSE,0,242,7,0,103,0,0,"Absent","34.48-35.24",5
"Mazzaella volans",TRUE,FALSE,TRUE,0,242,7,0,103,23,0,"Avoidant","34.48-35.24",5
"Megabalanus californicus",TRUE,FALSE,TRUE,0,242,7,0,103,3,0,"Avoidant","34.48-35.24",5
"Megastraea undosa",TRUE,FALSE,FALSE,0,313,7,0,108,10,0,"Southern Only Presence","34.48-35.24",5
"Melanosiphon/Scytosiphon spp",TRUE,TRUE,TRUE,7,242,7,3,103,208,31.8181818181818,"Continuous Presence","34.48-35.24",5
"Membranipora spp",TRUE,FALSE,TRUE,0,242,7,0,103,5,0,"Avoidant","34.48-35.24",5
"Metridium senile",FALSE,FALSE,FALSE,0,242,7,0,103,0,0,"Absent","34.48-35.24",5
"Mexacanthina lugubris",TRUE,FALSE,FALSE,0,313,7,0,108,253,0,"Southern Only Presence","34.48-35.24",5
"Microcladia borealis",TRUE,TRUE,TRUE,4,242,7,2,103,835,18.1818181818182,"Continuous Presence","34.48-35.24",5
"Microcladia coulteri",TRUE,FALSE,TRUE,0,242,7,0,103,18,0,"Avoidant","34.48-35.24",5
"Mopalia spp",TRUE,TRUE,TRUE,15,313,7,7,108,1201,45.8333333333333,"Continuous Presence","34.48-35.24",5
"Mytilisepta/Brachidontes spp",TRUE,TRUE,TRUE,5,242,7,4,103,243,18.1818181818182,"Continuous Presence","34.48-35.24",5
"Mytilus californianus",TRUE,TRUE,TRUE,18,242,7,7,103,25035,54.5454545454545,"Continuous Presence","34.48-35.24",5
"Mytilus trossulus/galloprovincialis/edulis",TRUE,TRUE,TRUE,1,242,7,1,103,126,4.54545454545455,"Continuous Presence","34.48-35.24",5
"Navanax inermis",TRUE,FALSE,FALSE,0,313,7,0,108,4,0,"Southern Only Presence","34.48-35.24",5
"Nemalion elminthoides",TRUE,TRUE,FALSE,1,242,7,1,103,5,4.54545454545455,"Northern Range Edge","34.48-35.24",5
"Neogastroclonium subarticulatum",TRUE,TRUE,TRUE,17,242,7,7,103,1776,50,"Continuous Presence","34.48-35.24",5
"Neoptilota/Ptilota spp",TRUE,FALSE,TRUE,0,242,7,0,103,293,0,"Avoidant","34.48-35.24",5
"Neorhodomela larix",TRUE,TRUE,TRUE,15,242,7,4,103,2604,50,"Continuous Presence","34.48-35.24",5
"Neorhodomela oregona",FALSE,TRUE,TRUE,1,242,7,1,103,392,4.54545454545455,"Southern Range Edge","34.48-35.24",5
"Nereocystis luetkeana",FALSE,FALSE,TRUE,0,242,7,0,103,40,0,"Northern Only Presence","34.48-35.24",5
"Nienburgia andersoniana",TRUE,FALSE,TRUE,0,242,7,0,103,135,0,"Avoidant","34.48-35.24",5
"Non Coralline crust",TRUE,TRUE,TRUE,18,242,7,7,103,15090,54.5454545454545,"Continuous Presence","34.48-35.24",5
"Norrisia norrisii",TRUE,TRUE,FALSE,3,313,7,2,108,12,12.5,"Northern Range Edge","34.48-35.24",5
"Nucella canaliculata",TRUE,TRUE,TRUE,1,313,7,1,108,703,4.16666666666667,"Continuous Presence","34.48-35.24",5
"Nucella emarginata/ostrina",TRUE,TRUE,TRUE,13,313,7,5,108,10126,41.6666666666667,"Continuous Presence","34.48-35.24",5
"Nucella lamellosa",FALSE,FALSE,TRUE,0,313,7,0,108,2,0,"Northern Only Presence","34.48-35.24",5
"Nuttallina spp",TRUE,TRUE,TRUE,18,313,7,7,108,15520,50,"Continuous Presence","34.48-35.24",5
"Obelia spp",TRUE,FALSE,FALSE,0,242,7,0,103,2,0,"Southern Only Presence","34.48-35.24",5
"Odonthalia floccosa",TRUE,FALSE,TRUE,0,242,7,0,103,4729,0,"Avoidant","34.48-35.24",5
"Odonthalia washingtoniensis",FALSE,FALSE,TRUE,0,242,7,0,103,9,0,"Northern Only Presence","34.48-35.24",5
"Oedignathus inermis",FALSE,FALSE,TRUE,0,313,7,0,108,38,0,"Northern Only Presence","34.48-35.24",5
"Olivella biplicata",TRUE,FALSE,TRUE,0,313,7,0,108,5,0,"Avoidant","34.48-35.24",5
"Onchidella borealis",FALSE,TRUE,TRUE,1,313,7,1,108,1477,4.16666666666667,"Southern Range Edge","34.48-35.24",5
"Onchidoris bilamellata",FALSE,FALSE,FALSE,0,313,7,0,108,0,0,"Absent","34.48-35.24",5
"Opalia borealis",FALSE,TRUE,FALSE,1,313,7,1,108,3,4.16666666666667,"Endemic Presence","34.48-35.24",5
"Opalia funiculata",TRUE,TRUE,TRUE,2,313,7,2,108,105,8.33333333333333,"Continuous Presence","34.48-35.24",5
"Ophiuroid",TRUE,FALSE,TRUE,0,313,7,0,108,27,0,"Avoidant","34.48-35.24",5
"Ophlitaspongia pennata",TRUE,TRUE,TRUE,3,242,7,1,103,65,13.6363636363636,"Continuous Presence","34.48-35.24",5
"Opuntiella californica",FALSE,FALSE,FALSE,0,242,7,0,103,0,0,"Absent","34.48-35.24",5
"Oregonia gracilis",FALSE,FALSE,FALSE,0,313,7,0,108,0,0,"Absent","34.48-35.24",5
"Orienthella trilineata",FALSE,TRUE,TRUE,1,313,7,1,108,4,4.16666666666667,"Southern Range Edge","34.48-35.24",5
"Osmundea sinicola",TRUE,FALSE,TRUE,0,242,7,0,103,244,0,"Avoidant","34.48-35.24",5
"Osmundea spectabilis",TRUE,TRUE,TRUE,11,242,7,4,103,465,36.3636363636364,"Continuous Presence","34.48-35.24",5
"Osmundea splendens",TRUE,FALSE,TRUE,0,242,7,0,103,7,0,"Avoidant","34.48-35.24",5
"Pachycheles spp",TRUE,TRUE,TRUE,1,313,7,1,108,116,4.16666666666667,"Continuous Presence","34.48-35.24",5
"Pachygrapsus crassipes",TRUE,TRUE,TRUE,19,313,7,7,108,4995,50,"Continuous Presence","34.48-35.24",5
"Paciocinebrina circumtexta",TRUE,TRUE,TRUE,8,313,7,5,108,445,33.3333333333333,"Continuous Presence","34.48-35.24",5
"Paciocinebrina interfossa",TRUE,TRUE,TRUE,1,313,7,1,108,74,4.16666666666667,"Continuous Presence","34.48-35.24",5
"Paciocinebrina lurida",TRUE,FALSE,TRUE,0,313,7,0,108,12,0,"Avoidant","34.48-35.24",5
"Padina spp",FALSE,FALSE,FALSE,0,242,7,0,103,0,0,"Absent","34.48-35.24",5
"Pagurus beringanus",FALSE,FALSE,TRUE,0,313,7,0,108,13,0,"Northern Only Presence","34.48-35.24",5
"Pagurus caurinus",FALSE,FALSE,TRUE,0,313,7,0,108,2,0,"Northern Only Presence","34.48-35.24",5
"Pagurus granosimanus",TRUE,TRUE,TRUE,5,313,7,4,108,620,20.8333333333333,"Continuous Presence","34.48-35.24",5
"Pagurus hemphilli",TRUE,FALSE,TRUE,0,313,7,0,108,7,0,"Avoidant","34.48-35.24",5
"Pagurus hirsutiusculus",TRUE,TRUE,TRUE,18,313,7,6,108,5489,50,"Continuous Presence","34.48-35.24",5
"Pagurus samuelis",TRUE,TRUE,TRUE,16,313,7,7,108,4232,41.6666666666667,"Continuous Presence","34.48-35.24",5
"Palmaria callophylloides",FALSE,FALSE,FALSE,0,242,7,0,103,0,0,"Absent","34.48-35.24",5
"Palmaria hecatensis",FALSE,FALSE,FALSE,0,242,7,0,103,0,0,"Absent","34.48-35.24",5
"Palmaria mollis",FALSE,FALSE,TRUE,0,242,7,0,103,53,0,"Northern Only Presence","34.48-35.24",5
"Palmaria palmata",FALSE,FALSE,FALSE,0,242,7,0,103,0,0,"Absent","34.48-35.24",5
"Panulirus interruptus",FALSE,FALSE,FALSE,0,391,7,0,108,0,0,"Absent","34.48-35.24",5
"Paraxanthias taylori",TRUE,TRUE,FALSE,1,313,7,1,108,4,4.16666666666667,"Northern Range Edge","34.48-35.24",5
"Patiria miniata",TRUE,TRUE,TRUE,2,391,7,1,108,882,8.69565217391304,"Continuous Presence","34.48-35.24",5
"Peltodoris nobilis",FALSE,FALSE,TRUE,0,313,7,0,108,17,0,"Northern Only Presence","34.48-35.24",5
"Pelvetiopsis arborescens/hybrida/limitata",TRUE,TRUE,TRUE,4,242,7,3,103,3166,18.1818181818182,"Continuous Presence","34.48-35.24",5
"Pelvetiopsis californica",TRUE,TRUE,TRUE,1,242,7,1,103,351,4.54545454545455,"Continuous Presence","34.48-35.24",5
"Petaloconchus montereyensis",FALSE,FALSE,TRUE,0,242,7,0,103,1,0,"Northern Only Presence","34.48-35.24",5
"Petrolisthes spp",TRUE,FALSE,TRUE,0,313,7,0,108,229,0,"Avoidant","34.48-35.24",5
"Petrospongium rugosum",TRUE,TRUE,TRUE,13,242,7,6,103,420,50,"Continuous Presence","34.48-35.24",5
"Phragmatopoma/Sabellaria spp",TRUE,TRUE,TRUE,18,242,7,7,103,3827,54.5454545454545,"Continuous Presence","34.48-35.24",5
"Phyllospadix scouleri/serrulatus",TRUE,TRUE,TRUE,12,242,7,4,103,5564,40.9090909090909,"Continuous Presence","34.48-35.24",5
"Phyllospadix torreyi",TRUE,TRUE,TRUE,17,242,7,6,103,9543,50,"Continuous Presence","34.48-35.24",5
"Pilayella littoralis",FALSE,FALSE,FALSE,0,242,7,0,103,0,0,"Absent","34.48-35.24",5
"Pisaster giganteus",TRUE,FALSE,TRUE,0,391,7,0,108,46,0,"Avoidant","34.48-35.24",5
"Pisaster ochraceus",TRUE,TRUE,TRUE,22,391,7,6,108,39106,65.2173913043478,"Continuous Presence","34.48-35.24",5
"Pista spp",TRUE,TRUE,TRUE,4,242,7,2,103,109,18.1818181818182,"Continuous Presence","34.48-35.24",5
"Placiphorella velata",FALSE,FALSE,TRUE,0,313,7,0,108,6,0,"Northern Only Presence","34.48-35.24",5
"Pleonosporium spp",FALSE,FALSE,FALSE,0,242,7,0,103,0,0,"Absent","34.48-35.24",5
"Plocamium oregonum",FALSE,FALSE,TRUE,0,242,7,0,103,2,0,"Northern Only Presence","34.48-35.24",5
"Plocamium pacificum",TRUE,TRUE,TRUE,3,242,7,2,103,828,13.6363636363636,"Continuous Presence","34.48-35.24",5
"Plocamium violaceum",TRUE,FALSE,TRUE,0,242,7,0,103,165,0,"Avoidant","34.48-35.24",5
"Pododesmus macrochisma",FALSE,FALSE,FALSE,0,242,7,0,103,0,0,"Absent","34.48-35.24",5
"Pollicipes polymerus",TRUE,TRUE,TRUE,15,242,7,5,103,1847,45.4545454545455,"Continuous Presence","34.48-35.24",5
"Polyneura latissima",TRUE,TRUE,TRUE,3,242,7,3,103,26,13.6363636363636,"Continuous Presence","34.48-35.24",5
"Polysiphonia spp",TRUE,TRUE,TRUE,12,242,7,6,103,942,40.9090909090909,"Continuous Presence","34.48-35.24",5
"Potamilla occelata",TRUE,FALSE,FALSE,0,242,7,0,103,1,0,"Southern Only Presence","34.48-35.24",5
"Primavelans insculpta",FALSE,FALSE,FALSE,0,242,7,0,103,0,0,"Absent","34.48-35.24",5
"Prionitis filiformis",FALSE,FALSE,TRUE,0,242,7,0,103,2,0,"Northern Only Presence","34.48-35.24",5
"Prionitis lanceolata",TRUE,TRUE,TRUE,16,242,7,6,103,2212,50,"Continuous Presence","34.48-35.24",5
"Prionitis linearis",TRUE,FALSE,TRUE,0,242,7,0,103,8,0,"Avoidant","34.48-35.24",5
"Prionitis sternbergii",TRUE,TRUE,TRUE,8,242,7,4,103,237,22.7272727272727,"Continuous Presence","34.48-35.24",5
"Pseudochama exogyra",TRUE,FALSE,FALSE,0,242,7,0,103,278,0,"Southern Only Presence","34.48-35.24",5
"Pseudolithoderma nigrum",TRUE,TRUE,TRUE,3,242,7,2,103,607,13.6363636363636,"Continuous Presence","34.48-35.24",5
"Pseudomelatoma penicillata",TRUE,TRUE,FALSE,1,313,7,1,108,4,4.16666666666667,"Northern Range Edge","34.48-35.24",5
"Pseudomelatoma torosa",TRUE,FALSE,TRUE,0,313,7,0,108,16,0,"Avoidant","34.48-35.24",5
"Pseudopusula californiana",TRUE,FALSE,FALSE,0,313,7,0,108,1,0,"Southern Only Presence","34.48-35.24",5
"Pterocladiella capillacea",TRUE,FALSE,TRUE,0,242,7,0,103,1208,0,"Avoidant","34.48-35.24",5
"Pterocladiella media",TRUE,FALSE,TRUE,0,242,7,0,103,21,0,"Avoidant","34.48-35.24",5
"Pteropurpura trialata",TRUE,FALSE,FALSE,0,313,7,0,108,2,0,"Southern Only Presence","34.48-35.24",5
"Pterygophora californica",FALSE,FALSE,TRUE,0,242,7,0,103,26,0,"Northern Only Presence","34.48-35.24",5
"Pugettia foliata",FALSE,FALSE,FALSE,0,313,7,0,108,0,0,"Absent","34.48-35.24",5
"Pugettia gracilis/richii",TRUE,TRUE,TRUE,5,313,7,3,108,97,20.8333333333333,"Continuous Presence","34.48-35.24",5
"Pugettia producta",TRUE,TRUE,TRUE,6,313,7,4,108,541,20.8333333333333,"Continuous Presence","34.48-35.24",5
"Pycnogonida",TRUE,FALSE,TRUE,0,313,7,0,108,22,0,"Avoidant","34.48-35.24",5
"Pycnopodia helianthoides",FALSE,FALSE,TRUE,0,391,7,0,108,81,0,"Northern Only Presence","34.48-35.24",5
"Pyropia spp",TRUE,TRUE,TRUE,12,242,7,6,103,1718,40.9090909090909,"Continuous Presence","34.48-35.24",5
"Rhodymenia californica",TRUE,FALSE,TRUE,0,242,7,0,103,50,0,"Avoidant","34.48-35.24",5
"Rhodymenia pacifica",TRUE,FALSE,TRUE,0,242,7,0,103,44,0,"Avoidant","34.48-35.24",5
"Roperia poulsoni",TRUE,FALSE,FALSE,0,313,7,0,108,106,0,"Southern Only Presence","34.48-35.24",5
"Saccharina latissima",FALSE,FALSE,FALSE,0,242,7,0,103,0,0,"Absent","34.48-35.24",5
"Sarcodiotheca gaudichaudii",TRUE,TRUE,TRUE,3,242,7,3,103,94,13.6363636363636,"Continuous Presence","34.48-35.24",5
"Sargassum agardhianum",TRUE,TRUE,FALSE,1,242,7,1,103,12,4.54545454545455,"Northern Range Edge","34.48-35.24",5
"Sargassum horneri",TRUE,FALSE,FALSE,0,242,7,0,103,6,0,"Southern Only Presence","34.48-35.24",5
"Sargassum muticum",TRUE,TRUE,TRUE,1,242,7,1,103,1200,4.54545454545455,"Continuous Presence","34.48-35.24",5
"Sargassum palmeri",FALSE,FALSE,FALSE,0,242,7,0,103,0,0,"Absent","34.48-35.24",5
"Savoiea bipinnata",TRUE,TRUE,TRUE,2,242,7,1,103,358,9.09090909090909,"Continuous Presence","34.48-35.24",5
"Schizoporella unicornis",FALSE,FALSE,FALSE,0,242,7,0,103,0,0,"Absent","34.48-35.24",5
"Semibalanus cariosus",FALSE,TRUE,TRUE,1,242,7,1,103,508,4.54545454545455,"Southern Range Edge","34.48-35.24",5
"Serpula vermicularis",TRUE,FALSE,TRUE,0,242,7,0,103,15,0,"Avoidant","34.48-35.24",5
"Sertularella/Sertularia spp",TRUE,FALSE,TRUE,0,242,7,0,103,4,0,"Avoidant","34.48-35.24",5
"Silvetia compressa",TRUE,TRUE,TRUE,16,242,7,6,103,6522,54.5454545454545,"Continuous Presence","34.48-35.24",5
"Siphonaria brannani",FALSE,FALSE,FALSE,0,313,7,0,108,0,0,"Absent","34.48-35.24",5
"Siphonaria thersites",FALSE,FALSE,FALSE,0,313,7,0,108,0,0,"Absent","34.48-35.24",5
"Sorella delicatula",FALSE,FALSE,FALSE,0,242,7,0,103,0,0,"Absent","34.48-35.24",5
"Sphacelaria californica",TRUE,FALSE,FALSE,0,242,7,0,103,12,0,"Southern Only Presence","34.48-35.24",5
"Spirobranchus spinosus",FALSE,TRUE,FALSE,2,242,7,2,103,2,9.09090909090909,"Endemic Presence","34.48-35.24",5
"Spirorbis spp",TRUE,TRUE,TRUE,3,242,7,1,103,124,13.6363636363636,"Continuous Presence","34.48-35.24",5
"Spyridia filamentosa",TRUE,FALSE,FALSE,0,242,7,0,103,72,0,"Southern Only Presence","34.48-35.24",5
"Stenoplax conspicua",TRUE,FALSE,FALSE,0,313,7,0,108,34,0,"Southern Only Presence","34.48-35.24",5
"Stephanocystis dioica",TRUE,TRUE,TRUE,1,242,7,1,103,422,4.54545454545455,"Continuous Presence","34.48-35.24",5
"Stephanocystis osmundacea",TRUE,TRUE,TRUE,1,242,7,1,103,428,4.54545454545455,"Continuous Presence","34.48-35.24",5
"Strongylocentrotus droebachiensis",FALSE,FALSE,FALSE,0,313,7,0,108,0,0,"Absent","34.48-35.24",5
"Strongylocentrotus franciscanus",FALSE,FALSE,TRUE,0,313,7,0,108,25,0,"Northern Only Presence","34.48-35.24",5
"Strongylocentrotus purpuratus",TRUE,TRUE,TRUE,15,313,7,5,108,11680,41.6666666666667,"Continuous Presence","34.48-35.24",5
"Styela montereyensis",TRUE,FALSE,TRUE,0,242,7,0,103,6,0,"Avoidant","34.48-35.24",5
"Symphyocladia dendroidea/Xiphosiphonia pennata",TRUE,TRUE,TRUE,10,242,7,4,103,343,36.3636363636364,"Continuous Presence","34.48-35.24",5
"Symphyocladiella baileyi",TRUE,TRUE,TRUE,3,242,7,3,103,48,13.6363636363636,"Continuous Presence","34.48-35.24",5
"Taonia lennebackerae",TRUE,FALSE,FALSE,0,242,7,0,103,20,0,"Southern Only Presence","34.48-35.24",5
"Tectura paleacea",TRUE,TRUE,TRUE,2,313,7,2,108,202,8.33333333333333,"Continuous Presence","34.48-35.24",5
"Tegula aureotincta",TRUE,TRUE,FALSE,1,313,7,1,108,178,4.16666666666667,"Northern Range Edge","34.48-35.24",5
"Tegula brunnea",FALSE,TRUE,TRUE,10,313,7,4,108,1356,33.3333333333333,"Southern Range Edge","34.48-35.24",5
"Tegula eiseni",TRUE,FALSE,FALSE,0,313,7,0,108,1955,0,"Southern Only Presence","34.48-35.24",5
"Tegula funebralis/gallina",TRUE,TRUE,TRUE,19,313,7,7,108,83091,50,"Continuous Presence","34.48-35.24",5
"Tegula pulligo",FALSE,FALSE,FALSE,0,313,7,0,108,0,0,"Absent","34.48-35.24",5
"Tetraclita squamosa",TRUE,TRUE,TRUE,11,242,7,6,103,1055,36.3636363636364,"Continuous Presence","34.48-35.24",5
"Thylacodes squamigerus",TRUE,TRUE,TRUE,1,242,7,1,103,152,4.54545454545455,"Continuous Presence","34.48-35.24",5
"Tiffaniella snyderae",TRUE,TRUE,TRUE,3,242,7,3,103,206,13.6363636363636,"Continuous Presence","34.48-35.24",5
"Tonicella spp",TRUE,TRUE,TRUE,3,313,7,2,108,905,12.5,"Continuous Presence","34.48-35.24",5
"Trichotropis cancellata",FALSE,FALSE,FALSE,0,313,7,0,108,0,0,"Absent","34.48-35.24",5
"Ulothrix spp",TRUE,FALSE,TRUE,0,242,7,0,103,15,0,"Avoidant","34.48-35.24",5
"Ulvophyceae",TRUE,TRUE,TRUE,14,242,7,5,103,5252,45.4545454545455,"Continuous Presence","34.48-35.24",5
"Urosalpinx subangulata",FALSE,FALSE,TRUE,0,313,7,0,108,15,0,"Northern Only Presence","34.48-35.24",5
"Urospora spp",TRUE,FALSE,FALSE,0,242,7,0,103,1,0,"Southern Only Presence","34.48-35.24",5
"Urticina coriacea",FALSE,FALSE,TRUE,0,242,7,0,103,7,0,"Northern Only Presence","34.48-35.24",5
"Verrucaria maura",FALSE,FALSE,FALSE,0,242,7,0,103,0,0,"Absent","34.48-35.24",5
"Xingyurella turgida",FALSE,FALSE,TRUE,0,242,7,0,103,1,0,"Northern Only Presence","34.48-35.24",5
"Zonaria farlowii",TRUE,FALSE,FALSE,0,242,7,0,103,81,0,"Southern Only Presence","34.48-35.24",5
"Zostera spp",FALSE,FALSE,FALSE,0,242,7,0,103,0,0,"Absent","34.48-35.24",5
"Abietinaria/Amphisbetia spp",FALSE,TRUE,TRUE,1,242,9,1,103,9,4.54545454545455,"Southern Range Edge","35.24-35.88",6
"Acanthinucella paucilirata",TRUE,FALSE,FALSE,0,313,9,0,108,4,0,"Southern Only Presence","35.24-35.88",6
"Acanthinucella spp",TRUE,TRUE,TRUE,18,313,9,7,108,2214,29.1666666666667,"Continuous Presence","35.24-35.88",6
"Acmaea mitra",TRUE,TRUE,TRUE,7,313,9,3,108,141,16.6666666666667,"Continuous Presence","35.24-35.88",6
"Acrosiphonia/Cladophora spp",TRUE,TRUE,TRUE,3,242,9,3,103,175,9.09090909090909,"Continuous Presence","35.24-35.88",6
"Acrosorium ciliolatum",TRUE,FALSE,FALSE,0,242,9,0,103,143,0,"Southern Only Presence","35.24-35.88",6
"Aeolidia papillosa",FALSE,FALSE,TRUE,0,313,9,0,108,3,0,"Northern Only Presence","35.24-35.88",6
"Aglaophenia spp",TRUE,TRUE,TRUE,1,242,9,1,103,18,4.54545454545455,"Continuous Presence","35.24-35.88",6
"Ahnfeltia fastigiata",TRUE,FALSE,TRUE,0,242,9,0,103,117,0,"Avoidant","35.24-35.88",6
"Ahnfeltiopsis linearis",TRUE,TRUE,TRUE,1,242,9,1,103,56,4.54545454545455,"Continuous Presence","35.24-35.88",6
"Alaria marginata",FALSE,TRUE,TRUE,7,242,9,3,103,1018,22.7272727272727,"Southern Range Edge","35.24-35.88",6
"Alia spp",TRUE,TRUE,TRUE,11,313,9,6,108,1445,20.8333333333333,"Continuous Presence","35.24-35.88",6
"Amphiroa beauvoisii",TRUE,FALSE,FALSE,0,242,9,0,103,2,0,"Southern Only Presence","35.24-35.88",6
"Amphissa columbiana",TRUE,FALSE,TRUE,0,313,9,0,108,31,0,"Avoidant","35.24-35.88",6
"Amphissa versicolor",TRUE,TRUE,TRUE,6,313,9,3,108,299,16.6666666666667,"Continuous Presence","35.24-35.88",6
"Analipus japonicus",TRUE,TRUE,TRUE,12,242,9,6,103,379,40.9090909090909,"Continuous Presence","35.24-35.88",6
"Anisocladella pacifica",TRUE,TRUE,FALSE,2,242,9,2,103,4,9.09090909090909,"Northern Range Edge","35.24-35.88",6
"Anthopleura artemisia",FALSE,FALSE,TRUE,0,242,9,0,103,3,0,"Northern Only Presence","35.24-35.88",6
"Anthopleura elegantissima",TRUE,TRUE,TRUE,18,242,9,8,103,5148,40.9090909090909,"Continuous Presence","35.24-35.88",6
"Anthopleura sola",TRUE,TRUE,TRUE,22,242,9,8,103,2460,40.9090909090909,"Continuous Presence","35.24-35.88",6
"Anthopleura xanthogrammica",TRUE,TRUE,TRUE,14,242,9,7,103,791,36.3636363636364,"Continuous Presence","35.24-35.88",6
"Antithamnionella spp",FALSE,FALSE,FALSE,0,242,9,0,103,0,0,"Absent","35.24-35.88",6
"Aplidium spp",TRUE,TRUE,TRUE,4,242,9,3,103,73,13.6363636363636,"Continuous Presence","35.24-35.88",6
"Aplysia californica",TRUE,FALSE,FALSE,0,313,9,0,108,11,0,"Southern Only Presence","35.24-35.88",6
"Asparagopsis taxiformis",TRUE,FALSE,FALSE,0,242,9,0,103,97,0,"Southern Only Presence","35.24-35.88",6
"Atrimitra idae",FALSE,FALSE,FALSE,0,313,9,0,108,0,0,"Absent","35.24-35.88",6
"Balanus crenatus",FALSE,FALSE,TRUE,0,242,9,0,103,1,0,"Northern Only Presence","35.24-35.88",6
"Balanus glandula",TRUE,TRUE,TRUE,16,242,9,6,103,5046,40.9090909090909,"Continuous Presence","35.24-35.88",6
"Balanus glandula/Semibalanus balanoides",FALSE,FALSE,FALSE,0,242,9,0,103,0,0,"Absent","35.24-35.88",6
"Balanus nubilus",FALSE,TRUE,TRUE,1,242,9,1,103,6,4.54545454545455,"Southern Range Edge","35.24-35.88",6
"Bangia spp",TRUE,TRUE,TRUE,5,242,9,2,103,63,22.7272727272727,"Continuous Presence","35.24-35.88",6
"Besa leptophylla",TRUE,TRUE,TRUE,1,242,9,1,103,41,4.54545454545455,"Continuous Presence","35.24-35.88",6
"Bittium eschrichtii",TRUE,TRUE,TRUE,10,313,9,4,108,898,25,"Continuous Presence","35.24-35.88",6
"Boring clam",TRUE,FALSE,TRUE,0,242,9,0,103,12,0,"Avoidant","35.24-35.88",6
"Bossiella spp",TRUE,TRUE,TRUE,21,242,9,9,103,1442,40.9090909090909,"Continuous Presence","35.24-35.88",6
"Bryopsis spp",TRUE,TRUE,TRUE,1,242,9,1,103,12,4.54545454545455,"Continuous Presence","35.24-35.88",6
"Bugula neritina",TRUE,FALSE,FALSE,0,242,9,0,103,18,0,"Southern Only Presence","35.24-35.88",6
"Californiconus californicus",TRUE,TRUE,TRUE,3,313,9,2,108,217,12.5,"Continuous Presence","35.24-35.88",6
"Calliarthron spp",TRUE,TRUE,TRUE,20,242,9,7,103,1229,40.9090909090909,"Continuous Presence","35.24-35.88",6
"Calliostoma annulatum",TRUE,FALSE,TRUE,0,313,9,0,108,5,0,"Avoidant","35.24-35.88",6
"Calliostoma canaliculatum",TRUE,TRUE,TRUE,1,313,9,1,108,25,4.16666666666667,"Continuous Presence","35.24-35.88",6
"Calliostoma ligatum",TRUE,TRUE,TRUE,7,313,9,5,108,90,20.8333333333333,"Continuous Presence","35.24-35.88",6
"Calliostoma supragranosum",FALSE,TRUE,FALSE,1,313,9,1,108,1,4.16666666666667,"Endemic Presence","35.24-35.88",6
"Callithamnion pikeanum",TRUE,TRUE,TRUE,8,242,9,4,103,330,36.3636363636364,"Continuous Presence","35.24-35.88",6
"Callithamnion rupicola",TRUE,TRUE,FALSE,1,242,9,1,103,2,4.54545454545455,"Northern Range Edge","35.24-35.88",6
"Callophyllis spp",TRUE,TRUE,TRUE,4,242,9,3,103,68,18.1818181818182,"Continuous Presence","35.24-35.88",6
"Cancer antennaria",TRUE,TRUE,TRUE,3,313,9,3,108,55,12.5,"Continuous Presence","35.24-35.88",6
"Cancer oregonensis",TRUE,FALSE,TRUE,0,313,9,0,108,3,0,"Avoidant","35.24-35.88",6
"Cancer productus",FALSE,FALSE,TRUE,0,313,9,0,108,1,0,"Northern Only Presence","35.24-35.88",6
"Carpopeltis bushiae",FALSE,FALSE,FALSE,0,242,9,0,103,0,0,"Absent","35.24-35.88",6
"Caulacanthus okamurae",TRUE,TRUE,TRUE,3,242,9,1,103,1831,13.6363636363636,"Continuous Presence","35.24-35.88",6
"Ceratostoma foliatum",TRUE,FALSE,TRUE,0,313,9,0,108,5,0,"Avoidant","35.24-35.88",6
"Ceratostoma nuttalli",TRUE,FALSE,TRUE,0,313,9,0,108,46,0,"Avoidant","35.24-35.88",6
"Cerithiopsis spp",TRUE,FALSE,FALSE,0,313,9,0,108,2,0,"Southern Only Presence","35.24-35.88",6
"Chaetomorpha spp",TRUE,FALSE,TRUE,0,242,9,0,103,148,0,"Avoidant","35.24-35.88",6
"Chondracanthus canaliculatus",TRUE,TRUE,TRUE,22,242,9,8,103,5926,40.9090909090909,"Continuous Presence","35.24-35.88",6
"Chondracanthus corymbiferus/exaspertata",TRUE,TRUE,TRUE,7,242,9,6,103,74,13.6363636363636,"Continuous Presence","35.24-35.88",6
"Chondracanthus harveyanus",FALSE,FALSE,TRUE,0,242,9,0,103,5,0,"Northern Only Presence","35.24-35.88",6
"Chondracanthus spinosus",TRUE,TRUE,TRUE,2,242,9,1,103,42,9.09090909090909,"Continuous Presence","35.24-35.88",6
"Chondria acrorhizophora",TRUE,FALSE,FALSE,0,242,9,0,103,21,0,"Southern Only Presence","35.24-35.88",6
"Chondria arcuata",TRUE,FALSE,FALSE,0,242,9,0,103,16,0,"Southern Only Presence","35.24-35.88",6
"Chondria dasyphylla",TRUE,FALSE,FALSE,0,242,9,0,103,16,0,"Southern Only Presence","35.24-35.88",6
"Chondria decipiens",TRUE,TRUE,FALSE,1,242,9,1,103,25,4.54545454545455,"Northern Range Edge","35.24-35.88",6
"Chondria nidifica",TRUE,TRUE,FALSE,2,242,9,2,103,157,9.09090909090909,"Northern Range Edge","35.24-35.88",6
"Chondria oppositiclada",TRUE,FALSE,FALSE,0,242,9,0,103,23,0,"Southern Only Presence","35.24-35.88",6
"Chone minuta",FALSE,TRUE,TRUE,3,242,9,3,103,88,13.6363636363636,"Southern Range Edge","35.24-35.88",6
"Chthamalus dalli/fissus",TRUE,TRUE,TRUE,24,242,9,9,103,17343,40.9090909090909,"Continuous Presence","35.24-35.88",6
"Cirolana spp/Gnorimosphaeroma oregonense",TRUE,TRUE,TRUE,3,313,9,3,108,82,8.33333333333333,"Continuous Presence","35.24-35.88",6
"Cladophora columbiana",TRUE,TRUE,TRUE,20,242,9,7,103,1559,40.9090909090909,"Continuous Presence","35.24-35.88",6
"Cladophora graminea",TRUE,FALSE,TRUE,0,242,9,0,103,6,0,"Avoidant","35.24-35.88",6
"Clavelina huntsmani",FALSE,TRUE,FALSE,3,242,9,3,103,4,13.6363636363636,"Endemic Presence","35.24-35.88",6
"Codium fragile",TRUE,TRUE,TRUE,1,242,9,1,103,51,4.54545454545455,"Continuous Presence","35.24-35.88",6
"Codium setchellii",FALSE,TRUE,TRUE,2,242,9,1,103,19,9.09090909090909,"Southern Range Edge","35.24-35.88",6
"Colonial diatom",TRUE,TRUE,TRUE,1,242,9,1,103,75,4.54545454545455,"Continuous Presence","35.24-35.88",6
"Colpomenia/Leathesia spp",TRUE,FALSE,TRUE,0,242,9,0,103,184,0,"Avoidant","35.24-35.88",6
"Constantinea simplex",FALSE,TRUE,TRUE,2,242,9,1,103,109,9.09090909090909,"Southern Range Edge","35.24-35.88",6
"Corallina spp",TRUE,TRUE,TRUE,24,242,9,9,103,18213,40.9090909090909,"Continuous Presence","35.24-35.88",6
"Corynactis californica",FALSE,FALSE,FALSE,0,242,9,0,103,0,0,"Absent","35.24-35.88",6
"Costaria costata",FALSE,FALSE,TRUE,0,242,9,0,103,93,0,"Northern Only Presence","35.24-35.88",6
"Crangon spp",TRUE,TRUE,TRUE,1,313,9,1,108,10,4.16666666666667,"Continuous Presence","35.24-35.88",6
"Crepipatella lingulata",TRUE,FALSE,TRUE,0,313,9,0,108,11,0,"Avoidant","35.24-35.88",6
"Cryptochiton stelleri",TRUE,TRUE,TRUE,9,391,9,4,108,236,26.0869565217391,"Continuous Presence","35.24-35.88",6
"Cryptolithodes sitchensis",FALSE,FALSE,TRUE,0,313,9,0,108,5,0,"Northern Only Presence","35.24-35.88",6
"Cryptopleura/Hymenena spp",TRUE,TRUE,TRUE,23,242,9,9,103,3622,40.9090909090909,"Continuous Presence","35.24-35.88",6
"Cryptosiphonia woodii",TRUE,TRUE,TRUE,5,242,9,3,103,922,13.6363636363636,"Continuous Presence","35.24-35.88",6
"Cucumaria miniata",FALSE,FALSE,FALSE,0,313,9,0,108,0,0,"Absent","35.24-35.88",6
"Cucumaria/Pseudocnus spp",FALSE,TRUE,TRUE,1,313,9,1,108,573,4.16666666666667,"Southern Range Edge","35.24-35.88",6
"Cumagloia andersonii",TRUE,TRUE,TRUE,1,242,9,1,103,25,4.54545454545455,"Continuous Presence","35.24-35.88",6
"Cyanoplax hartwegii",TRUE,TRUE,TRUE,25,313,9,9,108,1890,37.5,"Continuous Presence","35.24-35.88",6
"Cyanoplax spp",TRUE,TRUE,TRUE,16,313,9,9,108,1882,33.3333333333333,"Continuous Presence","35.24-35.88",6
"Dasya binghamiae",TRUE,TRUE,FALSE,1,242,9,1,103,18,4.54545454545455,"Northern Range Edge","35.24-35.88",6
"Dasysiphonia japonica",TRUE,FALSE,FALSE,0,242,9,0,103,1,0,"Southern Only Presence","35.24-35.88",6
"Delesseria decipiens",FALSE,FALSE,TRUE,0,242,9,0,103,5,0,"Northern Only Presence","35.24-35.88",6
"Dendrobeania lichenoides",FALSE,FALSE,FALSE,0,242,9,0,103,0,0,"Absent","35.24-35.88",6
"Dendronotus subramosus",FALSE,FALSE,TRUE,0,313,9,0,108,1,0,"Northern Only Presence","35.24-35.88",6
"Dendropoma lituella",FALSE,FALSE,FALSE,0,242,9,0,103,0,0,"Absent","35.24-35.88",6
"Derbesia marina",TRUE,TRUE,TRUE,3,242,9,2,103,12,9.09090909090909,"Continuous Presence","35.24-35.88",6
"Dermasterias imbricata",FALSE,TRUE,TRUE,1,391,9,1,108,683,4.34782608695652,"Southern Range Edge","35.24-35.88",6
"Desmarestia ligulata",TRUE,TRUE,TRUE,3,242,9,3,103,121,9.09090909090909,"Continuous Presence","35.24-35.88",6
"Diaperoecia californica",FALSE,FALSE,FALSE,0,242,9,0,103,0,0,"Absent","35.24-35.88",6
"Diaulula sandiegensis",TRUE,TRUE,TRUE,2,313,9,2,108,12,8.33333333333333,"Continuous Presence","35.24-35.88",6
"Dictyoneurum californicum",FALSE,FALSE,TRUE,0,242,9,0,103,12,0,"Northern Only Presence","35.24-35.88",6
"Dictyopteris undulata",TRUE,FALSE,FALSE,0,242,9,0,103,22,0,"Southern Only Presence","35.24-35.88",6
"Dictyota binghamiae",TRUE,FALSE,FALSE,0,242,9,0,103,4,0,"Southern Only Presence","35.24-35.88",6
"Dictyota coriacea",TRUE,FALSE,FALSE,0,242,9,0,103,138,0,"Southern Only Presence","35.24-35.88",6
"Dilsea californica",TRUE,FALSE,TRUE,0,242,9,0,103,447,0,"Avoidant","35.24-35.88",6
"Diodora aspera",TRUE,TRUE,TRUE,2,313,9,2,108,11,8.33333333333333,"Continuous Presence","35.24-35.88",6
"Dirona albolineata",FALSE,FALSE,TRUE,0,313,9,0,108,2,0,"Northern Only Presence","35.24-35.88",6
"Discurria insessa",TRUE,TRUE,TRUE,6,313,9,5,108,120,16.6666666666667,"Continuous Presence","35.24-35.88",6
"Distaplia occidentalis",FALSE,TRUE,TRUE,1,242,9,1,103,9,4.54545454545455,"Southern Range Edge","35.24-35.88",6
"Dodecaceria spp",TRUE,TRUE,TRUE,4,242,9,4,103,239,13.6363636363636,"Continuous Presence","35.24-35.88",6
"Doris montereyensis",FALSE,FALSE,TRUE,0,313,9,0,108,3,0,"Northern Only Presence","35.24-35.88",6
"Ectocarpus spp",TRUE,FALSE,FALSE,0,242,9,0,103,2,0,"Southern Only Presence","35.24-35.88",6
"Egregia menziesii",TRUE,TRUE,TRUE,21,242,9,8,103,5494,40.9090909090909,"Continuous Presence","35.24-35.88",6
"Eisenia arborea",TRUE,FALSE,TRUE,0,242,9,0,103,141,0,"Avoidant","35.24-35.88",6
"Encrusting coralline",TRUE,TRUE,TRUE,24,242,9,9,103,8084,40.9090909090909,"Continuous Presence","35.24-35.88",6
"Endarachne/Petalonia/Phaeostrophion spp",TRUE,TRUE,TRUE,5,242,9,3,103,381,22.7272727272727,"Continuous Presence","35.24-35.88",6
"Endocladia muricata",TRUE,TRUE,TRUE,22,242,9,8,103,14318,40.9090909090909,"Continuous Presence","35.24-35.88",6
"Endoplura aurea",FALSE,FALSE,FALSE,0,242,9,0,103,0,0,"Absent","35.24-35.88",6
"Epiactis prolifera",FALSE,FALSE,TRUE,0,242,9,0,103,5,0,"Northern Only Presence","35.24-35.88",6
"Epitonium tinctum",TRUE,TRUE,TRUE,6,313,9,3,108,388,20.8333333333333,"Continuous Presence","35.24-35.88",6
"Erythroglossum californicum",TRUE,TRUE,TRUE,4,242,9,3,103,48,13.6363636363636,"Continuous Presence","35.24-35.88",6
"Erythrophyllum delesserioides",TRUE,TRUE,TRUE,8,242,9,5,103,222,27.2727272727273,"Continuous Presence","35.24-35.88",6
"Eudendrium californicum",FALSE,TRUE,TRUE,1,242,9,1,103,2,4.54545454545455,"Southern Range Edge","35.24-35.88",6
"Eudistoma psammion",TRUE,TRUE,TRUE,4,242,9,2,103,45,13.6363636363636,"Continuous Presence","35.24-35.88",6
"Eudistoma ritteri",FALSE,TRUE,TRUE,1,242,9,1,103,4,4.54545454545455,"Southern Range Edge","35.24-35.88",6
"Eudistylia polymorpha",FALSE,FALSE,FALSE,0,242,9,0,103,0,0,"Absent","35.24-35.88",6
"Eupentacta spp",FALSE,FALSE,TRUE,0,313,9,0,108,11,0,"Northern Only Presence","35.24-35.88",6
"Eurystomella bilabiata",TRUE,TRUE,TRUE,4,242,9,4,103,29,18.1818181818182,"Continuous Presence","35.24-35.88",6
"Evasterias troschelii",FALSE,FALSE,FALSE,0,391,9,0,108,0,0,"Absent","35.24-35.88",6
"Farlowia compressa",FALSE,FALSE,TRUE,0,242,9,0,103,3,0,"Northern Only Presence","35.24-35.88",6
"Farlowia mollis",TRUE,TRUE,TRUE,2,242,9,1,103,17,9.09090909090909,"Continuous Presence","35.24-35.88",6
"Farlowia/Pikea spp",TRUE,TRUE,TRUE,8,242,9,5,103,93,27.2727272727273,"Continuous Presence","35.24-35.88",6
"Fissurella volcano",TRUE,TRUE,TRUE,15,313,9,6,108,4909,29.1666666666667,"Continuous Presence","35.24-35.88",6
"Fissurellidea bimaculata",TRUE,TRUE,TRUE,1,313,9,1,108,5,4.16666666666667,"Continuous Presence","35.24-35.88",6
"Flustrellidra corniculata",FALSE,FALSE,TRUE,0,242,9,0,103,4,0,"Northern Only Presence","35.24-35.88",6
"Fredericqia chiton",TRUE,FALSE,FALSE,0,242,9,0,103,1,0,"Southern Only Presence","35.24-35.88",6
"Fucus spp",TRUE,TRUE,TRUE,11,242,9,6,103,3137,31.8181818181818,"Continuous Presence","35.24-35.88",6
"Gastroclonium parvum",TRUE,FALSE,FALSE,0,242,9,0,103,162,0,"Southern Only Presence","35.24-35.88",6
"Gelidium purpurascens",TRUE,FALSE,TRUE,0,242,9,0,103,43,0,"Avoidant","35.24-35.88",6
"Gelidium robustum",TRUE,FALSE,TRUE,0,242,9,0,103,128,0,"Avoidant","35.24-35.88",6
"Gelidium spp",TRUE,TRUE,TRUE,21,242,9,8,103,4262,40.9090909090909,"Continuous Presence","35.24-35.88",6
"Gloiopeltis furcata",TRUE,FALSE,TRUE,0,242,9,0,103,69,0,"Avoidant","35.24-35.88",6
"Gloiosiphonia californica",FALSE,FALSE,TRUE,0,242,9,0,103,4,0,"Northern Only Presence","35.24-35.88",6
"Gracilariopsis/Gracilaria spp",TRUE,TRUE,TRUE,3,242,9,3,103,423,9.09090909090909,"Continuous Presence","35.24-35.88",6
"Grateloupia angusta",TRUE,FALSE,FALSE,0,242,9,0,103,2,0,"Southern Only Presence","35.24-35.88",6
"Grateloupia californica",TRUE,TRUE,TRUE,2,242,9,2,103,139,4.54545454545455,"Continuous Presence","35.24-35.88",6
"Grateloupia cornea",TRUE,FALSE,FALSE,0,242,9,0,103,4,0,"Southern Only Presence","35.24-35.88",6
"Halichondria panicea",TRUE,FALSE,TRUE,0,242,9,0,103,5,0,"Avoidant","35.24-35.88",6
"Halichondria spp",TRUE,TRUE,TRUE,4,242,9,3,103,57,13.6363636363636,"Continuous Presence","35.24-35.88",6
"Haliclona spp",TRUE,TRUE,TRUE,5,242,9,5,103,60,13.6363636363636,"Continuous Presence","35.24-35.88",6
"Halosaccion glandiforme",TRUE,TRUE,TRUE,3,242,9,2,103,769,13.6363636363636,"Continuous Presence","35.24-35.88",6
"Halymenia/Schizymenia spp",TRUE,TRUE,TRUE,4,242,9,2,103,221,18.1818181818182,"Continuous Presence","35.24-35.88",6
"Haminoea vesicula",TRUE,FALSE,FALSE,0,313,9,0,108,13,0,"Southern Only Presence","35.24-35.88",6
"Haminoea virescens",TRUE,FALSE,FALSE,0,313,9,0,108,12,0,"Southern Only Presence","35.24-35.88",6
"Hapalospongidion gelatinosum",FALSE,FALSE,FALSE,0,242,9,0,103,0,0,"Absent","35.24-35.88",6
"Haplogloia andersonii",TRUE,FALSE,TRUE,0,242,9,0,103,11,0,"Avoidant","35.24-35.88",6
"Hapterophycus canaliculatus",TRUE,FALSE,TRUE,0,242,9,0,103,93,0,"Avoidant","35.24-35.88",6
"Hedophyllum sessile",FALSE,FALSE,TRUE,0,242,9,0,103,720,0,"Northern Only Presence","35.24-35.88",6
"Heliaster kubiniji",FALSE,FALSE,FALSE,0,391,9,0,108,0,0,"Absent","35.24-35.88",6
"Hemigrapsus nudus",TRUE,TRUE,TRUE,2,313,9,2,108,66,4.16666666666667,"Continuous Presence","35.24-35.88",6
"Hemigrapsus oregonensis",FALSE,FALSE,TRUE,0,313,9,0,108,1,0,"Northern Only Presence","35.24-35.88",6
"Henricia spp",TRUE,TRUE,TRUE,9,391,9,4,108,446,26.0869565217391,"Continuous Presence","35.24-35.88",6
"Hermissenda crassicornis",TRUE,TRUE,TRUE,5,313,9,3,108,32,12.5,"Continuous Presence","35.24-35.88",6
"Herposiphonia littoralis",TRUE,FALSE,FALSE,0,242,9,0,103,9,0,"Southern Only Presence","35.24-35.88",6
"Herposiphonia plumula",FALSE,FALSE,FALSE,0,242,9,0,103,0,0,"Absent","35.24-35.88",6
"Herposiphonia verticillata",TRUE,FALSE,TRUE,0,242,9,0,103,15,0,"Avoidant","35.24-35.88",6
"Homalopoma spp",TRUE,TRUE,TRUE,7,313,9,6,108,191,16.6666666666667,"Continuous Presence","35.24-35.88",6
"Hypnea johnstonii",TRUE,FALSE,FALSE,0,242,9,0,103,12,0,"Southern Only Presence","35.24-35.88",6
"Hypnea valentiae",TRUE,FALSE,FALSE,0,242,9,0,103,164,0,"Southern Only Presence","35.24-35.88",6
"Hypnea variabilis",TRUE,FALSE,FALSE,0,242,9,0,103,5,0,"Southern Only Presence","35.24-35.88",6
"Idotea spp",TRUE,TRUE,TRUE,10,313,9,5,108,837,25,"Continuous Presence","35.24-35.88",6
"Jania rosea",TRUE,FALSE,FALSE,0,242,9,0,103,88,0,"Southern Only Presence","35.24-35.88",6
"Jania tenella",TRUE,FALSE,FALSE,0,242,9,0,103,13,0,"Southern Only Presence","35.24-35.88",6
"Jania verrucosa",TRUE,FALSE,FALSE,0,242,9,0,103,531,0,"Southern Only Presence","35.24-35.88",6
"Johansenia macmillanii",FALSE,FALSE,TRUE,0,242,9,0,103,4,0,"Northern Only Presence","35.24-35.88",6
"Katharina tunicata",FALSE,TRUE,TRUE,4,313,9,2,108,555,12.5,"Southern Range Edge","35.24-35.88",6
"Kelletia kelletii",TRUE,FALSE,FALSE,0,313,9,0,108,9,0,"Southern Only Presence","35.24-35.88",6
"Lacuna spp",TRUE,TRUE,TRUE,14,313,9,7,108,18119,29.1666666666667,"Continuous Presence","35.24-35.88",6
"Laminaria ephemera",FALSE,FALSE,TRUE,0,242,9,0,103,4,0,"Northern Only Presence","35.24-35.88",6
"Laminaria farlowii",TRUE,FALSE,FALSE,0,242,9,0,103,1,0,"Southern Only Presence","35.24-35.88",6
"Laminaria setchellii",TRUE,TRUE,TRUE,14,242,9,8,103,553,40.9090909090909,"Continuous Presence","35.24-35.88",6
"Laminaria sinclairii",TRUE,TRUE,TRUE,1,242,9,1,103,252,4.54545454545455,"Continuous Presence","35.24-35.88",6
"Laurencia pacifica/masonii",TRUE,TRUE,TRUE,1,242,9,1,103,462,4.54545454545455,"Continuous Presence","35.24-35.88",6
"Laurencia spp",TRUE,FALSE,FALSE,0,242,9,0,103,15,0,"Southern Only Presence","35.24-35.88",6
"Lepidozona spp",TRUE,TRUE,TRUE,6,313,9,5,108,127,12.5,"Continuous Presence","35.24-35.88",6
"Leptasterias spp",TRUE,TRUE,TRUE,16,313,9,6,108,1995,33.3333333333333,"Continuous Presence","35.24-35.88",6
"Lessoniopsis littoralis",FALSE,FALSE,TRUE,0,242,9,0,103,10,0,"Northern Only Presence","35.24-35.88",6
"Ligia spp",TRUE,TRUE,TRUE,2,313,9,2,108,32,8.33333333333333,"Continuous Presence","35.24-35.88",6
"Limacia cockerelli",TRUE,FALSE,FALSE,0,313,9,0,108,2,0,"Southern Only Presence","35.24-35.88",6
"Linckia columbiae",FALSE,FALSE,FALSE,0,391,9,0,108,0,0,"Absent","35.24-35.88",6
"Lirabuccinum dirum",FALSE,FALSE,TRUE,0,313,9,0,108,133,0,"Northern Only Presence","35.24-35.88",6
"Lirularia/Margarites spp",TRUE,TRUE,TRUE,2,313,9,2,108,396,8.33333333333333,"Continuous Presence","35.24-35.88",6
"Lithophyllum/Lithothamnion spp",TRUE,TRUE,TRUE,7,242,9,6,103,159,13.6363636363636,"Continuous Presence","35.24-35.88",6
"Lithothrix aspergillum",TRUE,TRUE,TRUE,3,242,9,3,103,1542,4.54545454545455,"Continuous Presence","35.24-35.88",6
"Littorina spp.",TRUE,TRUE,TRUE,25,313,9,9,108,737668,37.5,"Continuous Presence","35.24-35.88",6
"Lomentaria hakodatensis",TRUE,FALSE,FALSE,0,242,9,0,103,250,0,"Southern Only Presence","35.24-35.88",6
"Lottia asmi",TRUE,TRUE,TRUE,10,313,9,6,108,357,12.5,"Continuous Presence","35.24-35.88",6
"Lottia austrodigitalis/digitalis",TRUE,TRUE,TRUE,25,313,9,9,108,70520,37.5,"Continuous Presence","35.24-35.88",6
"Lottia fenestrata",TRUE,FALSE,TRUE,0,313,9,0,108,1030,0,"Avoidant","35.24-35.88",6
"Lottia instabilis",TRUE,TRUE,TRUE,2,313,9,2,108,229,8.33333333333333,"Continuous Presence","35.24-35.88",6
"Lottia limatula",TRUE,TRUE,TRUE,23,313,9,8,108,3715,37.5,"Continuous Presence","35.24-35.88",6
"Lottia paradigitalis/strigatella",TRUE,TRUE,TRUE,25,313,9,9,108,87755,37.5,"Continuous Presence","35.24-35.88",6
"Lottia pelta",TRUE,TRUE,TRUE,25,313,9,9,108,14378,37.5,"Continuous Presence","35.24-35.88",6
"Lottia persona",TRUE,FALSE,TRUE,0,313,9,0,108,82,0,"Avoidant","35.24-35.88",6
"Lottia polyfacies",TRUE,FALSE,FALSE,0,313,9,0,108,37,0,"Southern Only Presence","35.24-35.88",6
"Lottia scabra/conus",TRUE,TRUE,TRUE,25,313,9,9,108,120485,37.5,"Continuous Presence","35.24-35.88",6
"Lottia scutum",TRUE,TRUE,TRUE,16,313,9,9,108,2814,33.3333333333333,"Continuous Presence","35.24-35.88",6
"Macrocystis pyrifera",TRUE,TRUE,TRUE,2,242,9,2,103,74,4.54545454545455,"Continuous Presence","35.24-35.88",6
"Macron lividus",TRUE,FALSE,FALSE,0,313,9,0,108,145,0,"Southern Only Presence","35.24-35.88",6
"Mastocarpus spp",TRUE,TRUE,TRUE,24,242,9,9,103,12690,40.9090909090909,"Continuous Presence","35.24-35.88",6
"Maxwellia gemma",TRUE,FALSE,FALSE,0,313,9,0,108,5,0,"Southern Only Presence","35.24-35.88",6
"Mazzaella affinis",TRUE,TRUE,TRUE,19,242,9,9,103,821,36.3636363636364,"Continuous Presence","35.24-35.88",6
"Mazzaella flaccida/oregona/splendens",TRUE,TRUE,TRUE,22,242,9,9,103,11621,40.9090909090909,"Continuous Presence","35.24-35.88",6
"Mazzaella leptorhynchos",TRUE,TRUE,TRUE,14,242,9,7,103,455,27.2727272727273,"Continuous Presence","35.24-35.88",6
"Mazzaella linearis",FALSE,FALSE,TRUE,0,242,9,0,103,87,0,"Northern Only Presence","35.24-35.88",6
"Mazzaella parksii",FALSE,FALSE,TRUE,0,242,9,0,103,115,0,"Northern Only Presence","35.24-35.88",6
"Mazzaella phyllocarpa",FALSE,FALSE,FALSE,0,242,9,0,103,0,0,"Absent","35.24-35.88",6
"Mazzaella volans",TRUE,TRUE,TRUE,1,242,9,1,103,23,4.54545454545455,"Continuous Presence","35.24-35.88",6
"Megabalanus californicus",TRUE,FALSE,TRUE,0,242,9,0,103,3,0,"Avoidant","35.24-35.88",6
"Megastraea undosa",TRUE,FALSE,FALSE,0,313,9,0,108,10,0,"Southern Only Presence","35.24-35.88",6
"Melanosiphon/Scytosiphon spp",TRUE,TRUE,TRUE,8,242,9,3,103,208,31.8181818181818,"Continuous Presence","35.24-35.88",6
"Membranipora spp",TRUE,FALSE,TRUE,0,242,9,0,103,5,0,"Avoidant","35.24-35.88",6
"Metridium senile",FALSE,FALSE,FALSE,0,242,9,0,103,0,0,"Absent","35.24-35.88",6
"Mexacanthina lugubris",TRUE,FALSE,FALSE,0,313,9,0,108,253,0,"Southern Only Presence","35.24-35.88",6
"Microcladia borealis",TRUE,TRUE,TRUE,16,242,9,7,103,835,36.3636363636364,"Continuous Presence","35.24-35.88",6
"Microcladia coulteri",TRUE,TRUE,TRUE,4,242,9,4,103,18,9.09090909090909,"Continuous Presence","35.24-35.88",6
"Mopalia spp",TRUE,TRUE,TRUE,22,313,9,8,108,1201,33.3333333333333,"Continuous Presence","35.24-35.88",6
"Mytilisepta/Brachidontes spp",TRUE,TRUE,TRUE,3,242,9,2,103,243,13.6363636363636,"Continuous Presence","35.24-35.88",6
"Mytilus californianus",TRUE,TRUE,TRUE,22,242,9,9,103,25035,40.9090909090909,"Continuous Presence","35.24-35.88",6
"Mytilus trossulus/galloprovincialis/edulis",TRUE,FALSE,TRUE,0,242,9,0,103,126,0,"Avoidant","35.24-35.88",6
"Navanax inermis",TRUE,FALSE,FALSE,0,313,9,0,108,4,0,"Southern Only Presence","35.24-35.88",6
"Nemalion elminthoides",TRUE,FALSE,FALSE,0,242,9,0,103,5,0,"Southern Only Presence","35.24-35.88",6
"Neogastroclonium subarticulatum",TRUE,TRUE,TRUE,21,242,9,8,103,1776,40.9090909090909,"Continuous Presence","35.24-35.88",6
"Neoptilota/Ptilota spp",TRUE,TRUE,TRUE,1,242,9,1,103,293,4.54545454545455,"Continuous Presence","35.24-35.88",6
"Neorhodomela larix",TRUE,TRUE,TRUE,4,242,9,1,103,2604,18.1818181818182,"Continuous Presence","35.24-35.88",6
"Neorhodomela oregona",TRUE,TRUE,TRUE,1,242,9,1,103,392,4.54545454545455,"Continuous Presence","35.24-35.88",6
"Nereocystis luetkeana",FALSE,TRUE,TRUE,4,242,9,3,103,40,9.09090909090909,"Southern Range Edge","35.24-35.88",6
"Nienburgia andersoniana",TRUE,TRUE,FALSE,2,242,9,2,103,135,9.09090909090909,"Northern Range Edge","35.24-35.88",6
"Non Coralline crust",TRUE,TRUE,TRUE,23,242,9,9,103,15090,40.9090909090909,"Continuous Presence","35.24-35.88",6
"Norrisia norrisii",TRUE,FALSE,FALSE,0,313,9,0,108,12,0,"Southern Only Presence","35.24-35.88",6
"Nucella canaliculata",TRUE,TRUE,TRUE,9,313,9,5,108,703,20.8333333333333,"Continuous Presence","35.24-35.88",6
"Nucella emarginata/ostrina",TRUE,TRUE,TRUE,23,313,9,9,108,10126,37.5,"Continuous Presence","35.24-35.88",6
"Nucella lamellosa",FALSE,FALSE,TRUE,0,313,9,0,108,2,0,"Northern Only Presence","35.24-35.88",6
"Nuttallina spp",TRUE,TRUE,TRUE,25,313,9,9,108,15520,37.5,"Continuous Presence","35.24-35.88",6
"Obelia spp",TRUE,FALSE,FALSE,0,242,9,0,103,2,0,"Southern Only Presence","35.24-35.88",6
"Odonthalia floccosa",TRUE,TRUE,TRUE,7,242,9,4,103,4729,27.2727272727273,"Continuous Presence","35.24-35.88",6
"Odonthalia washingtoniensis",FALSE,FALSE,TRUE,0,242,9,0,103,9,0,"Northern Only Presence","35.24-35.88",6
"Oedignathus inermis",FALSE,FALSE,TRUE,0,313,9,0,108,38,0,"Northern Only Presence","35.24-35.88",6
"Olivella biplicata",TRUE,FALSE,TRUE,0,313,9,0,108,5,0,"Avoidant","35.24-35.88",6
"Onchidella borealis",TRUE,TRUE,TRUE,7,313,9,6,108,1477,25,"Continuous Presence","35.24-35.88",6
"Onchidoris bilamellata",FALSE,FALSE,FALSE,0,313,9,0,108,0,0,"Absent","35.24-35.88",6
"Opalia borealis",TRUE,FALSE,FALSE,0,313,9,0,108,3,0,"Southern Only Presence","35.24-35.88",6
"Opalia funiculata",TRUE,TRUE,TRUE,1,313,9,1,108,105,4.16666666666667,"Continuous Presence","35.24-35.88",6
"Ophiuroid",TRUE,TRUE,TRUE,1,313,9,1,108,27,4.16666666666667,"Continuous Presence","35.24-35.88",6
"Ophlitaspongia pennata",TRUE,TRUE,TRUE,3,242,9,2,103,65,13.6363636363636,"Continuous Presence","35.24-35.88",6
"Opuntiella californica",FALSE,FALSE,FALSE,0,242,9,0,103,0,0,"Absent","35.24-35.88",6
"Oregonia gracilis",FALSE,FALSE,FALSE,0,313,9,0,108,0,0,"Absent","35.24-35.88",6
"Orienthella trilineata",TRUE,FALSE,TRUE,0,313,9,0,108,4,0,"Avoidant","35.24-35.88",6
"Osmundea sinicola",TRUE,FALSE,TRUE,0,242,9,0,103,244,0,"Avoidant","35.24-35.88",6
"Osmundea spectabilis",TRUE,TRUE,TRUE,12,242,9,6,103,465,36.3636363636364,"Continuous Presence","35.24-35.88",6
"Osmundea splendens",TRUE,TRUE,FALSE,1,242,9,1,103,7,4.54545454545455,"Northern Range Edge","35.24-35.88",6
"Pachycheles spp",TRUE,TRUE,TRUE,1,313,9,1,108,116,4.16666666666667,"Continuous Presence","35.24-35.88",6
"Pachygrapsus crassipes",TRUE,TRUE,TRUE,23,313,9,8,108,4995,37.5,"Continuous Presence","35.24-35.88",6
"Paciocinebrina circumtexta",TRUE,TRUE,TRUE,15,313,9,7,108,445,29.1666666666667,"Continuous Presence","35.24-35.88",6
"Paciocinebrina interfossa",TRUE,TRUE,TRUE,2,313,9,2,108,74,8.33333333333333,"Continuous Presence","35.24-35.88",6
"Paciocinebrina lurida",TRUE,FALSE,TRUE,0,313,9,0,108,12,0,"Avoidant","35.24-35.88",6
"Padina spp",FALSE,FALSE,FALSE,0,242,9,0,103,0,0,"Absent","35.24-35.88",6
"Pagurus beringanus",FALSE,FALSE,TRUE,0,313,9,0,108,13,0,"Northern Only Presence","35.24-35.88",6
"Pagurus caurinus",FALSE,FALSE,TRUE,0,313,9,0,108,2,0,"Northern Only Presence","35.24-35.88",6
"Pagurus granosimanus",TRUE,TRUE,TRUE,12,313,9,7,108,620,29.1666666666667,"Continuous Presence","35.24-35.88",6
"Pagurus hemphilli",TRUE,FALSE,TRUE,0,313,9,0,108,7,0,"Avoidant","35.24-35.88",6
"Pagurus hirsutiusculus",TRUE,TRUE,TRUE,21,313,9,8,108,5489,29.1666666666667,"Continuous Presence","35.24-35.88",6
"Pagurus samuelis",TRUE,TRUE,TRUE,19,313,9,7,108,4232,37.5,"Continuous Presence","35.24-35.88",6
"Palmaria callophylloides",FALSE,FALSE,FALSE,0,242,9,0,103,0,0,"Absent","35.24-35.88",6
"Palmaria hecatensis",FALSE,FALSE,FALSE,0,242,9,0,103,0,0,"Absent","35.24-35.88",6
"Palmaria mollis",FALSE,TRUE,TRUE,1,242,9,1,103,53,4.54545454545455,"Southern Range Edge","35.24-35.88",6
"Palmaria palmata",FALSE,FALSE,FALSE,0,242,9,0,103,0,0,"Absent","35.24-35.88",6
"Panulirus interruptus",FALSE,FALSE,FALSE,0,391,9,0,108,0,0,"Absent","35.24-35.88",6
"Paraxanthias taylori",TRUE,FALSE,FALSE,0,313,9,0,108,4,0,"Southern Only Presence","35.24-35.88",6
"Patiria miniata",TRUE,TRUE,TRUE,21,391,9,5,108,882,43.4782608695652,"Continuous Presence","35.24-35.88",6
"Peltodoris nobilis",FALSE,FALSE,TRUE,0,313,9,0,108,17,0,"Northern Only Presence","35.24-35.88",6
"Pelvetiopsis arborescens/hybrida/limitata",TRUE,TRUE,TRUE,11,242,9,5,103,3166,22.7272727272727,"Continuous Presence","35.24-35.88",6
"Pelvetiopsis californica",TRUE,TRUE,TRUE,16,242,9,7,103,351,40.9090909090909,"Continuous Presence","35.24-35.88",6
"Petaloconchus montereyensis",FALSE,FALSE,TRUE,0,242,9,0,103,1,0,"Northern Only Presence","35.24-35.88",6
"Petrolisthes spp",TRUE,TRUE,TRUE,3,313,9,2,108,229,8.33333333333333,"Continuous Presence","35.24-35.88",6
"Petrospongium rugosum",TRUE,TRUE,TRUE,11,242,9,4,103,420,36.3636363636364,"Continuous Presence","35.24-35.88",6
"Phragmatopoma/Sabellaria spp",TRUE,TRUE,TRUE,20,242,9,8,103,3827,40.9090909090909,"Continuous Presence","35.24-35.88",6
"Phyllospadix scouleri/serrulatus",TRUE,TRUE,TRUE,22,242,9,8,103,5564,40.9090909090909,"Continuous Presence","35.24-35.88",6
"Phyllospadix torreyi",TRUE,TRUE,TRUE,17,242,9,7,103,9543,31.8181818181818,"Continuous Presence","35.24-35.88",6
"Pilayella littoralis",FALSE,FALSE,FALSE,0,242,9,0,103,0,0,"Absent","35.24-35.88",6
"Pisaster giganteus",TRUE,TRUE,TRUE,3,391,9,2,108,46,13.0434782608696,"Continuous Presence","35.24-35.88",6
"Pisaster ochraceus",TRUE,TRUE,TRUE,29,391,9,8,108,39106,52.1739130434783,"Continuous Presence","35.24-35.88",6
"Pista spp",TRUE,TRUE,TRUE,6,242,9,3,103,109,18.1818181818182,"Continuous Presence","35.24-35.88",6
"Placiphorella velata",FALSE,TRUE,TRUE,1,313,9,1,108,6,4.16666666666667,"Southern Range Edge","35.24-35.88",6
"Pleonosporium spp",FALSE,FALSE,FALSE,0,242,9,0,103,0,0,"Absent","35.24-35.88",6
"Plocamium oregonum",FALSE,FALSE,TRUE,0,242,9,0,103,2,0,"Northern Only Presence","35.24-35.88",6
"Plocamium pacificum",TRUE,TRUE,TRUE,9,242,9,4,103,828,31.8181818181818,"Continuous Presence","35.24-35.88",6
"Plocamium violaceum",TRUE,TRUE,TRUE,5,242,9,4,103,165,22.7272727272727,"Continuous Presence","35.24-35.88",6
"Pododesmus macrochisma",FALSE,FALSE,FALSE,0,242,9,0,103,0,0,"Absent","35.24-35.88",6
"Pollicipes polymerus",TRUE,TRUE,TRUE,17,242,9,8,103,1847,40.9090909090909,"Continuous Presence","35.24-35.88",6
"Polyneura latissima",TRUE,TRUE,TRUE,1,242,9,1,103,26,4.54545454545455,"Continuous Presence","35.24-35.88",6
"Polysiphonia spp",TRUE,TRUE,TRUE,13,242,9,8,103,942,31.8181818181818,"Continuous Presence","35.24-35.88",6
"Potamilla occelata",TRUE,FALSE,FALSE,0,242,9,0,103,1,0,"Southern Only Presence","35.24-35.88",6
"Primavelans insculpta",FALSE,FALSE,FALSE,0,242,9,0,103,0,0,"Absent","35.24-35.88",6
"Prionitis filiformis",FALSE,FALSE,TRUE,0,242,9,0,103,2,0,"Northern Only Presence","35.24-35.88",6
"Prionitis lanceolata",TRUE,TRUE,TRUE,24,242,9,9,103,2212,40.9090909090909,"Continuous Presence","35.24-35.88",6
"Prionitis linearis",TRUE,TRUE,TRUE,1,242,9,1,103,8,4.54545454545455,"Continuous Presence","35.24-35.88",6
"Prionitis sternbergii",TRUE,TRUE,TRUE,6,242,9,5,103,237,22.7272727272727,"Continuous Presence","35.24-35.88",6
"Pseudochama exogyra",TRUE,FALSE,FALSE,0,242,9,0,103,278,0,"Southern Only Presence","35.24-35.88",6
"Pseudolithoderma nigrum",TRUE,TRUE,TRUE,8,242,9,4,103,607,27.2727272727273,"Continuous Presence","35.24-35.88",6
"Pseudomelatoma penicillata",TRUE,FALSE,FALSE,0,313,9,0,108,4,0,"Southern Only Presence","35.24-35.88",6
"Pseudomelatoma torosa",TRUE,TRUE,TRUE,4,313,9,3,108,16,12.5,"Continuous Presence","35.24-35.88",6
"Pseudopusula californiana",TRUE,FALSE,FALSE,0,313,9,0,108,1,0,"Southern Only Presence","35.24-35.88",6
"Pterocladiella capillacea",TRUE,FALSE,TRUE,0,242,9,0,103,1208,0,"Avoidant","35.24-35.88",6
"Pterocladiella media",TRUE,FALSE,TRUE,0,242,9,0,103,21,0,"Avoidant","35.24-35.88",6
"Pteropurpura trialata",TRUE,FALSE,FALSE,0,313,9,0,108,2,0,"Southern Only Presence","35.24-35.88",6
"Pterygophora californica",FALSE,FALSE,TRUE,0,242,9,0,103,26,0,"Northern Only Presence","35.24-35.88",6
"Pugettia foliata",FALSE,FALSE,FALSE,0,313,9,0,108,0,0,"Absent","35.24-35.88",6
"Pugettia gracilis/richii",TRUE,TRUE,TRUE,7,313,9,4,108,97,20.8333333333333,"Continuous Presence","35.24-35.88",6
"Pugettia producta",TRUE,TRUE,TRUE,14,313,9,8,108,541,33.3333333333333,"Continuous Presence","35.24-35.88",6
"Pycnogonida",TRUE,FALSE,TRUE,0,313,9,0,108,22,0,"Avoidant","35.24-35.88",6
"Pycnopodia helianthoides",FALSE,TRUE,TRUE,3,391,9,3,108,81,13.0434782608696,"Southern Range Edge","35.24-35.88",6
"Pyropia spp",TRUE,TRUE,TRUE,13,242,9,7,103,1718,36.3636363636364,"Continuous Presence","35.24-35.88",6
"Rhodymenia californica",TRUE,TRUE,TRUE,2,242,9,2,103,50,9.09090909090909,"Continuous Presence","35.24-35.88",6
"Rhodymenia pacifica",TRUE,FALSE,TRUE,0,242,9,0,103,44,0,"Avoidant","35.24-35.88",6
"Roperia poulsoni",TRUE,FALSE,FALSE,0,313,9,0,108,106,0,"Southern Only Presence","35.24-35.88",6
"Saccharina latissima",FALSE,FALSE,FALSE,0,242,9,0,103,0,0,"Absent","35.24-35.88",6
"Sarcodiotheca gaudichaudii",TRUE,TRUE,TRUE,9,242,9,5,103,94,27.2727272727273,"Continuous Presence","35.24-35.88",6
"Sargassum agardhianum",TRUE,FALSE,FALSE,0,242,9,0,103,12,0,"Southern Only Presence","35.24-35.88",6
"Sargassum horneri",TRUE,FALSE,FALSE,0,242,9,0,103,6,0,"Southern Only Presence","35.24-35.88",6
"Sargassum muticum",TRUE,TRUE,FALSE,3,242,9,2,103,1200,13.6363636363636,"Northern Range Edge","35.24-35.88",6
"Sargassum palmeri",FALSE,FALSE,FALSE,0,242,9,0,103,0,0,"Absent","35.24-35.88",6
"Savoiea bipinnata",TRUE,TRUE,TRUE,4,242,9,2,103,358,13.6363636363636,"Continuous Presence","35.24-35.88",6
"Schizoporella unicornis",FALSE,FALSE,FALSE,0,242,9,0,103,0,0,"Absent","35.24-35.88",6
"Semibalanus cariosus",TRUE,TRUE,TRUE,1,242,9,1,103,508,4.54545454545455,"Continuous Presence","35.24-35.88",6
"Serpula vermicularis",TRUE,TRUE,TRUE,1,242,9,1,103,15,4.54545454545455,"Continuous Presence","35.24-35.88",6
"Sertularella/Sertularia spp",TRUE,FALSE,TRUE,0,242,9,0,103,4,0,"Avoidant","35.24-35.88",6
"Silvetia compressa",TRUE,TRUE,TRUE,22,242,9,8,103,6522,40.9090909090909,"Continuous Presence","35.24-35.88",6
"Siphonaria brannani",FALSE,FALSE,FALSE,0,313,9,0,108,0,0,"Absent","35.24-35.88",6
"Siphonaria thersites",FALSE,FALSE,FALSE,0,313,9,0,108,0,0,"Absent","35.24-35.88",6
"Sorella delicatula",FALSE,FALSE,FALSE,0,242,9,0,103,0,0,"Absent","35.24-35.88",6
"Sphacelaria californica",TRUE,FALSE,FALSE,0,242,9,0,103,12,0,"Southern Only Presence","35.24-35.88",6
"Spirobranchus spinosus",TRUE,FALSE,FALSE,0,242,9,0,103,2,0,"Southern Only Presence","35.24-35.88",6
"Spirorbis spp",TRUE,TRUE,TRUE,5,242,9,2,103,124,22.7272727272727,"Continuous Presence","35.24-35.88",6
"Spyridia filamentosa",TRUE,FALSE,FALSE,0,242,9,0,103,72,0,"Southern Only Presence","35.24-35.88",6
"Stenoplax conspicua",TRUE,FALSE,FALSE,0,313,9,0,108,34,0,"Southern Only Presence","35.24-35.88",6
"Stephanocystis dioica",TRUE,TRUE,TRUE,1,242,9,1,103,422,4.54545454545455,"Continuous Presence","35.24-35.88",6
"Stephanocystis osmundacea",TRUE,TRUE,TRUE,5,242,9,2,103,428,18.1818181818182,"Continuous Presence","35.24-35.88",6
"Strongylocentrotus droebachiensis",FALSE,FALSE,FALSE,0,313,9,0,108,0,0,"Absent","35.24-35.88",6
"Strongylocentrotus franciscanus",FALSE,FALSE,TRUE,0,313,9,0,108,25,0,"Northern Only Presence","35.24-35.88",6
"Strongylocentrotus purpuratus",TRUE,TRUE,TRUE,21,313,9,8,108,11680,37.5,"Continuous Presence","35.24-35.88",6
"Styela montereyensis",TRUE,FALSE,TRUE,0,242,9,0,103,6,0,"Avoidant","35.24-35.88",6
"Symphyocladia dendroidea/Xiphosiphonia pennata",TRUE,TRUE,TRUE,4,242,9,3,103,343,18.1818181818182,"Continuous Presence","35.24-35.88",6
"Symphyocladiella baileyi",TRUE,TRUE,TRUE,1,242,9,1,103,48,4.54545454545455,"Continuous Presence","35.24-35.88",6
"Taonia lennebackerae",TRUE,FALSE,FALSE,0,242,9,0,103,20,0,"Southern Only Presence","35.24-35.88",6
"Tectura paleacea",TRUE,TRUE,TRUE,3,313,9,3,108,202,8.33333333333333,"Continuous Presence","35.24-35.88",6
"Tegula aureotincta",TRUE,FALSE,FALSE,0,313,9,0,108,178,0,"Southern Only Presence","35.24-35.88",6
"Tegula brunnea",TRUE,TRUE,TRUE,15,313,9,7,108,1356,33.3333333333333,"Continuous Presence","35.24-35.88",6
"Tegula eiseni",TRUE,FALSE,FALSE,0,313,9,0,108,1955,0,"Southern Only Presence","35.24-35.88",6
"Tegula funebralis/gallina",TRUE,TRUE,TRUE,24,313,9,9,108,83091,37.5,"Continuous Presence","35.24-35.88",6
"Tegula pulligo",FALSE,FALSE,FALSE,0,313,9,0,108,0,0,"Absent","35.24-35.88",6
"Tetraclita squamosa",TRUE,TRUE,TRUE,14,242,9,6,103,1055,40.9090909090909,"Continuous Presence","35.24-35.88",6
"Thylacodes squamigerus",TRUE,FALSE,TRUE,0,242,9,0,103,152,0,"Avoidant","35.24-35.88",6
"Tiffaniella snyderae",TRUE,FALSE,TRUE,0,242,9,0,103,206,0,"Avoidant","35.24-35.88",6
"Tonicella spp",TRUE,TRUE,TRUE,15,313,9,6,108,905,33.3333333333333,"Continuous Presence","35.24-35.88",6
"Trichotropis cancellata",FALSE,FALSE,FALSE,0,313,9,0,108,0,0,"Absent","35.24-35.88",6
"Ulothrix spp",TRUE,FALSE,TRUE,0,242,9,0,103,15,0,"Avoidant","35.24-35.88",6
"Ulvophyceae",TRUE,TRUE,TRUE,18,242,9,8,103,5252,36.3636363636364,"Continuous Presence","35.24-35.88",6
"Urosalpinx subangulata",FALSE,FALSE,TRUE,0,313,9,0,108,15,0,"Northern Only Presence","35.24-35.88",6
"Urospora spp",TRUE,FALSE,FALSE,0,242,9,0,103,1,0,"Southern Only Presence","35.24-35.88",6
"Urticina coriacea",FALSE,FALSE,TRUE,0,242,9,0,103,7,0,"Northern Only Presence","35.24-35.88",6
"Verrucaria maura",FALSE,FALSE,FALSE,0,242,9,0,103,0,0,"Absent","35.24-35.88",6
"Xingyurella turgida",FALSE,FALSE,TRUE,0,242,9,0,103,1,0,"Northern Only Presence","35.24-35.88",6
"Zonaria farlowii",TRUE,FALSE,FALSE,0,242,9,0,103,81,0,"Southern Only Presence","35.24-35.88",6
"Zostera spp",FALSE,FALSE,FALSE,0,242,9,0,103,0,0,"Absent","35.24-35.88",6
"Abietinaria/Amphisbetia spp",TRUE,TRUE,TRUE,1,242,11,1,103,9,4.54545454545455,"Continuous Presence","35.88-36.64",7
"Acanthinucella paucilirata",TRUE,FALSE,FALSE,0,313,11,0,108,4,0,"Southern Only Presence","35.88-36.64",7
"Acanthinucella spp",TRUE,TRUE,TRUE,21,313,11,8,108,2214,54.1666666666667,"Continuous Presence","35.88-36.64",7
"Acmaea mitra",TRUE,TRUE,TRUE,9,313,11,6,108,141,20.8333333333333,"Continuous Presence","35.88-36.64",7
"Acrosiphonia/Cladophora spp",TRUE,TRUE,TRUE,3,242,11,3,103,175,13.6363636363636,"Continuous Presence","35.88-36.64",7
"Acrosorium ciliolatum",TRUE,FALSE,FALSE,0,242,11,0,103,143,0,"Southern Only Presence","35.88-36.64",7
"Aeolidia papillosa",FALSE,FALSE,TRUE,0,313,11,0,108,3,0,"Northern Only Presence","35.88-36.64",7
"Aglaophenia spp",TRUE,TRUE,TRUE,1,242,11,1,103,18,4.54545454545455,"Continuous Presence","35.88-36.64",7
"Ahnfeltia fastigiata",TRUE,TRUE,TRUE,2,242,11,1,103,117,9.09090909090909,"Continuous Presence","35.88-36.64",7
"Ahnfeltiopsis linearis",TRUE,FALSE,TRUE,0,242,11,0,103,56,0,"Avoidant","35.88-36.64",7
"Alaria marginata",TRUE,TRUE,TRUE,6,242,11,5,103,1018,18.1818181818182,"Continuous Presence","35.88-36.64",7
"Alia spp",TRUE,TRUE,TRUE,10,313,11,6,108,1445,37.5,"Continuous Presence","35.88-36.64",7
"Amphiroa beauvoisii",TRUE,FALSE,FALSE,0,242,11,0,103,2,0,"Southern Only Presence","35.88-36.64",7
"Amphissa columbiana",TRUE,TRUE,TRUE,1,313,11,1,108,31,4.16666666666667,"Continuous Presence","35.88-36.64",7
"Amphissa versicolor",TRUE,TRUE,TRUE,14,313,11,7,108,299,45.8333333333333,"Continuous Presence","35.88-36.64",7
"Analipus japonicus",TRUE,TRUE,TRUE,16,242,11,9,103,379,31.8181818181818,"Continuous Presence","35.88-36.64",7
"Anisocladella pacifica",TRUE,FALSE,FALSE,0,242,11,0,103,4,0,"Southern Only Presence","35.88-36.64",7
"Anthopleura artemisia",FALSE,FALSE,TRUE,0,242,11,0,103,3,0,"Northern Only Presence","35.88-36.64",7
"Anthopleura elegantissima",TRUE,TRUE,TRUE,19,242,11,8,103,5148,36.3636363636364,"Continuous Presence","35.88-36.64",7
"Anthopleura sola",TRUE,TRUE,TRUE,23,242,11,9,103,2460,40.9090909090909,"Continuous Presence","35.88-36.64",7
"Anthopleura xanthogrammica",TRUE,TRUE,TRUE,14,242,11,8,103,791,36.3636363636364,"Continuous Presence","35.88-36.64",7
"Antithamnionella spp",FALSE,FALSE,FALSE,0,242,11,0,103,0,0,"Absent","35.88-36.64",7
"Aplidium spp",TRUE,TRUE,TRUE,9,242,11,7,103,73,27.2727272727273,"Continuous Presence","35.88-36.64",7
"Aplysia californica",TRUE,FALSE,FALSE,0,313,11,0,108,11,0,"Southern Only Presence","35.88-36.64",7
"Asparagopsis taxiformis",TRUE,FALSE,FALSE,0,242,11,0,103,97,0,"Southern Only Presence","35.88-36.64",7
"Atrimitra idae",FALSE,FALSE,FALSE,0,313,11,0,108,0,0,"Absent","35.88-36.64",7
"Balanus crenatus",FALSE,FALSE,TRUE,0,242,11,0,103,1,0,"Northern Only Presence","35.88-36.64",7
"Balanus glandula",TRUE,TRUE,TRUE,25,242,11,11,103,5046,40.9090909090909,"Continuous Presence","35.88-36.64",7
"Balanus glandula/Semibalanus balanoides",FALSE,FALSE,FALSE,0,242,11,0,103,0,0,"Absent","35.88-36.64",7
"Balanus nubilus",TRUE,TRUE,TRUE,2,242,11,2,103,6,4.54545454545455,"Continuous Presence","35.88-36.64",7
"Bangia spp",TRUE,TRUE,TRUE,1,242,11,1,103,63,4.54545454545455,"Continuous Presence","35.88-36.64",7
"Besa leptophylla",TRUE,TRUE,TRUE,2,242,11,1,103,41,9.09090909090909,"Continuous Presence","35.88-36.64",7
"Bittium eschrichtii",TRUE,TRUE,TRUE,7,313,11,4,108,898,29.1666666666667,"Continuous Presence","35.88-36.64",7
"Boring clam",TRUE,FALSE,TRUE,0,242,11,0,103,12,0,"Avoidant","35.88-36.64",7
"Bossiella spp",TRUE,TRUE,TRUE,26,242,11,11,103,1442,40.9090909090909,"Continuous Presence","35.88-36.64",7
"Bryopsis spp",TRUE,FALSE,TRUE,0,242,11,0,103,12,0,"Avoidant","35.88-36.64",7
"Bugula neritina",TRUE,FALSE,FALSE,0,242,11,0,103,18,0,"Southern Only Presence","35.88-36.64",7
"Californiconus californicus",TRUE,TRUE,TRUE,1,313,11,1,108,217,4.16666666666667,"Continuous Presence","35.88-36.64",7
"Calliarthron spp",TRUE,TRUE,TRUE,26,242,11,11,103,1229,40.9090909090909,"Continuous Presence","35.88-36.64",7
"Calliostoma annulatum",TRUE,TRUE,FALSE,1,313,11,1,108,5,4.16666666666667,"Northern Range Edge","35.88-36.64",7
"Calliostoma canaliculatum",TRUE,TRUE,TRUE,3,313,11,3,108,25,8.33333333333333,"Continuous Presence","35.88-36.64",7
"Calliostoma ligatum",TRUE,TRUE,TRUE,13,313,11,6,108,90,37.5,"Continuous Presence","35.88-36.64",7
"Calliostoma supragranosum",TRUE,FALSE,FALSE,0,313,11,0,108,1,0,"Southern Only Presence","35.88-36.64",7
"Callithamnion pikeanum",TRUE,TRUE,TRUE,5,242,11,4,103,330,22.7272727272727,"Continuous Presence","35.88-36.64",7
"Callithamnion rupicola",TRUE,FALSE,FALSE,0,242,11,0,103,2,0,"Southern Only Presence","35.88-36.64",7
"Callophyllis spp",TRUE,TRUE,TRUE,10,242,11,7,103,68,27.2727272727273,"Continuous Presence","35.88-36.64",7
"Cancer antennaria",TRUE,TRUE,TRUE,2,313,11,2,108,55,8.33333333333333,"Continuous Presence","35.88-36.64",7
"Cancer oregonensis",TRUE,FALSE,TRUE,0,313,11,0,108,3,0,"Avoidant","35.88-36.64",7
"Cancer productus",FALSE,FALSE,TRUE,0,313,11,0,108,1,0,"Northern Only Presence","35.88-36.64",7
"Carpopeltis bushiae",FALSE,FALSE,FALSE,0,242,11,0,103,0,0,"Absent","35.88-36.64",7
"Caulacanthus okamurae",TRUE,TRUE,TRUE,1,242,11,1,103,1831,4.54545454545455,"Continuous Presence","35.88-36.64",7
"Ceratostoma foliatum",TRUE,TRUE,TRUE,1,313,11,1,108,5,4.16666666666667,"Continuous Presence","35.88-36.64",7
"Ceratostoma nuttalli",TRUE,FALSE,TRUE,0,313,11,0,108,46,0,"Avoidant","35.88-36.64",7
"Cerithiopsis spp",TRUE,FALSE,FALSE,0,313,11,0,108,2,0,"Southern Only Presence","35.88-36.64",7
"Chaetomorpha spp",TRUE,TRUE,TRUE,1,242,11,1,103,148,4.54545454545455,"Continuous Presence","35.88-36.64",7
"Chondracanthus canaliculatus",TRUE,TRUE,TRUE,15,242,11,7,103,5926,40.9090909090909,"Continuous Presence","35.88-36.64",7
"Chondracanthus corymbiferus/exaspertata",TRUE,TRUE,TRUE,6,242,11,6,103,74,18.1818181818182,"Continuous Presence","35.88-36.64",7
"Chondracanthus harveyanus",FALSE,TRUE,FALSE,2,242,11,2,103,5,9.09090909090909,"Endemic Presence","35.88-36.64",7
"Chondracanthus spinosus",TRUE,TRUE,TRUE,6,242,11,4,103,42,27.2727272727273,"Continuous Presence","35.88-36.64",7
"Chondria acrorhizophora",TRUE,FALSE,FALSE,0,242,11,0,103,21,0,"Southern Only Presence","35.88-36.64",7
"Chondria arcuata",TRUE,FALSE,FALSE,0,242,11,0,103,16,0,"Southern Only Presence","35.88-36.64",7
"Chondria dasyphylla",TRUE,FALSE,FALSE,0,242,11,0,103,16,0,"Southern Only Presence","35.88-36.64",7
"Chondria decipiens",TRUE,FALSE,FALSE,0,242,11,0,103,25,0,"Southern Only Presence","35.88-36.64",7
"Chondria nidifica",TRUE,FALSE,FALSE,0,242,11,0,103,157,0,"Southern Only Presence","35.88-36.64",7
"Chondria oppositiclada",TRUE,FALSE,FALSE,0,242,11,0,103,23,0,"Southern Only Presence","35.88-36.64",7
"Chone minuta",TRUE,TRUE,TRUE,1,242,11,1,103,88,4.54545454545455,"Continuous Presence","35.88-36.64",7
"Chthamalus dalli/fissus",TRUE,TRUE,TRUE,27,242,11,11,103,17343,40.9090909090909,"Continuous Presence","35.88-36.64",7
"Cirolana spp/Gnorimosphaeroma oregonense",TRUE,TRUE,TRUE,6,313,11,5,108,82,20.8333333333333,"Continuous Presence","35.88-36.64",7
"Cladophora columbiana",TRUE,TRUE,TRUE,23,242,11,10,103,1559,40.9090909090909,"Continuous Presence","35.88-36.64",7
"Cladophora graminea",TRUE,TRUE,FALSE,3,242,11,2,103,6,13.6363636363636,"Northern Range Edge","35.88-36.64",7
"Clavelina huntsmani",TRUE,FALSE,FALSE,0,242,11,0,103,4,0,"Southern Only Presence","35.88-36.64",7
"Codium fragile",TRUE,TRUE,TRUE,7,242,11,3,103,51,18.1818181818182,"Continuous Presence","35.88-36.64",7
"Codium setchellii",TRUE,TRUE,TRUE,5,242,11,2,103,19,18.1818181818182,"Continuous Presence","35.88-36.64",7
"Colonial diatom",TRUE,FALSE,TRUE,0,242,11,0,103,75,0,"Avoidant","35.88-36.64",7
"Colpomenia/Leathesia spp",TRUE,TRUE,TRUE,4,242,11,3,103,184,13.6363636363636,"Continuous Presence","35.88-36.64",7
"Constantinea simplex",TRUE,FALSE,TRUE,0,242,11,0,103,109,0,"Avoidant","35.88-36.64",7
"Corallina spp",TRUE,TRUE,TRUE,27,242,11,11,103,18213,40.9090909090909,"Continuous Presence","35.88-36.64",7
"Corynactis californica",FALSE,FALSE,FALSE,0,242,11,0,103,0,0,"Absent","35.88-36.64",7
"Costaria costata",FALSE,FALSE,TRUE,0,242,11,0,103,93,0,"Northern Only Presence","35.88-36.64",7
"Crangon spp",TRUE,FALSE,TRUE,0,313,11,0,108,10,0,"Avoidant","35.88-36.64",7
"Crepipatella lingulata",TRUE,FALSE,TRUE,0,313,11,0,108,11,0,"Avoidant","35.88-36.64",7
"Cryptochiton stelleri",TRUE,TRUE,TRUE,9,391,11,7,108,236,21.7391304347826,"Continuous Presence","35.88-36.64",7
"Cryptolithodes sitchensis",FALSE,TRUE,FALSE,1,313,11,1,108,5,4.16666666666667,"Endemic Presence","35.88-36.64",7
"Cryptopleura/Hymenena spp",TRUE,TRUE,TRUE,26,242,11,11,103,3622,40.9090909090909,"Continuous Presence","35.88-36.64",7
"Cryptosiphonia woodii",TRUE,TRUE,TRUE,2,242,11,2,103,922,9.09090909090909,"Continuous Presence","35.88-36.64",7
"Cucumaria miniata",FALSE,FALSE,FALSE,0,313,11,0,108,0,0,"Absent","35.88-36.64",7
"Cucumaria/Pseudocnus spp",TRUE,TRUE,TRUE,4,313,11,3,108,573,16.6666666666667,"Continuous Presence","35.88-36.64",7
"Cumagloia andersonii",TRUE,FALSE,TRUE,0,242,11,0,103,25,0,"Avoidant","35.88-36.64",7
"Cyanoplax hartwegii",TRUE,TRUE,TRUE,29,313,11,10,108,1890,54.1666666666667,"Continuous Presence","35.88-36.64",7
"Cyanoplax spp",TRUE,TRUE,TRUE,18,313,11,10,108,1882,45.8333333333333,"Continuous Presence","35.88-36.64",7
"Dasya binghamiae",TRUE,FALSE,FALSE,0,242,11,0,103,18,0,"Southern Only Presence","35.88-36.64",7
"Dasysiphonia japonica",TRUE,FALSE,FALSE,0,242,11,0,103,1,0,"Southern Only Presence","35.88-36.64",7
"Delesseria decipiens",FALSE,FALSE,TRUE,0,242,11,0,103,5,0,"Northern Only Presence","35.88-36.64",7
"Dendrobeania lichenoides",FALSE,FALSE,FALSE,0,242,11,0,103,0,0,"Absent","35.88-36.64",7
"Dendronotus subramosus",FALSE,FALSE,TRUE,0,313,11,0,108,1,0,"Northern Only Presence","35.88-36.64",7
"Dendropoma lituella",FALSE,FALSE,FALSE,0,242,11,0,103,0,0,"Absent","35.88-36.64",7
"Derbesia marina",TRUE,TRUE,TRUE,1,242,11,1,103,12,4.54545454545455,"Continuous Presence","35.88-36.64",7
"Dermasterias imbricata",TRUE,TRUE,TRUE,1,391,11,1,108,683,4.34782608695652,"Continuous Presence","35.88-36.64",7
"Desmarestia ligulata",TRUE,TRUE,TRUE,1,242,11,1,103,121,4.54545454545455,"Continuous Presence","35.88-36.64",7
"Diaperoecia californica",FALSE,FALSE,FALSE,0,242,11,0,103,0,0,"Absent","35.88-36.64",7
"Diaulula sandiegensis",TRUE,TRUE,TRUE,1,313,11,1,108,12,4.16666666666667,"Continuous Presence","35.88-36.64",7
"Dictyoneurum californicum",FALSE,FALSE,TRUE,0,242,11,0,103,12,0,"Northern Only Presence","35.88-36.64",7
"Dictyopteris undulata",TRUE,FALSE,FALSE,0,242,11,0,103,22,0,"Southern Only Presence","35.88-36.64",7
"Dictyota binghamiae",TRUE,FALSE,FALSE,0,242,11,0,103,4,0,"Southern Only Presence","35.88-36.64",7
"Dictyota coriacea",TRUE,FALSE,FALSE,0,242,11,0,103,138,0,"Southern Only Presence","35.88-36.64",7
"Dilsea californica",TRUE,FALSE,TRUE,0,242,11,0,103,447,0,"Avoidant","35.88-36.64",7
"Diodora aspera",TRUE,TRUE,TRUE,2,313,11,2,108,11,8.33333333333333,"Continuous Presence","35.88-36.64",7
"Dirona albolineata",FALSE,FALSE,TRUE,0,313,11,0,108,2,0,"Northern Only Presence","35.88-36.64",7
"Discurria insessa",TRUE,TRUE,TRUE,4,313,11,2,108,120,16.6666666666667,"Continuous Presence","35.88-36.64",7
"Distaplia occidentalis",TRUE,FALSE,TRUE,0,242,11,0,103,9,0,"Avoidant","35.88-36.64",7
"Dodecaceria spp",TRUE,TRUE,TRUE,5,242,11,3,103,239,22.7272727272727,"Continuous Presence","35.88-36.64",7
"Doris montereyensis",FALSE,FALSE,TRUE,0,313,11,0,108,3,0,"Northern Only Presence","35.88-36.64",7
"Ectocarpus spp",TRUE,FALSE,FALSE,0,242,11,0,103,2,0,"Southern Only Presence","35.88-36.64",7
"Egregia menziesii",TRUE,TRUE,TRUE,25,242,11,11,103,5494,40.9090909090909,"Continuous Presence","35.88-36.64",7
"Eisenia arborea",TRUE,TRUE,TRUE,1,242,11,1,103,141,4.54545454545455,"Continuous Presence","35.88-36.64",7
"Encrusting coralline",TRUE,TRUE,TRUE,27,242,11,11,103,8084,40.9090909090909,"Continuous Presence","35.88-36.64",7
"Endarachne/Petalonia/Phaeostrophion spp",TRUE,TRUE,TRUE,2,242,11,2,103,381,9.09090909090909,"Continuous Presence","35.88-36.64",7
"Endocladia muricata",TRUE,TRUE,TRUE,27,242,11,11,103,14318,40.9090909090909,"Continuous Presence","35.88-36.64",7
"Endoplura aurea",FALSE,FALSE,FALSE,0,242,11,0,103,0,0,"Absent","35.88-36.64",7
"Epiactis prolifera",FALSE,FALSE,TRUE,0,242,11,0,103,5,0,"Northern Only Presence","35.88-36.64",7
"Epitonium tinctum",TRUE,TRUE,TRUE,4,313,11,3,108,388,16.6666666666667,"Continuous Presence","35.88-36.64",7
"Erythroglossum californicum",TRUE,FALSE,TRUE,0,242,11,0,103,48,0,"Avoidant","35.88-36.64",7
"Erythrophyllum delesserioides",TRUE,TRUE,TRUE,5,242,11,3,103,222,18.1818181818182,"Continuous Presence","35.88-36.64",7
"Eudendrium californicum",TRUE,FALSE,TRUE,0,242,11,0,103,2,0,"Avoidant","35.88-36.64",7
"Eudistoma psammion",TRUE,TRUE,FALSE,5,242,11,4,103,45,18.1818181818182,"Northern Range Edge","35.88-36.64",7
"Eudistoma ritteri",TRUE,FALSE,TRUE,0,242,11,0,103,4,0,"Avoidant","35.88-36.64",7
"Eudistylia polymorpha",FALSE,FALSE,FALSE,0,242,11,0,103,0,0,"Absent","35.88-36.64",7
"Eupentacta spp",FALSE,FALSE,TRUE,0,313,11,0,108,11,0,"Northern Only Presence","35.88-36.64",7
"Eurystomella bilabiata",TRUE,TRUE,TRUE,1,242,11,1,103,29,4.54545454545455,"Continuous Presence","35.88-36.64",7
"Evasterias troschelii",FALSE,FALSE,FALSE,0,391,11,0,108,0,0,"Absent","35.88-36.64",7
"Farlowia compressa",FALSE,FALSE,TRUE,0,242,11,0,103,3,0,"Northern Only Presence","35.88-36.64",7
"Farlowia mollis",TRUE,FALSE,TRUE,0,242,11,0,103,17,0,"Avoidant","35.88-36.64",7
"Farlowia/Pikea spp",TRUE,TRUE,TRUE,5,242,11,3,103,93,13.6363636363636,"Continuous Presence","35.88-36.64",7
"Fissurella volcano",TRUE,TRUE,FALSE,26,313,11,8,108,4909,54.1666666666667,"Northern Range Edge","35.88-36.64",7
"Fissurellidea bimaculata",TRUE,TRUE,FALSE,2,313,11,1,108,5,8.33333333333333,"Northern Range Edge","35.88-36.64",7
"Flustrellidra corniculata",FALSE,FALSE,TRUE,0,242,11,0,103,4,0,"Northern Only Presence","35.88-36.64",7
"Fredericqia chiton",TRUE,FALSE,FALSE,0,242,11,0,103,1,0,"Southern Only Presence","35.88-36.64",7
"Fucus spp",TRUE,TRUE,TRUE,12,242,11,5,103,3137,27.2727272727273,"Continuous Presence","35.88-36.64",7
"Gastroclonium parvum",TRUE,FALSE,FALSE,0,242,11,0,103,162,0,"Southern Only Presence","35.88-36.64",7
"Gelidium purpurascens",TRUE,TRUE,TRUE,1,242,11,1,103,43,4.54545454545455,"Continuous Presence","35.88-36.64",7
"Gelidium robustum",TRUE,TRUE,TRUE,5,242,11,4,103,128,22.7272727272727,"Continuous Presence","35.88-36.64",7
"Gelidium spp",TRUE,TRUE,TRUE,24,242,11,9,103,4262,40.9090909090909,"Continuous Presence","35.88-36.64",7
"Gloiopeltis furcata",TRUE,FALSE,TRUE,0,242,11,0,103,69,0,"Avoidant","35.88-36.64",7
"Gloiosiphonia californica",FALSE,FALSE,TRUE,0,242,11,0,103,4,0,"Northern Only Presence","35.88-36.64",7
"Gracilariopsis/Gracilaria spp",TRUE,FALSE,TRUE,0,242,11,0,103,423,0,"Avoidant","35.88-36.64",7
"Grateloupia angusta",TRUE,FALSE,FALSE,0,242,11,0,103,2,0,"Southern Only Presence","35.88-36.64",7
"Grateloupia californica",TRUE,FALSE,TRUE,0,242,11,0,103,139,0,"Avoidant","35.88-36.64",7
"Grateloupia cornea",TRUE,FALSE,FALSE,0,242,11,0,103,4,0,"Southern Only Presence","35.88-36.64",7
"Halichondria panicea",TRUE,FALSE,TRUE,0,242,11,0,103,5,0,"Avoidant","35.88-36.64",7
"Halichondria spp",TRUE,TRUE,TRUE,9,242,11,7,103,57,27.2727272727273,"Continuous Presence","35.88-36.64",7
"Haliclona spp",TRUE,TRUE,TRUE,7,242,11,6,103,60,22.7272727272727,"Continuous Presence","35.88-36.64",7
"Halosaccion glandiforme",TRUE,TRUE,TRUE,5,242,11,3,103,769,18.1818181818182,"Continuous Presence","35.88-36.64",7
"Halymenia/Schizymenia spp",TRUE,TRUE,TRUE,3,242,11,2,103,221,9.09090909090909,"Continuous Presence","35.88-36.64",7
"Haminoea vesicula",TRUE,FALSE,FALSE,0,313,11,0,108,13,0,"Southern Only Presence","35.88-36.64",7
"Haminoea virescens",TRUE,FALSE,FALSE,0,313,11,0,108,12,0,"Southern Only Presence","35.88-36.64",7
"Hapalospongidion gelatinosum",FALSE,FALSE,FALSE,0,242,11,0,103,0,0,"Absent","35.88-36.64",7
"Haplogloia andersonii",TRUE,TRUE,TRUE,1,242,11,1,103,11,4.54545454545455,"Continuous Presence","35.88-36.64",7
"Hapterophycus canaliculatus",TRUE,FALSE,TRUE,0,242,11,0,103,93,0,"Avoidant","35.88-36.64",7
"Hedophyllum sessile",FALSE,FALSE,TRUE,0,242,11,0,103,720,0,"Northern Only Presence","35.88-36.64",7
"Heliaster kubiniji",FALSE,FALSE,FALSE,0,391,11,0,108,0,0,"Absent","35.88-36.64",7
"Hemigrapsus nudus",TRUE,TRUE,TRUE,2,313,11,2,108,66,8.33333333333333,"Continuous Presence","35.88-36.64",7
"Hemigrapsus oregonensis",FALSE,FALSE,TRUE,0,313,11,0,108,1,0,"Northern Only Presence","35.88-36.64",7
"Henricia spp",TRUE,TRUE,TRUE,19,391,11,10,108,446,43.4782608695652,"Continuous Presence","35.88-36.64",7
"Hermissenda crassicornis",TRUE,FALSE,TRUE,0,313,11,0,108,32,0,"Avoidant","35.88-36.64",7
"Herposiphonia littoralis",TRUE,FALSE,FALSE,0,242,11,0,103,9,0,"Southern Only Presence","35.88-36.64",7
"Herposiphonia plumula",FALSE,FALSE,FALSE,0,242,11,0,103,0,0,"Absent","35.88-36.64",7
"Herposiphonia verticillata",TRUE,TRUE,FALSE,2,242,11,2,103,15,4.54545454545455,"Northern Range Edge","35.88-36.64",7
"Homalopoma spp",TRUE,TRUE,TRUE,5,313,11,4,108,191,16.6666666666667,"Continuous Presence","35.88-36.64",7
"Hypnea johnstonii",TRUE,FALSE,FALSE,0,242,11,0,103,12,0,"Southern Only Presence","35.88-36.64",7
"Hypnea valentiae",TRUE,FALSE,FALSE,0,242,11,0,103,164,0,"Southern Only Presence","35.88-36.64",7
"Hypnea variabilis",TRUE,FALSE,FALSE,0,242,11,0,103,5,0,"Southern Only Presence","35.88-36.64",7
"Idotea spp",TRUE,TRUE,TRUE,18,313,11,10,108,837,37.5,"Continuous Presence","35.88-36.64",7
"Jania rosea",TRUE,FALSE,FALSE,0,242,11,0,103,88,0,"Southern Only Presence","35.88-36.64",7
"Jania tenella",TRUE,FALSE,FALSE,0,242,11,0,103,13,0,"Southern Only Presence","35.88-36.64",7
"Jania verrucosa",TRUE,FALSE,FALSE,0,242,11,0,103,531,0,"Southern Only Presence","35.88-36.64",7
"Johansenia macmillanii",FALSE,TRUE,TRUE,1,242,11,1,103,4,4.54545454545455,"Southern Range Edge","35.88-36.64",7
"Katharina tunicata",TRUE,TRUE,TRUE,23,313,11,9,108,555,37.5,"Continuous Presence","35.88-36.64",7
"Kelletia kelletii",TRUE,FALSE,FALSE,0,313,11,0,108,9,0,"Southern Only Presence","35.88-36.64",7
"Lacuna spp",TRUE,TRUE,TRUE,15,313,11,6,108,18119,45.8333333333333,"Continuous Presence","35.88-36.64",7
"Laminaria ephemera",FALSE,FALSE,TRUE,0,242,11,0,103,4,0,"Northern Only Presence","35.88-36.64",7
"Laminaria farlowii",TRUE,FALSE,FALSE,0,242,11,0,103,1,0,"Southern Only Presence","35.88-36.64",7
"Laminaria setchellii",TRUE,TRUE,TRUE,14,242,11,8,103,553,36.3636363636364,"Continuous Presence","35.88-36.64",7
"Laminaria sinclairii",TRUE,TRUE,TRUE,8,242,11,4,103,252,18.1818181818182,"Continuous Presence","35.88-36.64",7
"Laurencia pacifica/masonii",TRUE,TRUE,FALSE,2,242,11,2,103,462,9.09090909090909,"Northern Range Edge","35.88-36.64",7
"Laurencia spp",TRUE,FALSE,FALSE,0,242,11,0,103,15,0,"Southern Only Presence","35.88-36.64",7
"Lepidozona spp",TRUE,TRUE,TRUE,4,313,11,4,108,127,12.5,"Continuous Presence","35.88-36.64",7
"Leptasterias spp",TRUE,TRUE,TRUE,34,313,11,11,108,1995,58.3333333333333,"Continuous Presence","35.88-36.64",7
"Lessoniopsis littoralis",FALSE,TRUE,TRUE,1,242,11,1,103,10,4.54545454545455,"Southern Range Edge","35.88-36.64",7
"Ligia spp",TRUE,TRUE,TRUE,1,313,11,1,108,32,4.16666666666667,"Continuous Presence","35.88-36.64",7
"Limacia cockerelli",TRUE,FALSE,FALSE,0,313,11,0,108,2,0,"Southern Only Presence","35.88-36.64",7
"Linckia columbiae",FALSE,FALSE,FALSE,0,391,11,0,108,0,0,"Absent","35.88-36.64",7
"Lirabuccinum dirum",FALSE,FALSE,TRUE,0,313,11,0,108,133,0,"Northern Only Presence","35.88-36.64",7
"Lirularia/Margarites spp",TRUE,TRUE,TRUE,5,313,11,4,108,396,16.6666666666667,"Continuous Presence","35.88-36.64",7
"Lithophyllum/Lithothamnion spp",TRUE,TRUE,TRUE,7,242,11,7,103,159,9.09090909090909,"Continuous Presence","35.88-36.64",7
"Lithothrix aspergillum",TRUE,TRUE,TRUE,1,242,11,1,103,1542,4.54545454545455,"Continuous Presence","35.88-36.64",7
"Littorina spp.",TRUE,TRUE,TRUE,36,313,11,11,108,737668,58.3333333333333,"Continuous Presence","35.88-36.64",7
"Lomentaria hakodatensis",TRUE,FALSE,FALSE,0,242,11,0,103,250,0,"Southern Only Presence","35.88-36.64",7
"Lottia asmi",TRUE,TRUE,TRUE,4,313,11,3,108,357,8.33333333333333,"Continuous Presence","35.88-36.64",7
"Lottia austrodigitalis/digitalis",TRUE,TRUE,TRUE,36,313,11,11,108,70520,58.3333333333333,"Continuous Presence","35.88-36.64",7
"Lottia fenestrata",TRUE,TRUE,TRUE,1,313,11,1,108,1030,4.16666666666667,"Continuous Presence","35.88-36.64",7
"Lottia instabilis",TRUE,TRUE,TRUE,9,313,11,6,108,229,29.1666666666667,"Continuous Presence","35.88-36.64",7
"Lottia limatula",TRUE,TRUE,TRUE,34,313,11,10,108,3715,58.3333333333333,"Continuous Presence","35.88-36.64",7
"Lottia paradigitalis/strigatella",TRUE,TRUE,TRUE,35,313,11,11,108,87755,58.3333333333333,"Continuous Presence","35.88-36.64",7
"Lottia pelta",TRUE,TRUE,TRUE,36,313,11,11,108,14378,58.3333333333333,"Continuous Presence","35.88-36.64",7
"Lottia persona",TRUE,FALSE,TRUE,0,313,11,0,108,82,0,"Avoidant","35.88-36.64",7
"Lottia polyfacies",TRUE,FALSE,FALSE,0,313,11,0,108,37,0,"Southern Only Presence","35.88-36.64",7
"Lottia scabra/conus",TRUE,TRUE,TRUE,36,313,11,11,108,120485,58.3333333333333,"Continuous Presence","35.88-36.64",7
"Lottia scutum",TRUE,TRUE,TRUE,28,313,11,10,108,2814,58.3333333333333,"Continuous Presence","35.88-36.64",7
"Macrocystis pyrifera",TRUE,TRUE,TRUE,3,242,11,3,103,74,9.09090909090909,"Continuous Presence","35.88-36.64",7
"Macron lividus",TRUE,FALSE,FALSE,0,313,11,0,108,145,0,"Southern Only Presence","35.88-36.64",7
"Mastocarpus spp",TRUE,TRUE,TRUE,25,242,11,10,103,12690,40.9090909090909,"Continuous Presence","35.88-36.64",7
"Maxwellia gemma",TRUE,FALSE,FALSE,0,313,11,0,108,5,0,"Southern Only Presence","35.88-36.64",7
"Mazzaella affinis",TRUE,TRUE,TRUE,20,242,11,9,103,821,40.9090909090909,"Continuous Presence","35.88-36.64",7
"Mazzaella flaccida/oregona/splendens",TRUE,TRUE,TRUE,27,242,11,11,103,11621,40.9090909090909,"Continuous Presence","35.88-36.64",7
"Mazzaella leptorhynchos",TRUE,TRUE,TRUE,8,242,11,5,103,455,27.2727272727273,"Continuous Presence","35.88-36.64",7
"Mazzaella linearis",FALSE,TRUE,TRUE,5,242,11,4,103,87,13.6363636363636,"Southern Range Edge","35.88-36.64",7
"Mazzaella parksii",FALSE,FALSE,TRUE,0,242,11,0,103,115,0,"Northern Only Presence","35.88-36.64",7
"Mazzaella phyllocarpa",FALSE,FALSE,FALSE,0,242,11,0,103,0,0,"Absent","35.88-36.64",7
"Mazzaella volans",TRUE,TRUE,TRUE,2,242,11,2,103,23,9.09090909090909,"Continuous Presence","35.88-36.64",7
"Megabalanus californicus",TRUE,FALSE,TRUE,0,242,11,0,103,3,0,"Avoidant","35.88-36.64",7
"Megastraea undosa",TRUE,FALSE,FALSE,0,313,11,0,108,10,0,"Southern Only Presence","35.88-36.64",7
"Melanosiphon/Scytosiphon spp",TRUE,FALSE,TRUE,0,242,11,0,103,208,0,"Avoidant","35.88-36.64",7
"Membranipora spp",TRUE,FALSE,TRUE,0,242,11,0,103,5,0,"Avoidant","35.88-36.64",7
"Metridium senile",FALSE,FALSE,FALSE,0,242,11,0,103,0,0,"Absent","35.88-36.64",7
"Mexacanthina lugubris",TRUE,FALSE,FALSE,0,313,11,0,108,253,0,"Southern Only Presence","35.88-36.64",7
"Microcladia borealis",TRUE,TRUE,TRUE,20,242,11,9,103,835,40.9090909090909,"Continuous Presence","35.88-36.64",7
"Microcladia coulteri",TRUE,TRUE,TRUE,2,242,11,2,103,18,4.54545454545455,"Continuous Presence","35.88-36.64",7
"Mopalia spp",TRUE,TRUE,TRUE,26,313,11,10,108,1201,54.1666666666667,"Continuous Presence","35.88-36.64",7
"Mytilisepta/Brachidontes spp",TRUE,TRUE,FALSE,1,242,11,1,103,243,4.54545454545455,"Northern Range Edge","35.88-36.64",7
"Mytilus californianus",TRUE,TRUE,TRUE,27,242,11,11,103,25035,40.9090909090909,"Continuous Presence","35.88-36.64",7
"Mytilus trossulus/galloprovincialis/edulis",TRUE,FALSE,TRUE,0,242,11,0,103,126,0,"Avoidant","35.88-36.64",7
"Navanax inermis",TRUE,FALSE,FALSE,0,313,11,0,108,4,0,"Southern Only Presence","35.88-36.64",7
"Nemalion elminthoides",TRUE,FALSE,FALSE,0,242,11,0,103,5,0,"Southern Only Presence","35.88-36.64",7
"Neogastroclonium subarticulatum",TRUE,TRUE,TRUE,14,242,11,6,103,1776,40.9090909090909,"Continuous Presence","35.88-36.64",7
"Neoptilota/Ptilota spp",TRUE,TRUE,TRUE,2,242,11,2,103,293,9.09090909090909,"Continuous Presence","35.88-36.64",7
"Neorhodomela larix",TRUE,TRUE,TRUE,8,242,11,2,103,2604,18.1818181818182,"Continuous Presence","35.88-36.64",7
"Neorhodomela oregona",TRUE,TRUE,TRUE,3,242,11,2,103,392,9.09090909090909,"Continuous Presence","35.88-36.64",7
"Nereocystis luetkeana",TRUE,TRUE,TRUE,2,242,11,2,103,40,9.09090909090909,"Continuous Presence","35.88-36.64",7
"Nienburgia andersoniana",TRUE,FALSE,FALSE,0,242,11,0,103,135,0,"Southern Only Presence","35.88-36.64",7
"Non Coralline crust",TRUE,TRUE,TRUE,27,242,11,11,103,15090,40.9090909090909,"Continuous Presence","35.88-36.64",7
"Norrisia norrisii",TRUE,FALSE,FALSE,0,313,11,0,108,12,0,"Southern Only Presence","35.88-36.64",7
"Nucella canaliculata",TRUE,TRUE,TRUE,11,313,11,6,108,703,37.5,"Continuous Presence","35.88-36.64",7
"Nucella emarginata/ostrina",TRUE,TRUE,TRUE,31,313,11,11,108,10126,58.3333333333333,"Continuous Presence","35.88-36.64",7
"Nucella lamellosa",FALSE,FALSE,TRUE,0,313,11,0,108,2,0,"Northern Only Presence","35.88-36.64",7
"Nuttallina spp",TRUE,TRUE,TRUE,36,313,11,11,108,15520,58.3333333333333,"Continuous Presence","35.88-36.64",7
"Obelia spp",TRUE,FALSE,FALSE,0,242,11,0,103,2,0,"Southern Only Presence","35.88-36.64",7
"Odonthalia floccosa",TRUE,TRUE,TRUE,8,242,11,4,103,4729,27.2727272727273,"Continuous Presence","35.88-36.64",7
"Odonthalia washingtoniensis",FALSE,FALSE,TRUE,0,242,11,0,103,9,0,"Northern Only Presence","35.88-36.64",7
"Oedignathus inermis",FALSE,FALSE,TRUE,0,313,11,0,108,38,0,"Northern Only Presence","35.88-36.64",7
"Olivella biplicata",TRUE,TRUE,FALSE,1,313,11,1,108,5,4.16666666666667,"Northern Range Edge","35.88-36.64",7
"Onchidella borealis",TRUE,TRUE,TRUE,9,313,11,6,108,1477,20.8333333333333,"Continuous Presence","35.88-36.64",7
"Onchidoris bilamellata",FALSE,FALSE,FALSE,0,313,11,0,108,0,0,"Absent","35.88-36.64",7
"Opalia borealis",TRUE,FALSE,FALSE,0,313,11,0,108,3,0,"Southern Only Presence","35.88-36.64",7
"Opalia funiculata",TRUE,FALSE,TRUE,0,313,11,0,108,105,0,"Avoidant","35.88-36.64",7
"Ophiuroid",TRUE,FALSE,TRUE,0,313,11,0,108,27,0,"Avoidant","35.88-36.64",7
"Ophlitaspongia pennata",TRUE,TRUE,TRUE,12,242,11,6,103,65,27.2727272727273,"Continuous Presence","35.88-36.64",7
"Opuntiella californica",FALSE,FALSE,FALSE,0,242,11,0,103,0,0,"Absent","35.88-36.64",7
"Oregonia gracilis",FALSE,FALSE,FALSE,0,313,11,0,108,0,0,"Absent","35.88-36.64",7
"Orienthella trilineata",TRUE,FALSE,TRUE,0,313,11,0,108,4,0,"Avoidant","35.88-36.64",7
"Osmundea sinicola",TRUE,TRUE,TRUE,3,242,11,3,103,244,13.6363636363636,"Continuous Presence","35.88-36.64",7
"Osmundea spectabilis",TRUE,TRUE,TRUE,12,242,11,8,103,465,31.8181818181818,"Continuous Presence","35.88-36.64",7
"Osmundea splendens",TRUE,FALSE,FALSE,0,242,11,0,103,7,0,"Southern Only Presence","35.88-36.64",7
"Pachycheles spp",TRUE,TRUE,TRUE,5,313,11,5,108,116,16.6666666666667,"Continuous Presence","35.88-36.64",7
"Pachygrapsus crassipes",TRUE,TRUE,TRUE,34,313,11,11,108,4995,58.3333333333333,"Continuous Presence","35.88-36.64",7
"Paciocinebrina circumtexta",TRUE,TRUE,TRUE,9,313,11,4,108,445,29.1666666666667,"Continuous Presence","35.88-36.64",7
"Paciocinebrina interfossa",TRUE,TRUE,TRUE,2,313,11,2,108,74,8.33333333333333,"Continuous Presence","35.88-36.64",7
"Paciocinebrina lurida",TRUE,TRUE,TRUE,1,313,11,1,108,12,4.16666666666667,"Continuous Presence","35.88-36.64",7
"Padina spp",FALSE,FALSE,FALSE,0,242,11,0,103,0,0,"Absent","35.88-36.64",7
"Pagurus beringanus",FALSE,FALSE,TRUE,0,313,11,0,108,13,0,"Northern Only Presence","35.88-36.64",7
"Pagurus caurinus",FALSE,FALSE,TRUE,0,313,11,0,108,2,0,"Northern Only Presence","35.88-36.64",7
"Pagurus granosimanus",TRUE,TRUE,TRUE,4,313,11,3,108,620,16.6666666666667,"Continuous Presence","35.88-36.64",7
"Pagurus hemphilli",TRUE,FALSE,TRUE,0,313,11,0,108,7,0,"Avoidant","35.88-36.64",7
"Pagurus hirsutiusculus",TRUE,TRUE,TRUE,30,313,11,9,108,5489,58.3333333333333,"Continuous Presence","35.88-36.64",7
"Pagurus samuelis",TRUE,TRUE,TRUE,25,313,11,9,108,4232,58.3333333333333,"Continuous Presence","35.88-36.64",7
"Palmaria callophylloides",FALSE,FALSE,FALSE,0,242,11,0,103,0,0,"Absent","35.88-36.64",7
"Palmaria hecatensis",FALSE,FALSE,FALSE,0,242,11,0,103,0,0,"Absent","35.88-36.64",7
"Palmaria mollis",TRUE,TRUE,FALSE,1,242,11,1,103,53,4.54545454545455,"Northern Range Edge","35.88-36.64",7
"Palmaria palmata",FALSE,FALSE,FALSE,0,242,11,0,103,0,0,"Absent","35.88-36.64",7
"Panulirus interruptus",FALSE,FALSE,FALSE,0,391,11,0,108,0,0,"Absent","35.88-36.64",7
"Paraxanthias taylori",TRUE,FALSE,FALSE,0,313,11,0,108,4,0,"Southern Only Presence","35.88-36.64",7
"Patiria miniata",TRUE,TRUE,TRUE,22,391,11,8,108,882,43.4782608695652,"Continuous Presence","35.88-36.64",7
"Peltodoris nobilis",FALSE,TRUE,TRUE,3,313,11,3,108,17,12.5,"Southern Range Edge","35.88-36.64",7
"Pelvetiopsis arborescens/hybrida/limitata",TRUE,TRUE,TRUE,9,242,11,5,103,3166,31.8181818181818,"Continuous Presence","35.88-36.64",7
"Pelvetiopsis californica",TRUE,TRUE,FALSE,3,242,11,1,103,351,13.6363636363636,"Northern Range Edge","35.88-36.64",7
"Petaloconchus montereyensis",FALSE,FALSE,TRUE,0,242,11,0,103,1,0,"Northern Only Presence","35.88-36.64",7
"Petrolisthes spp",TRUE,TRUE,TRUE,5,313,11,5,108,229,16.6666666666667,"Continuous Presence","35.88-36.64",7
"Petrospongium rugosum",TRUE,TRUE,TRUE,14,242,11,8,103,420,36.3636363636364,"Continuous Presence","35.88-36.64",7
"Phragmatopoma/Sabellaria spp",TRUE,TRUE,TRUE,22,242,11,10,103,3827,40.9090909090909,"Continuous Presence","35.88-36.64",7
"Phyllospadix scouleri/serrulatus",TRUE,TRUE,TRUE,22,242,11,9,103,5564,40.9090909090909,"Continuous Presence","35.88-36.64",7
"Phyllospadix torreyi",TRUE,TRUE,TRUE,14,242,11,6,103,9543,40.9090909090909,"Continuous Presence","35.88-36.64",7
"Pilayella littoralis",FALSE,FALSE,FALSE,0,242,11,0,103,0,0,"Absent","35.88-36.64",7
"Pisaster giganteus",TRUE,TRUE,TRUE,4,391,11,3,108,46,17.3913043478261,"Continuous Presence","35.88-36.64",7
"Pisaster ochraceus",TRUE,TRUE,TRUE,36,391,11,11,108,39106,65.2173913043478,"Continuous Presence","35.88-36.64",7
"Pista spp",TRUE,TRUE,TRUE,2,242,11,2,103,109,9.09090909090909,"Continuous Presence","35.88-36.64",7
"Placiphorella velata",TRUE,TRUE,TRUE,2,313,11,2,108,6,8.33333333333333,"Continuous Presence","35.88-36.64",7
"Pleonosporium spp",FALSE,FALSE,FALSE,0,242,11,0,103,0,0,"Absent","35.88-36.64",7
"Plocamium oregonum",FALSE,FALSE,TRUE,0,242,11,0,103,2,0,"Northern Only Presence","35.88-36.64",7
"Plocamium pacificum",TRUE,TRUE,TRUE,7,242,11,4,103,828,18.1818181818182,"Continuous Presence","35.88-36.64",7
"Plocamium violaceum",TRUE,TRUE,TRUE,8,242,11,6,103,165,18.1818181818182,"Continuous Presence","35.88-36.64",7
"Pododesmus macrochisma",FALSE,FALSE,FALSE,0,242,11,0,103,0,0,"Absent","35.88-36.64",7
"Pollicipes polymerus",TRUE,TRUE,TRUE,21,242,11,10,103,1847,40.9090909090909,"Continuous Presence","35.88-36.64",7
"Polyneura latissima",TRUE,TRUE,TRUE,1,242,11,1,103,26,4.54545454545455,"Continuous Presence","35.88-36.64",7
"Polysiphonia spp",TRUE,TRUE,TRUE,13,242,11,9,103,942,22.7272727272727,"Continuous Presence","35.88-36.64",7
"Potamilla occelata",TRUE,FALSE,FALSE,0,242,11,0,103,1,0,"Southern Only Presence","35.88-36.64",7
"Primavelans insculpta",FALSE,FALSE,FALSE,0,242,11,0,103,0,0,"Absent","35.88-36.64",7
"Prionitis filiformis",FALSE,FALSE,TRUE,0,242,11,0,103,2,0,"Northern Only Presence","35.88-36.64",7
"Prionitis lanceolata",TRUE,TRUE,TRUE,27,242,11,11,103,2212,40.9090909090909,"Continuous Presence","35.88-36.64",7
"Prionitis linearis",TRUE,FALSE,TRUE,0,242,11,0,103,8,0,"Avoidant","35.88-36.64",7
"Prionitis sternbergii",TRUE,TRUE,TRUE,8,242,11,5,103,237,27.2727272727273,"Continuous Presence","35.88-36.64",7
"Pseudochama exogyra",TRUE,FALSE,FALSE,0,242,11,0,103,278,0,"Southern Only Presence","35.88-36.64",7
"Pseudolithoderma nigrum",TRUE,FALSE,TRUE,0,242,11,0,103,607,0,"Avoidant","35.88-36.64",7
"Pseudomelatoma penicillata",TRUE,FALSE,FALSE,0,313,11,0,108,4,0,"Southern Only Presence","35.88-36.64",7
"Pseudomelatoma torosa",TRUE,FALSE,TRUE,0,313,11,0,108,16,0,"Avoidant","35.88-36.64",7
"Pseudopusula californiana",TRUE,FALSE,FALSE,0,313,11,0,108,1,0,"Southern Only Presence","35.88-36.64",7
"Pterocladiella capillacea",TRUE,FALSE,TRUE,0,242,11,0,103,1208,0,"Avoidant","35.88-36.64",7
"Pterocladiella media",TRUE,FALSE,TRUE,0,242,11,0,103,21,0,"Avoidant","35.88-36.64",7
"Pteropurpura trialata",TRUE,FALSE,FALSE,0,313,11,0,108,2,0,"Southern Only Presence","35.88-36.64",7
"Pterygophora californica",FALSE,TRUE,TRUE,1,242,11,1,103,26,4.54545454545455,"Southern Range Edge","35.88-36.64",7
"Pugettia foliata",FALSE,FALSE,FALSE,0,313,11,0,108,0,0,"Absent","35.88-36.64",7
"Pugettia gracilis/richii",TRUE,TRUE,TRUE,8,313,11,5,108,97,25,"Continuous Presence","35.88-36.64",7
"Pugettia producta",TRUE,TRUE,TRUE,23,313,11,11,108,541,50,"Continuous Presence","35.88-36.64",7
"Pycnogonida",TRUE,TRUE,TRUE,3,313,11,3,108,22,12.5,"Continuous Presence","35.88-36.64",7
"Pycnopodia helianthoides",TRUE,TRUE,TRUE,8,391,11,5,108,81,26.0869565217391,"Continuous Presence","35.88-36.64",7
"Pyropia spp",TRUE,TRUE,TRUE,19,242,11,11,103,1718,36.3636363636364,"Continuous Presence","35.88-36.64",7
"Rhodymenia californica",TRUE,TRUE,TRUE,3,242,11,3,103,50,13.6363636363636,"Continuous Presence","35.88-36.64",7
"Rhodymenia pacifica",TRUE,TRUE,TRUE,3,242,11,1,103,44,13.6363636363636,"Continuous Presence","35.88-36.64",7
"Roperia poulsoni",TRUE,FALSE,FALSE,0,313,11,0,108,106,0,"Southern Only Presence","35.88-36.64",7
"Saccharina latissima",FALSE,FALSE,FALSE,0,242,11,0,103,0,0,"Absent","35.88-36.64",7
"Sarcodiotheca gaudichaudii",TRUE,TRUE,TRUE,3,242,11,2,103,94,13.6363636363636,"Continuous Presence","35.88-36.64",7
"Sargassum agardhianum",TRUE,FALSE,FALSE,0,242,11,0,103,12,0,"Southern Only Presence","35.88-36.64",7
"Sargassum horneri",TRUE,FALSE,FALSE,0,242,11,0,103,6,0,"Southern Only Presence","35.88-36.64",7
"Sargassum muticum",TRUE,FALSE,FALSE,0,242,11,0,103,1200,0,"Southern Only Presence","35.88-36.64",7
"Sargassum palmeri",FALSE,FALSE,FALSE,0,242,11,0,103,0,0,"Absent","35.88-36.64",7
"Savoiea bipinnata",TRUE,TRUE,TRUE,2,242,11,2,103,358,4.54545454545455,"Continuous Presence","35.88-36.64",7
"Schizoporella unicornis",FALSE,FALSE,FALSE,0,242,11,0,103,0,0,"Absent","35.88-36.64",7
"Semibalanus cariosus",TRUE,TRUE,TRUE,6,242,11,4,103,508,13.6363636363636,"Continuous Presence","35.88-36.64",7
"Serpula vermicularis",TRUE,FALSE,TRUE,0,242,11,0,103,15,0,"Avoidant","35.88-36.64",7
"Sertularella/Sertularia spp",TRUE,TRUE,TRUE,1,242,11,1,103,4,4.54545454545455,"Continuous Presence","35.88-36.64",7
"Silvetia compressa",TRUE,TRUE,TRUE,22,242,11,8,103,6522,40.9090909090909,"Continuous Presence","35.88-36.64",7
"Siphonaria brannani",FALSE,FALSE,FALSE,0,313,11,0,108,0,0,"Absent","35.88-36.64",7
"Siphonaria thersites",FALSE,FALSE,FALSE,0,313,11,0,108,0,0,"Absent","35.88-36.64",7
"Sorella delicatula",FALSE,FALSE,FALSE,0,242,11,0,103,0,0,"Absent","35.88-36.64",7
"Sphacelaria californica",TRUE,FALSE,FALSE,0,242,11,0,103,12,0,"Southern Only Presence","35.88-36.64",7
"Spirobranchus spinosus",TRUE,FALSE,FALSE,0,242,11,0,103,2,0,"Southern Only Presence","35.88-36.64",7
"Spirorbis spp",TRUE,TRUE,TRUE,13,242,11,7,103,124,31.8181818181818,"Continuous Presence","35.88-36.64",7
"Spyridia filamentosa",TRUE,FALSE,FALSE,0,242,11,0,103,72,0,"Southern Only Presence","35.88-36.64",7
"Stenoplax conspicua",TRUE,FALSE,FALSE,0,313,11,0,108,34,0,"Southern Only Presence","35.88-36.64",7
"Stephanocystis dioica",TRUE,FALSE,TRUE,0,242,11,0,103,422,0,"Avoidant","35.88-36.64",7
"Stephanocystis osmundacea",TRUE,TRUE,TRUE,9,242,11,3,103,428,27.2727272727273,"Continuous Presence","35.88-36.64",7
"Strongylocentrotus droebachiensis",FALSE,FALSE,FALSE,0,313,11,0,108,0,0,"Absent","35.88-36.64",7
"Strongylocentrotus franciscanus",FALSE,TRUE,TRUE,1,313,11,1,108,25,4.16666666666667,"Southern Range Edge","35.88-36.64",7
"Strongylocentrotus purpuratus",TRUE,TRUE,TRUE,31,313,11,10,108,11680,54.1666666666667,"Continuous Presence","35.88-36.64",7
"Styela montereyensis",TRUE,FALSE,TRUE,0,242,11,0,103,6,0,"Avoidant","35.88-36.64",7
"Symphyocladia dendroidea/Xiphosiphonia pennata",TRUE,TRUE,TRUE,2,242,11,2,103,343,9.09090909090909,"Continuous Presence","35.88-36.64",7
"Symphyocladiella baileyi",TRUE,TRUE,FALSE,2,242,11,2,103,48,9.09090909090909,"Northern Range Edge","35.88-36.64",7
"Taonia lennebackerae",TRUE,FALSE,FALSE,0,242,11,0,103,20,0,"Southern Only Presence","35.88-36.64",7
"Tectura paleacea",TRUE,TRUE,TRUE,1,313,11,1,108,202,4.16666666666667,"Continuous Presence","35.88-36.64",7
"Tegula aureotincta",TRUE,FALSE,FALSE,0,313,11,0,108,178,0,"Southern Only Presence","35.88-36.64",7
"Tegula brunnea",TRUE,TRUE,TRUE,21,313,11,8,108,1356,50,"Continuous Presence","35.88-36.64",7
"Tegula eiseni",TRUE,FALSE,FALSE,0,313,11,0,108,1955,0,"Southern Only Presence","35.88-36.64",7
"Tegula funebralis/gallina",TRUE,TRUE,TRUE,33,313,11,9,108,83091,58.3333333333333,"Continuous Presence","35.88-36.64",7
"Tegula pulligo",FALSE,FALSE,FALSE,0,313,11,0,108,0,0,"Absent","35.88-36.64",7
"Tetraclita squamosa",TRUE,TRUE,TRUE,20,242,11,10,103,1055,40.9090909090909,"Continuous Presence","35.88-36.64",7
"Thylacodes squamigerus",TRUE,TRUE,TRUE,1,242,11,1,103,152,4.54545454545455,"Continuous Presence","35.88-36.64",7
"Tiffaniella snyderae",TRUE,FALSE,TRUE,0,242,11,0,103,206,0,"Avoidant","35.88-36.64",7
"Tonicella spp",TRUE,TRUE,TRUE,21,313,11,10,108,905,54.1666666666667,"Continuous Presence","35.88-36.64",7
"Trichotropis cancellata",FALSE,FALSE,FALSE,0,313,11,0,108,0,0,"Absent","35.88-36.64",7
"Ulothrix spp",TRUE,FALSE,TRUE,0,242,11,0,103,15,0,"Avoidant","35.88-36.64",7
"Ulvophyceae",TRUE,TRUE,TRUE,20,242,11,9,103,5252,31.8181818181818,"Continuous Presence","35.88-36.64",7
"Urosalpinx subangulata",FALSE,FALSE,TRUE,0,313,11,0,108,15,0,"Northern Only Presence","35.88-36.64",7
"Urospora spp",TRUE,FALSE,FALSE,0,242,11,0,103,1,0,"Southern Only Presence","35.88-36.64",7
"Urticina coriacea",FALSE,FALSE,TRUE,0,242,11,0,103,7,0,"Northern Only Presence","35.88-36.64",7
"Verrucaria maura",FALSE,FALSE,FALSE,0,242,11,0,103,0,0,"Absent","35.88-36.64",7
"Xingyurella turgida",FALSE,FALSE,TRUE,0,242,11,0,103,1,0,"Northern Only Presence","35.88-36.64",7
"Zonaria farlowii",TRUE,FALSE,FALSE,0,242,11,0,103,81,0,"Southern Only Presence","35.88-36.64",7
"Zostera spp",FALSE,FALSE,FALSE,0,242,11,0,103,0,0,"Absent","35.88-36.64",7
"Abietinaria/Amphisbetia spp",TRUE,FALSE,TRUE,0,242,7,0,103,9,0,"Avoidant","36.64-37.14",8
"Acanthinucella paucilirata",TRUE,FALSE,FALSE,0,313,7,0,108,4,0,"Southern Only Presence","36.64-37.14",8
"Acanthinucella spp",TRUE,TRUE,TRUE,13,313,7,4,108,2214,45.8333333333333,"Continuous Presence","36.64-37.14",8
"Acmaea mitra",TRUE,TRUE,TRUE,1,313,7,1,108,141,4.16666666666667,"Continuous Presence","36.64-37.14",8
"Acrosiphonia/Cladophora spp",TRUE,TRUE,TRUE,2,242,7,1,103,175,9.09090909090909,"Continuous Presence","36.64-37.14",8
"Acrosorium ciliolatum",TRUE,FALSE,FALSE,0,242,7,0,103,143,0,"Southern Only Presence","36.64-37.14",8
"Aeolidia papillosa",FALSE,TRUE,TRUE,1,313,7,1,108,3,4.16666666666667,"Southern Range Edge","36.64-37.14",8
"Aglaophenia spp",TRUE,TRUE,TRUE,1,242,7,1,103,18,4.54545454545455,"Continuous Presence","36.64-37.14",8
"Ahnfeltia fastigiata",TRUE,TRUE,TRUE,1,242,7,1,103,117,4.54545454545455,"Continuous Presence","36.64-37.14",8
"Ahnfeltiopsis linearis",TRUE,TRUE,TRUE,2,242,7,1,103,56,9.09090909090909,"Continuous Presence","36.64-37.14",8
"Alaria marginata",TRUE,TRUE,TRUE,1,242,7,1,103,1018,4.54545454545455,"Continuous Presence","36.64-37.14",8
"Alia spp",TRUE,TRUE,TRUE,8,313,7,4,108,1445,33.3333333333333,"Continuous Presence","36.64-37.14",8
"Amphiroa beauvoisii",TRUE,FALSE,FALSE,0,242,7,0,103,2,0,"Southern Only Presence","36.64-37.14",8
"Amphissa columbiana",TRUE,TRUE,TRUE,3,313,7,3,108,31,8.33333333333333,"Continuous Presence","36.64-37.14",8
"Amphissa versicolor",TRUE,TRUE,TRUE,7,313,7,3,108,299,29.1666666666667,"Continuous Presence","36.64-37.14",8
"Analipus japonicus",TRUE,TRUE,TRUE,11,242,7,6,103,379,31.8181818181818,"Continuous Presence","36.64-37.14",8
"Anisocladella pacifica",TRUE,FALSE,FALSE,0,242,7,0,103,4,0,"Southern Only Presence","36.64-37.14",8
"Anthopleura artemisia",FALSE,FALSE,TRUE,0,242,7,0,103,3,0,"Northern Only Presence","36.64-37.14",8
"Anthopleura elegantissima",TRUE,TRUE,TRUE,15,242,7,7,103,5148,36.3636363636364,"Continuous Presence","36.64-37.14",8
"Anthopleura sola",TRUE,TRUE,TRUE,14,242,7,7,103,2460,36.3636363636364,"Continuous Presence","36.64-37.14",8
"Anthopleura xanthogrammica",TRUE,TRUE,TRUE,13,242,7,7,103,791,31.8181818181818,"Continuous Presence","36.64-37.14",8
"Antithamnionella spp",FALSE,FALSE,FALSE,0,242,7,0,103,0,0,"Absent","36.64-37.14",8
"Aplidium spp",TRUE,FALSE,TRUE,0,242,7,0,103,73,0,"Avoidant","36.64-37.14",8
"Aplysia californica",TRUE,FALSE,FALSE,0,313,7,0,108,11,0,"Southern Only Presence","36.64-37.14",8
"Asparagopsis taxiformis",TRUE,FALSE,FALSE,0,242,7,0,103,97,0,"Southern Only Presence","36.64-37.14",8
"Atrimitra idae",FALSE,FALSE,FALSE,0,313,7,0,108,0,0,"Absent","36.64-37.14",8
"Balanus crenatus",FALSE,FALSE,TRUE,0,242,7,0,103,1,0,"Northern Only Presence","36.64-37.14",8
"Balanus glandula",TRUE,TRUE,TRUE,14,242,7,7,103,5046,31.8181818181818,"Continuous Presence","36.64-37.14",8
"Balanus glandula/Semibalanus balanoides",FALSE,FALSE,FALSE,0,242,7,0,103,0,0,"Absent","36.64-37.14",8
"Balanus nubilus",TRUE,FALSE,TRUE,0,242,7,0,103,6,0,"Avoidant","36.64-37.14",8
"Bangia spp",TRUE,TRUE,TRUE,1,242,7,1,103,63,4.54545454545455,"Continuous Presence","36.64-37.14",8
"Besa leptophylla",TRUE,FALSE,TRUE,0,242,7,0,103,41,0,"Avoidant","36.64-37.14",8
"Bittium eschrichtii",TRUE,TRUE,TRUE,3,313,7,1,108,898,12.5,"Continuous Presence","36.64-37.14",8
"Boring clam",TRUE,FALSE,TRUE,0,242,7,0,103,12,0,"Avoidant","36.64-37.14",8
"Bossiella spp",TRUE,TRUE,TRUE,14,242,7,7,103,1442,36.3636363636364,"Continuous Presence","36.64-37.14",8
"Bryopsis spp",TRUE,FALSE,TRUE,0,242,7,0,103,12,0,"Avoidant","36.64-37.14",8
"Bugula neritina",TRUE,FALSE,FALSE,0,242,7,0,103,18,0,"Southern Only Presence","36.64-37.14",8
"Californiconus californicus",TRUE,FALSE,TRUE,0,313,7,0,108,217,0,"Avoidant","36.64-37.14",8
"Calliarthron spp",TRUE,TRUE,TRUE,6,242,7,3,103,1229,22.7272727272727,"Continuous Presence","36.64-37.14",8
"Calliostoma annulatum",TRUE,FALSE,FALSE,0,313,7,0,108,5,0,"Southern Only Presence","36.64-37.14",8
"Calliostoma canaliculatum",TRUE,TRUE,FALSE,1,313,7,1,108,25,4.16666666666667,"Northern Range Edge","36.64-37.14",8
"Calliostoma ligatum",TRUE,TRUE,TRUE,3,313,7,3,108,90,12.5,"Continuous Presence","36.64-37.14",8
"Calliostoma supragranosum",TRUE,FALSE,FALSE,0,313,7,0,108,1,0,"Southern Only Presence","36.64-37.14",8
"Callithamnion pikeanum",TRUE,TRUE,TRUE,2,242,7,2,103,330,9.09090909090909,"Continuous Presence","36.64-37.14",8
"Callithamnion rupicola",TRUE,FALSE,FALSE,0,242,7,0,103,2,0,"Southern Only Presence","36.64-37.14",8
"Callophyllis spp",TRUE,TRUE,TRUE,1,242,7,1,103,68,4.54545454545455,"Continuous Presence","36.64-37.14",8
"Cancer antennaria",TRUE,TRUE,TRUE,2,313,7,1,108,55,8.33333333333333,"Continuous Presence","36.64-37.14",8
"Cancer oregonensis",TRUE,FALSE,TRUE,0,313,7,0,108,3,0,"Avoidant","36.64-37.14",8
"Cancer productus",FALSE,FALSE,TRUE,0,313,7,0,108,1,0,"Northern Only Presence","36.64-37.14",8
"Carpopeltis bushiae",FALSE,FALSE,FALSE,0,242,7,0,103,0,0,"Absent","36.64-37.14",8
"Caulacanthus okamurae",TRUE,FALSE,TRUE,0,242,7,0,103,1831,0,"Avoidant","36.64-37.14",8
"Ceratostoma foliatum",TRUE,FALSE,TRUE,0,313,7,0,108,5,0,"Avoidant","36.64-37.14",8
"Ceratostoma nuttalli",TRUE,FALSE,TRUE,0,313,7,0,108,46,0,"Avoidant","36.64-37.14",8
"Cerithiopsis spp",TRUE,FALSE,FALSE,0,313,7,0,108,2,0,"Southern Only Presence","36.64-37.14",8
"Chaetomorpha spp",TRUE,TRUE,TRUE,9,242,7,5,103,148,31.8181818181818,"Continuous Presence","36.64-37.14",8
"Chondracanthus canaliculatus",TRUE,TRUE,TRUE,10,242,7,5,103,5926,36.3636363636364,"Continuous Presence","36.64-37.14",8
"Chondracanthus corymbiferus/exaspertata",TRUE,TRUE,TRUE,2,242,7,1,103,74,9.09090909090909,"Continuous Presence","36.64-37.14",8
"Chondracanthus harveyanus",TRUE,FALSE,FALSE,0,242,7,0,103,5,0,"Southern Only Presence","36.64-37.14",8
"Chondracanthus spinosus",TRUE,TRUE,TRUE,2,242,7,2,103,42,9.09090909090909,"Continuous Presence","36.64-37.14",8
"Chondria acrorhizophora",TRUE,FALSE,FALSE,0,242,7,0,103,21,0,"Southern Only Presence","36.64-37.14",8
"Chondria arcuata",TRUE,FALSE,FALSE,0,242,7,0,103,16,0,"Southern Only Presence","36.64-37.14",8
"Chondria dasyphylla",TRUE,FALSE,FALSE,0,242,7,0,103,16,0,"Southern Only Presence","36.64-37.14",8
"Chondria decipiens",TRUE,FALSE,FALSE,0,242,7,0,103,25,0,"Southern Only Presence","36.64-37.14",8
"Chondria nidifica",TRUE,FALSE,FALSE,0,242,7,0,103,157,0,"Southern Only Presence","36.64-37.14",8
"Chondria oppositiclada",TRUE,FALSE,FALSE,0,242,7,0,103,23,0,"Southern Only Presence","36.64-37.14",8
"Chone minuta",TRUE,FALSE,TRUE,0,242,7,0,103,88,0,"Avoidant","36.64-37.14",8
"Chthamalus dalli/fissus",TRUE,TRUE,TRUE,15,242,7,7,103,17343,36.3636363636364,"Continuous Presence","36.64-37.14",8
"Cirolana spp/Gnorimosphaeroma oregonense",TRUE,TRUE,TRUE,3,313,7,3,108,82,12.5,"Continuous Presence","36.64-37.14",8
"Cladophora columbiana",TRUE,TRUE,TRUE,15,242,7,7,103,1559,36.3636363636364,"Continuous Presence","36.64-37.14",8
"Cladophora graminea",TRUE,FALSE,FALSE,0,242,7,0,103,6,0,"Southern Only Presence","36.64-37.14",8
"Clavelina huntsmani",TRUE,FALSE,FALSE,0,242,7,0,103,4,0,"Southern Only Presence","36.64-37.14",8
"Codium fragile",TRUE,TRUE,TRUE,1,242,7,1,103,51,4.54545454545455,"Continuous Presence","36.64-37.14",8
"Codium setchellii",TRUE,TRUE,TRUE,2,242,7,1,103,19,9.09090909090909,"Continuous Presence","36.64-37.14",8
"Colonial diatom",TRUE,FALSE,TRUE,0,242,7,0,103,75,0,"Avoidant","36.64-37.14",8
"Colpomenia/Leathesia spp",TRUE,TRUE,TRUE,2,242,7,2,103,184,9.09090909090909,"Continuous Presence","36.64-37.14",8
"Constantinea simplex",TRUE,FALSE,TRUE,0,242,7,0,103,109,0,"Avoidant","36.64-37.14",8
"Corallina spp",TRUE,TRUE,TRUE,15,242,7,7,103,18213,36.3636363636364,"Continuous Presence","36.64-37.14",8
"Corynactis californica",FALSE,FALSE,FALSE,0,242,7,0,103,0,0,"Absent","36.64-37.14",8
"Costaria costata",FALSE,FALSE,TRUE,0,242,7,0,103,93,0,"Northern Only Presence","36.64-37.14",8
"Crangon spp",TRUE,FALSE,TRUE,0,313,7,0,108,10,0,"Avoidant","36.64-37.14",8
"Crepipatella lingulata",TRUE,FALSE,TRUE,0,313,7,0,108,11,0,"Avoidant","36.64-37.14",8
"Cryptochiton stelleri",TRUE,FALSE,TRUE,0,391,7,0,108,236,0,"Avoidant","36.64-37.14",8
"Cryptolithodes sitchensis",TRUE,FALSE,FALSE,0,313,7,0,108,5,0,"Southern Only Presence","36.64-37.14",8
"Cryptopleura/Hymenena spp",TRUE,TRUE,TRUE,12,242,7,6,103,3622,31.8181818181818,"Continuous Presence","36.64-37.14",8
"Cryptosiphonia woodii",TRUE,TRUE,TRUE,5,242,7,2,103,922,22.7272727272727,"Continuous Presence","36.64-37.14",8
"Cucumaria miniata",FALSE,FALSE,FALSE,0,313,7,0,108,0,0,"Absent","36.64-37.14",8
"Cucumaria/Pseudocnus spp",TRUE,FALSE,TRUE,0,313,7,0,108,573,0,"Avoidant","36.64-37.14",8
"Cumagloia andersonii",TRUE,TRUE,TRUE,1,242,7,1,103,25,4.54545454545455,"Continuous Presence","36.64-37.14",8
"Cyanoplax hartwegii",TRUE,TRUE,TRUE,10,313,7,6,108,1890,33.3333333333333,"Continuous Presence","36.64-37.14",8
"Cyanoplax spp",TRUE,TRUE,TRUE,12,313,7,5,108,1882,45.8333333333333,"Continuous Presence","36.64-37.14",8
"Dasya binghamiae",TRUE,FALSE,FALSE,0,242,7,0,103,18,0,"Southern Only Presence","36.64-37.14",8
"Dasysiphonia japonica",TRUE,FALSE,FALSE,0,242,7,0,103,1,0,"Southern Only Presence","36.64-37.14",8
"Delesseria decipiens",FALSE,FALSE,TRUE,0,242,7,0,103,5,0,"Northern Only Presence","36.64-37.14",8
"Dendrobeania lichenoides",FALSE,FALSE,FALSE,0,242,7,0,103,0,0,"Absent","36.64-37.14",8
"Dendronotus subramosus",FALSE,FALSE,TRUE,0,313,7,0,108,1,0,"Northern Only Presence","36.64-37.14",8
"Dendropoma lituella",FALSE,FALSE,FALSE,0,242,7,0,103,0,0,"Absent","36.64-37.14",8
"Derbesia marina",TRUE,FALSE,TRUE,0,242,7,0,103,12,0,"Avoidant","36.64-37.14",8
"Dermasterias imbricata",TRUE,FALSE,TRUE,0,391,7,0,108,683,0,"Avoidant","36.64-37.14",8
"Desmarestia ligulata",TRUE,FALSE,TRUE,0,242,7,0,103,121,0,"Avoidant","36.64-37.14",8
"Diaperoecia californica",FALSE,FALSE,FALSE,0,242,7,0,103,0,0,"Absent","36.64-37.14",8
"Diaulula sandiegensis",TRUE,FALSE,TRUE,0,313,7,0,108,12,0,"Avoidant","36.64-37.14",8
"Dictyoneurum californicum",FALSE,FALSE,TRUE,0,242,7,0,103,12,0,"Northern Only Presence","36.64-37.14",8
"Dictyopteris undulata",TRUE,FALSE,FALSE,0,242,7,0,103,22,0,"Southern Only Presence","36.64-37.14",8
"Dictyota binghamiae",TRUE,FALSE,FALSE,0,242,7,0,103,4,0,"Southern Only Presence","36.64-37.14",8
"Dictyota coriacea",TRUE,FALSE,FALSE,0,242,7,0,103,138,0,"Southern Only Presence","36.64-37.14",8
"Dilsea californica",TRUE,TRUE,TRUE,3,242,7,2,103,447,13.6363636363636,"Continuous Presence","36.64-37.14",8
"Diodora aspera",TRUE,FALSE,TRUE,0,313,7,0,108,11,0,"Avoidant","36.64-37.14",8
"Dirona albolineata",FALSE,FALSE,TRUE,0,313,7,0,108,2,0,"Northern Only Presence","36.64-37.14",8
"Discurria insessa",TRUE,FALSE,TRUE,0,313,7,0,108,120,0,"Avoidant","36.64-37.14",8
"Distaplia occidentalis",TRUE,TRUE,TRUE,1,242,7,1,103,9,4.54545454545455,"Continuous Presence","36.64-37.14",8
"Dodecaceria spp",TRUE,TRUE,TRUE,5,242,7,3,103,239,22.7272727272727,"Continuous Presence","36.64-37.14",8
"Doris montereyensis",FALSE,FALSE,TRUE,0,313,7,0,108,3,0,"Northern Only Presence","36.64-37.14",8
"Ectocarpus spp",TRUE,FALSE,FALSE,0,242,7,0,103,2,0,"Southern Only Presence","36.64-37.14",8
"Egregia menziesii",TRUE,TRUE,TRUE,15,242,7,7,103,5494,36.3636363636364,"Continuous Presence","36.64-37.14",8
"Eisenia arborea",TRUE,FALSE,TRUE,0,242,7,0,103,141,0,"Avoidant","36.64-37.14",8
"Encrusting coralline",TRUE,TRUE,TRUE,13,242,7,6,103,8084,36.3636363636364,"Continuous Presence","36.64-37.14",8
"Endarachne/Petalonia/Phaeostrophion spp",TRUE,TRUE,TRUE,1,242,7,1,103,381,4.54545454545455,"Continuous Presence","36.64-37.14",8
"Endocladia muricata",TRUE,TRUE,TRUE,13,242,7,6,103,14318,36.3636363636364,"Continuous Presence","36.64-37.14",8
"Endoplura aurea",FALSE,FALSE,FALSE,0,242,7,0,103,0,0,"Absent","36.64-37.14",8
"Epiactis prolifera",FALSE,FALSE,TRUE,0,242,7,0,103,5,0,"Northern Only Presence","36.64-37.14",8
"Epitonium tinctum",TRUE,TRUE,TRUE,8,313,7,4,108,388,29.1666666666667,"Continuous Presence","36.64-37.14",8
"Erythroglossum californicum",TRUE,FALSE,TRUE,0,242,7,0,103,48,0,"Avoidant","36.64-37.14",8
"Erythrophyllum delesserioides",TRUE,FALSE,TRUE,0,242,7,0,103,222,0,"Avoidant","36.64-37.14",8
"Eudendrium californicum",TRUE,FALSE,TRUE,0,242,7,0,103,2,0,"Avoidant","36.64-37.14",8
"Eudistoma psammion",TRUE,FALSE,FALSE,0,242,7,0,103,45,0,"Southern Only Presence","36.64-37.14",8
"Eudistoma ritteri",TRUE,FALSE,TRUE,0,242,7,0,103,4,0,"Avoidant","36.64-37.14",8
"Eudistylia polymorpha",FALSE,FALSE,FALSE,0,242,7,0,103,0,0,"Absent","36.64-37.14",8
"Eupentacta spp",FALSE,FALSE,TRUE,0,313,7,0,108,11,0,"Northern Only Presence","36.64-37.14",8
"Eurystomella bilabiata",TRUE,TRUE,TRUE,2,242,7,2,103,29,9.09090909090909,"Continuous Presence","36.64-37.14",8
"Evasterias troschelii",FALSE,FALSE,FALSE,0,391,7,0,108,0,0,"Absent","36.64-37.14",8
"Farlowia compressa",FALSE,FALSE,TRUE,0,242,7,0,103,3,0,"Northern Only Presence","36.64-37.14",8
"Farlowia mollis",TRUE,TRUE,TRUE,2,242,7,2,103,17,9.09090909090909,"Continuous Presence","36.64-37.14",8
"Farlowia/Pikea spp",TRUE,TRUE,TRUE,2,242,7,2,103,93,9.09090909090909,"Continuous Presence","36.64-37.14",8
"Fissurella volcano",TRUE,FALSE,FALSE,0,313,7,0,108,4909,0,"Southern Only Presence","36.64-37.14",8
"Fissurellidea bimaculata",TRUE,FALSE,FALSE,0,313,7,0,108,5,0,"Southern Only Presence","36.64-37.14",8
"Flustrellidra corniculata",FALSE,TRUE,TRUE,1,242,7,1,103,4,4.54545454545455,"Southern Range Edge","36.64-37.14",8
"Fredericqia chiton",TRUE,FALSE,FALSE,0,242,7,0,103,1,0,"Southern Only Presence","36.64-37.14",8
"Fucus spp",TRUE,TRUE,TRUE,11,242,7,5,103,3137,36.3636363636364,"Continuous Presence","36.64-37.14",8
"Gastroclonium parvum",TRUE,FALSE,FALSE,0,242,7,0,103,162,0,"Southern Only Presence","36.64-37.14",8
"Gelidium purpurascens",TRUE,TRUE,TRUE,1,242,7,1,103,43,4.54545454545455,"Continuous Presence","36.64-37.14",8
"Gelidium robustum",TRUE,FALSE,TRUE,0,242,7,0,103,128,0,"Avoidant","36.64-37.14",8
"Gelidium spp",TRUE,TRUE,TRUE,14,242,7,7,103,4262,36.3636363636364,"Continuous Presence","36.64-37.14",8
"Gloiopeltis furcata",TRUE,FALSE,TRUE,0,242,7,0,103,69,0,"Avoidant","36.64-37.14",8
"Gloiosiphonia californica",FALSE,FALSE,TRUE,0,242,7,0,103,4,0,"Northern Only Presence","36.64-37.14",8
"Gracilariopsis/Gracilaria spp",TRUE,TRUE,FALSE,1,242,7,1,103,423,4.54545454545455,"Northern Range Edge","36.64-37.14",8
"Grateloupia angusta",TRUE,FALSE,FALSE,0,242,7,0,103,2,0,"Southern Only Presence","36.64-37.14",8
"Grateloupia californica",TRUE,TRUE,TRUE,3,242,7,3,103,139,9.09090909090909,"Continuous Presence","36.64-37.14",8
"Grateloupia cornea",TRUE,FALSE,FALSE,0,242,7,0,103,4,0,"Southern Only Presence","36.64-37.14",8
"Halichondria panicea",TRUE,FALSE,TRUE,0,242,7,0,103,5,0,"Avoidant","36.64-37.14",8
"Halichondria spp",TRUE,FALSE,TRUE,0,242,7,0,103,57,0,"Avoidant","36.64-37.14",8
"Haliclona spp",TRUE,TRUE,TRUE,2,242,7,2,103,60,9.09090909090909,"Continuous Presence","36.64-37.14",8
"Halosaccion glandiforme",TRUE,TRUE,TRUE,5,242,7,2,103,769,18.1818181818182,"Continuous Presence","36.64-37.14",8
"Halymenia/Schizymenia spp",TRUE,TRUE,TRUE,3,242,7,3,103,221,9.09090909090909,"Continuous Presence","36.64-37.14",8
"Haminoea vesicula",TRUE,FALSE,FALSE,0,313,7,0,108,13,0,"Southern Only Presence","36.64-37.14",8
"Haminoea virescens",TRUE,FALSE,FALSE,0,313,7,0,108,12,0,"Southern Only Presence","36.64-37.14",8
"Hapalospongidion gelatinosum",FALSE,FALSE,FALSE,0,242,7,0,103,0,0,"Absent","36.64-37.14",8
"Haplogloia andersonii",TRUE,TRUE,TRUE,1,242,7,1,103,11,4.54545454545455,"Continuous Presence","36.64-37.14",8
"Hapterophycus canaliculatus",TRUE,FALSE,TRUE,0,242,7,0,103,93,0,"Avoidant","36.64-37.14",8
"Hedophyllum sessile",FALSE,FALSE,TRUE,0,242,7,0,103,720,0,"Northern Only Presence","36.64-37.14",8
"Heliaster kubiniji",FALSE,FALSE,FALSE,0,391,7,0,108,0,0,"Absent","36.64-37.14",8
"Hemigrapsus nudus",TRUE,TRUE,TRUE,1,313,7,1,108,66,4.16666666666667,"Continuous Presence","36.64-37.14",8
"Hemigrapsus oregonensis",FALSE,FALSE,TRUE,0,313,7,0,108,1,0,"Northern Only Presence","36.64-37.14",8
"Henricia spp",TRUE,FALSE,TRUE,0,391,7,0,108,446,0,"Avoidant","36.64-37.14",8
"Hermissenda crassicornis",TRUE,TRUE,TRUE,2,313,7,1,108,32,8.33333333333333,"Continuous Presence","36.64-37.14",8
"Herposiphonia littoralis",TRUE,FALSE,FALSE,0,242,7,0,103,9,0,"Southern Only Presence","36.64-37.14",8
"Herposiphonia plumula",FALSE,FALSE,FALSE,0,242,7,0,103,0,0,"Absent","36.64-37.14",8
"Herposiphonia verticillata",TRUE,FALSE,FALSE,0,242,7,0,103,15,0,"Southern Only Presence","36.64-37.14",8
"Homalopoma spp",TRUE,TRUE,TRUE,3,313,7,1,108,191,12.5,"Continuous Presence","36.64-37.14",8
"Hypnea johnstonii",TRUE,FALSE,FALSE,0,242,7,0,103,12,0,"Southern Only Presence","36.64-37.14",8
"Hypnea valentiae",TRUE,FALSE,FALSE,0,242,7,0,103,164,0,"Southern Only Presence","36.64-37.14",8
"Hypnea variabilis",TRUE,FALSE,FALSE,0,242,7,0,103,5,0,"Southern Only Presence","36.64-37.14",8
"Idotea spp",TRUE,TRUE,TRUE,12,313,7,5,108,837,37.5,"Continuous Presence","36.64-37.14",8
"Jania rosea",TRUE,FALSE,FALSE,0,242,7,0,103,88,0,"Southern Only Presence","36.64-37.14",8
"Jania tenella",TRUE,FALSE,FALSE,0,242,7,0,103,13,0,"Southern Only Presence","36.64-37.14",8
"Jania verrucosa",TRUE,FALSE,FALSE,0,242,7,0,103,531,0,"Southern Only Presence","36.64-37.14",8
"Johansenia macmillanii",TRUE,FALSE,TRUE,0,242,7,0,103,4,0,"Avoidant","36.64-37.14",8
"Katharina tunicata",TRUE,TRUE,TRUE,1,313,7,1,108,555,4.16666666666667,"Continuous Presence","36.64-37.14",8
"Kelletia kelletii",TRUE,FALSE,FALSE,0,313,7,0,108,9,0,"Southern Only Presence","36.64-37.14",8
"Lacuna spp",TRUE,TRUE,TRUE,16,313,7,7,108,18119,41.6666666666667,"Continuous Presence","36.64-37.14",8
"Laminaria ephemera",FALSE,FALSE,TRUE,0,242,7,0,103,4,0,"Northern Only Presence","36.64-37.14",8
"Laminaria farlowii",TRUE,FALSE,FALSE,0,242,7,0,103,1,0,"Southern Only Presence","36.64-37.14",8
"Laminaria setchellii",TRUE,TRUE,TRUE,5,242,7,3,103,553,18.1818181818182,"Continuous Presence","36.64-37.14",8
"Laminaria sinclairii",TRUE,TRUE,TRUE,6,242,7,4,103,252,18.1818181818182,"Continuous Presence","36.64-37.14",8
"Laurencia pacifica/masonii",TRUE,FALSE,FALSE,0,242,7,0,103,462,0,"Southern Only Presence","36.64-37.14",8
"Laurencia spp",TRUE,FALSE,FALSE,0,242,7,0,103,15,0,"Southern Only Presence","36.64-37.14",8
"Lepidozona spp",TRUE,TRUE,TRUE,2,313,7,1,108,127,8.33333333333333,"Continuous Presence","36.64-37.14",8
"Leptasterias spp",TRUE,TRUE,TRUE,10,313,7,5,108,1995,33.3333333333333,"Continuous Presence","36.64-37.14",8
"Lessoniopsis littoralis",TRUE,FALSE,TRUE,0,242,7,0,103,10,0,"Avoidant","36.64-37.14",8
"Ligia spp",TRUE,TRUE,TRUE,1,313,7,1,108,32,4.16666666666667,"Continuous Presence","36.64-37.14",8
"Limacia cockerelli",TRUE,FALSE,FALSE,0,313,7,0,108,2,0,"Southern Only Presence","36.64-37.14",8
"Linckia columbiae",FALSE,FALSE,FALSE,0,391,7,0,108,0,0,"Absent","36.64-37.14",8
"Lirabuccinum dirum",FALSE,TRUE,TRUE,4,313,7,3,108,133,12.5,"Southern Range Edge","36.64-37.14",8
"Lirularia/Margarites spp",TRUE,TRUE,TRUE,1,313,7,1,108,396,4.16666666666667,"Continuous Presence","36.64-37.14",8
"Lithophyllum/Lithothamnion spp",TRUE,FALSE,TRUE,0,242,7,0,103,159,0,"Avoidant","36.64-37.14",8
"Lithothrix aspergillum",TRUE,FALSE,TRUE,0,242,7,0,103,1542,0,"Avoidant","36.64-37.14",8
"Littorina spp.",TRUE,TRUE,TRUE,23,313,7,7,108,737668,50,"Continuous Presence","36.64-37.14",8
"Lomentaria hakodatensis",TRUE,FALSE,FALSE,0,242,7,0,103,250,0,"Southern Only Presence","36.64-37.14",8
"Lottia asmi",TRUE,TRUE,TRUE,4,313,7,4,108,357,12.5,"Continuous Presence","36.64-37.14",8
"Lottia austrodigitalis/digitalis",TRUE,TRUE,TRUE,23,313,7,7,108,70520,50,"Continuous Presence","36.64-37.14",8
"Lottia fenestrata",TRUE,FALSE,TRUE,0,313,7,0,108,1030,0,"Avoidant","36.64-37.14",8
"Lottia instabilis",TRUE,TRUE,TRUE,1,313,7,1,108,229,4.16666666666667,"Continuous Presence","36.64-37.14",8
"Lottia limatula",TRUE,TRUE,TRUE,18,313,7,7,108,3715,41.6666666666667,"Continuous Presence","36.64-37.14",8
"Lottia paradigitalis/strigatella",TRUE,TRUE,TRUE,23,313,7,7,108,87755,50,"Continuous Presence","36.64-37.14",8
"Lottia pelta",TRUE,TRUE,TRUE,23,313,7,7,108,14378,50,"Continuous Presence","36.64-37.14",8
"Lottia persona",TRUE,FALSE,TRUE,0,313,7,0,108,82,0,"Avoidant","36.64-37.14",8
"Lottia polyfacies",TRUE,FALSE,FALSE,0,313,7,0,108,37,0,"Southern Only Presence","36.64-37.14",8
"Lottia scabra/conus",TRUE,TRUE,TRUE,23,313,7,7,108,120485,50,"Continuous Presence","36.64-37.14",8
"Lottia scutum",TRUE,TRUE,TRUE,6,313,7,4,108,2814,20.8333333333333,"Continuous Presence","36.64-37.14",8
"Macrocystis pyrifera",TRUE,TRUE,FALSE,1,242,7,1,103,74,4.54545454545455,"Northern Range Edge","36.64-37.14",8
"Macron lividus",TRUE,FALSE,FALSE,0,313,7,0,108,145,0,"Southern Only Presence","36.64-37.14",8
"Mastocarpus spp",TRUE,TRUE,TRUE,14,242,7,6,103,12690,36.3636363636364,"Continuous Presence","36.64-37.14",8
"Maxwellia gemma",TRUE,FALSE,FALSE,0,313,7,0,108,5,0,"Southern Only Presence","36.64-37.14",8
"Mazzaella affinis",TRUE,TRUE,TRUE,4,242,7,4,103,821,9.09090909090909,"Continuous Presence","36.64-37.14",8
"Mazzaella flaccida/oregona/splendens",TRUE,TRUE,TRUE,13,242,7,7,103,11621,36.3636363636364,"Continuous Presence","36.64-37.14",8
"Mazzaella leptorhynchos",TRUE,TRUE,FALSE,5,242,7,3,103,455,22.7272727272727,"Northern Range Edge","36.64-37.14",8
"Mazzaella linearis",TRUE,TRUE,TRUE,2,242,7,1,103,87,9.09090909090909,"Continuous Presence","36.64-37.14",8
"Mazzaella parksii",FALSE,FALSE,TRUE,0,242,7,0,103,115,0,"Northern Only Presence","36.64-37.14",8
"Mazzaella phyllocarpa",FALSE,FALSE,FALSE,0,242,7,0,103,0,0,"Absent","36.64-37.14",8
"Mazzaella volans",TRUE,TRUE,FALSE,3,242,7,2,103,23,13.6363636363636,"Northern Range Edge","36.64-37.14",8
"Megabalanus californicus",TRUE,TRUE,TRUE,1,242,7,1,103,3,4.54545454545455,"Continuous Presence","36.64-37.14",8
"Megastraea undosa",TRUE,FALSE,FALSE,0,313,7,0,108,10,0,"Southern Only Presence","36.64-37.14",8
"Melanosiphon/Scytosiphon spp",TRUE,TRUE,TRUE,10,242,7,6,103,208,22.7272727272727,"Continuous Presence","36.64-37.14",8
"Membranipora spp",TRUE,FALSE,TRUE,0,242,7,0,103,5,0,"Avoidant","36.64-37.14",8
"Metridium senile",FALSE,FALSE,FALSE,0,242,7,0,103,0,0,"Absent","36.64-37.14",8
"Mexacanthina lugubris",TRUE,FALSE,FALSE,0,313,7,0,108,253,0,"Southern Only Presence","36.64-37.14",8
"Microcladia borealis",TRUE,TRUE,TRUE,5,242,7,3,103,835,18.1818181818182,"Continuous Presence","36.64-37.14",8
"Microcladia coulteri",TRUE,FALSE,TRUE,0,242,7,0,103,18,0,"Avoidant","36.64-37.14",8
"Mopalia spp",TRUE,TRUE,TRUE,18,313,7,6,108,1201,45.8333333333333,"Continuous Presence","36.64-37.14",8
"Mytilisepta/Brachidontes spp",TRUE,FALSE,FALSE,0,242,7,0,103,243,0,"Southern Only Presence","36.64-37.14",8
"Mytilus californianus",TRUE,TRUE,TRUE,15,242,7,7,103,25035,36.3636363636364,"Continuous Presence","36.64-37.14",8
"Mytilus trossulus/galloprovincialis/edulis",TRUE,TRUE,TRUE,1,242,7,1,103,126,4.54545454545455,"Continuous Presence","36.64-37.14",8
"Navanax inermis",TRUE,FALSE,FALSE,0,313,7,0,108,4,0,"Southern Only Presence","36.64-37.14",8
"Nemalion elminthoides",TRUE,FALSE,FALSE,0,242,7,0,103,5,0,"Southern Only Presence","36.64-37.14",8
"Neogastroclonium subarticulatum",TRUE,TRUE,TRUE,12,242,7,6,103,1776,31.8181818181818,"Continuous Presence","36.64-37.14",8
"Neoptilota/Ptilota spp",TRUE,TRUE,TRUE,1,242,7,1,103,293,4.54545454545455,"Continuous Presence","36.64-37.14",8
"Neorhodomela larix",TRUE,TRUE,TRUE,9,242,7,4,103,2604,31.8181818181818,"Continuous Presence","36.64-37.14",8
"Neorhodomela oregona",TRUE,TRUE,TRUE,7,242,7,5,103,392,22.7272727272727,"Continuous Presence","36.64-37.14",8
"Nereocystis luetkeana",TRUE,FALSE,TRUE,0,242,7,0,103,40,0,"Avoidant","36.64-37.14",8
"Nienburgia andersoniana",TRUE,FALSE,FALSE,0,242,7,0,103,135,0,"Southern Only Presence","36.64-37.14",8
"Non Coralline crust",TRUE,TRUE,TRUE,15,242,7,7,103,15090,36.3636363636364,"Continuous Presence","36.64-37.14",8
"Norrisia norrisii",TRUE,FALSE,FALSE,0,313,7,0,108,12,0,"Southern Only Presence","36.64-37.14",8
"Nucella canaliculata",TRUE,TRUE,TRUE,10,313,7,4,108,703,29.1666666666667,"Continuous Presence","36.64-37.14",8
"Nucella emarginata/ostrina",TRUE,TRUE,TRUE,23,313,7,7,108,10126,50,"Continuous Presence","36.64-37.14",8
"Nucella lamellosa",FALSE,FALSE,TRUE,0,313,7,0,108,2,0,"Northern Only Presence","36.64-37.14",8
"Nuttallina spp",TRUE,TRUE,TRUE,13,313,7,6,108,15520,29.1666666666667,"Continuous Presence","36.64-37.14",8
"Obelia spp",TRUE,FALSE,FALSE,0,242,7,0,103,2,0,"Southern Only Presence","36.64-37.14",8
"Odonthalia floccosa",TRUE,TRUE,TRUE,9,242,7,4,103,4729,31.8181818181818,"Continuous Presence","36.64-37.14",8
"Odonthalia washingtoniensis",FALSE,FALSE,TRUE,0,242,7,0,103,9,0,"Northern Only Presence","36.64-37.14",8
"Oedignathus inermis",FALSE,FALSE,TRUE,0,313,7,0,108,38,0,"Northern Only Presence","36.64-37.14",8
"Olivella biplicata",TRUE,FALSE,FALSE,0,313,7,0,108,5,0,"Southern Only Presence","36.64-37.14",8
"Onchidella borealis",TRUE,TRUE,TRUE,3,313,7,3,108,1477,12.5,"Continuous Presence","36.64-37.14",8
"Onchidoris bilamellata",FALSE,FALSE,FALSE,0,313,7,0,108,0,0,"Absent","36.64-37.14",8
"Opalia borealis",TRUE,FALSE,FALSE,0,313,7,0,108,3,0,"Southern Only Presence","36.64-37.14",8
"Opalia funiculata",TRUE,TRUE,TRUE,2,313,7,2,108,105,8.33333333333333,"Continuous Presence","36.64-37.14",8
"Ophiuroid",TRUE,TRUE,TRUE,1,313,7,1,108,27,4.16666666666667,"Continuous Presence","36.64-37.14",8
"Ophlitaspongia pennata",TRUE,FALSE,TRUE,0,242,7,0,103,65,0,"Avoidant","36.64-37.14",8
"Opuntiella californica",FALSE,FALSE,FALSE,0,242,7,0,103,0,0,"Absent","36.64-37.14",8
"Oregonia gracilis",FALSE,FALSE,FALSE,0,313,7,0,108,0,0,"Absent","36.64-37.14",8
"Orienthella trilineata",TRUE,FALSE,TRUE,0,313,7,0,108,4,0,"Avoidant","36.64-37.14",8
"Osmundea sinicola",TRUE,FALSE,TRUE,0,242,7,0,103,244,0,"Avoidant","36.64-37.14",8
"Osmundea spectabilis",TRUE,TRUE,TRUE,7,242,7,4,103,465,27.2727272727273,"Continuous Presence","36.64-37.14",8
"Osmundea splendens",TRUE,FALSE,FALSE,0,242,7,0,103,7,0,"Southern Only Presence","36.64-37.14",8
"Pachycheles spp",TRUE,TRUE,TRUE,3,313,7,3,108,116,8.33333333333333,"Continuous Presence","36.64-37.14",8
"Pachygrapsus crassipes",TRUE,TRUE,TRUE,17,313,7,7,108,4995,45.8333333333333,"Continuous Presence","36.64-37.14",8
"Paciocinebrina circumtexta",TRUE,TRUE,TRUE,3,313,7,2,108,445,12.5,"Continuous Presence","36.64-37.14",8
"Paciocinebrina interfossa",TRUE,TRUE,TRUE,1,313,7,1,108,74,4.16666666666667,"Continuous Presence","36.64-37.14",8
"Paciocinebrina lurida",TRUE,FALSE,TRUE,0,313,7,0,108,12,0,"Avoidant","36.64-37.14",8
"Padina spp",FALSE,FALSE,FALSE,0,242,7,0,103,0,0,"Absent","36.64-37.14",8
"Pagurus beringanus",FALSE,FALSE,TRUE,0,313,7,0,108,13,0,"Northern Only Presence","36.64-37.14",8
"Pagurus caurinus",FALSE,FALSE,TRUE,0,313,7,0,108,2,0,"Northern Only Presence","36.64-37.14",8
"Pagurus granosimanus",TRUE,TRUE,TRUE,4,313,7,1,108,620,16.6666666666667,"Continuous Presence","36.64-37.14",8
"Pagurus hemphilli",TRUE,FALSE,TRUE,0,313,7,0,108,7,0,"Avoidant","36.64-37.14",8
"Pagurus hirsutiusculus",TRUE,TRUE,TRUE,17,313,7,6,108,5489,50,"Continuous Presence","36.64-37.14",8
"Pagurus samuelis",TRUE,TRUE,TRUE,9,313,7,3,108,4232,33.3333333333333,"Continuous Presence","36.64-37.14",8
"Palmaria callophylloides",FALSE,FALSE,FALSE,0,242,7,0,103,0,0,"Absent","36.64-37.14",8
"Palmaria hecatensis",FALSE,FALSE,FALSE,0,242,7,0,103,0,0,"Absent","36.64-37.14",8
"Palmaria mollis",TRUE,FALSE,FALSE,0,242,7,0,103,53,0,"Southern Only Presence","36.64-37.14",8
"Palmaria palmata",FALSE,FALSE,FALSE,0,242,7,0,103,0,0,"Absent","36.64-37.14",8
"Panulirus interruptus",FALSE,FALSE,FALSE,0,391,7,0,108,0,0,"Absent","36.64-37.14",8
"Paraxanthias taylori",TRUE,FALSE,FALSE,0,313,7,0,108,4,0,"Southern Only Presence","36.64-37.14",8
"Patiria miniata",TRUE,FALSE,TRUE,0,391,7,0,108,882,0,"Avoidant","36.64-37.14",8
"Peltodoris nobilis",TRUE,FALSE,TRUE,0,313,7,0,108,17,0,"Avoidant","36.64-37.14",8
"Pelvetiopsis arborescens/hybrida/limitata",TRUE,TRUE,TRUE,12,242,7,6,103,3166,31.8181818181818,"Continuous Presence","36.64-37.14",8
"Pelvetiopsis californica",TRUE,FALSE,FALSE,0,242,7,0,103,351,0,"Southern Only Presence","36.64-37.14",8
"Petaloconchus montereyensis",FALSE,FALSE,TRUE,0,242,7,0,103,1,0,"Northern Only Presence","36.64-37.14",8
"Petrolisthes spp",TRUE,TRUE,TRUE,4,313,7,3,108,229,12.5,"Continuous Presence","36.64-37.14",8
"Petrospongium rugosum",TRUE,TRUE,TRUE,11,242,7,6,103,420,22.7272727272727,"Continuous Presence","36.64-37.14",8
"Phragmatopoma/Sabellaria spp",TRUE,TRUE,TRUE,15,242,7,7,103,3827,36.3636363636364,"Continuous Presence","36.64-37.14",8
"Phyllospadix scouleri/serrulatus",TRUE,TRUE,TRUE,13,242,7,6,103,5564,36.3636363636364,"Continuous Presence","36.64-37.14",8
"Phyllospadix torreyi",TRUE,TRUE,TRUE,12,242,7,6,103,9543,36.3636363636364,"Continuous Presence","36.64-37.14",8
"Pilayella littoralis",FALSE,FALSE,FALSE,0,242,7,0,103,0,0,"Absent","36.64-37.14",8
"Pisaster giganteus",TRUE,FALSE,TRUE,0,391,7,0,108,46,0,"Avoidant","36.64-37.14",8
"Pisaster ochraceus",TRUE,TRUE,TRUE,25,391,7,7,108,39106,56.5217391304348,"Continuous Presence","36.64-37.14",8
"Pista spp",TRUE,TRUE,TRUE,1,242,7,1,103,109,4.54545454545455,"Continuous Presence","36.64-37.14",8
"Placiphorella velata",TRUE,FALSE,TRUE,0,313,7,0,108,6,0,"Avoidant","36.64-37.14",8
"Pleonosporium spp",FALSE,FALSE,FALSE,0,242,7,0,103,0,0,"Absent","36.64-37.14",8
"Plocamium oregonum",FALSE,FALSE,TRUE,0,242,7,0,103,2,0,"Northern Only Presence","36.64-37.14",8
"Plocamium pacificum",TRUE,TRUE,TRUE,3,242,7,2,103,828,13.6363636363636,"Continuous Presence","36.64-37.14",8
"Plocamium violaceum",TRUE,FALSE,TRUE,0,242,7,0,103,165,0,"Avoidant","36.64-37.14",8
"Pododesmus macrochisma",FALSE,FALSE,FALSE,0,242,7,0,103,0,0,"Absent","36.64-37.14",8
"Pollicipes polymerus",TRUE,TRUE,TRUE,11,242,7,6,103,1847,27.2727272727273,"Continuous Presence","36.64-37.14",8
"Polyneura latissima",TRUE,FALSE,TRUE,0,242,7,0,103,26,0,"Avoidant","36.64-37.14",8
"Polysiphonia spp",TRUE,TRUE,TRUE,9,242,7,5,103,942,22.7272727272727,"Continuous Presence","36.64-37.14",8
"Potamilla occelata",TRUE,FALSE,FALSE,0,242,7,0,103,1,0,"Southern Only Presence","36.64-37.14",8
"Primavelans insculpta",FALSE,FALSE,FALSE,0,242,7,0,103,0,0,"Absent","36.64-37.14",8
"Prionitis filiformis",FALSE,FALSE,TRUE,0,242,7,0,103,2,0,"Northern Only Presence","36.64-37.14",8
"Prionitis lanceolata",TRUE,TRUE,TRUE,13,242,7,7,103,2212,31.8181818181818,"Continuous Presence","36.64-37.14",8
"Prionitis linearis",TRUE,FALSE,TRUE,0,242,7,0,103,8,0,"Avoidant","36.64-37.14",8
"Prionitis sternbergii",TRUE,TRUE,TRUE,1,242,7,1,103,237,4.54545454545455,"Continuous Presence","36.64-37.14",8
"Pseudochama exogyra",TRUE,FALSE,FALSE,0,242,7,0,103,278,0,"Southern Only Presence","36.64-37.14",8
"Pseudolithoderma nigrum",TRUE,FALSE,TRUE,0,242,7,0,103,607,0,"Avoidant","36.64-37.14",8
"Pseudomelatoma penicillata",TRUE,FALSE,FALSE,0,313,7,0,108,4,0,"Southern Only Presence","36.64-37.14",8
"Pseudomelatoma torosa",TRUE,TRUE,TRUE,1,313,7,1,108,16,4.16666666666667,"Continuous Presence","36.64-37.14",8
"Pseudopusula californiana",TRUE,FALSE,FALSE,0,313,7,0,108,1,0,"Southern Only Presence","36.64-37.14",8
"Pterocladiella capillacea",TRUE,FALSE,TRUE,0,242,7,0,103,1208,0,"Avoidant","36.64-37.14",8
"Pterocladiella media",TRUE,FALSE,TRUE,0,242,7,0,103,21,0,"Avoidant","36.64-37.14",8
"Pteropurpura trialata",TRUE,FALSE,FALSE,0,313,7,0,108,2,0,"Southern Only Presence","36.64-37.14",8
"Pterygophora californica",TRUE,FALSE,TRUE,0,242,7,0,103,26,0,"Avoidant","36.64-37.14",8
"Pugettia foliata",FALSE,FALSE,FALSE,0,313,7,0,108,0,0,"Absent","36.64-37.14",8
"Pugettia gracilis/richii",TRUE,TRUE,TRUE,1,313,7,1,108,97,4.16666666666667,"Continuous Presence","36.64-37.14",8
"Pugettia producta",TRUE,TRUE,TRUE,9,313,7,5,108,541,33.3333333333333,"Continuous Presence","36.64-37.14",8
"Pycnogonida",TRUE,TRUE,TRUE,2,313,7,2,108,22,8.33333333333333,"Continuous Presence","36.64-37.14",8
"Pycnopodia helianthoides",TRUE,FALSE,TRUE,0,391,7,0,108,81,0,"Avoidant","36.64-37.14",8
"Pyropia spp",TRUE,TRUE,TRUE,10,242,7,6,103,1718,31.8181818181818,"Continuous Presence","36.64-37.14",8
"Rhodymenia californica",TRUE,TRUE,TRUE,1,242,7,1,103,50,4.54545454545455,"Continuous Presence","36.64-37.14",8
"Rhodymenia pacifica",TRUE,TRUE,TRUE,1,242,7,1,103,44,4.54545454545455,"Continuous Presence","36.64-37.14",8
"Roperia poulsoni",TRUE,FALSE,FALSE,0,313,7,0,108,106,0,"Southern Only Presence","36.64-37.14",8
"Saccharina latissima",FALSE,FALSE,FALSE,0,242,7,0,103,0,0,"Absent","36.64-37.14",8
"Sarcodiotheca gaudichaudii",TRUE,TRUE,TRUE,3,242,7,1,103,94,13.6363636363636,"Continuous Presence","36.64-37.14",8
"Sargassum agardhianum",TRUE,FALSE,FALSE,0,242,7,0,103,12,0,"Southern Only Presence","36.64-37.14",8
"Sargassum horneri",TRUE,FALSE,FALSE,0,242,7,0,103,6,0,"Southern Only Presence","36.64-37.14",8
"Sargassum muticum",TRUE,FALSE,FALSE,0,242,7,0,103,1200,0,"Southern Only Presence","36.64-37.14",8
"Sargassum palmeri",FALSE,FALSE,FALSE,0,242,7,0,103,0,0,"Absent","36.64-37.14",8
"Savoiea bipinnata",TRUE,TRUE,TRUE,3,242,7,3,103,358,13.6363636363636,"Continuous Presence","36.64-37.14",8
"Schizoporella unicornis",FALSE,FALSE,FALSE,0,242,7,0,103,0,0,"Absent","36.64-37.14",8
"Semibalanus cariosus",TRUE,TRUE,TRUE,2,242,7,1,103,508,9.09090909090909,"Continuous Presence","36.64-37.14",8
"Serpula vermicularis",TRUE,FALSE,TRUE,0,242,7,0,103,15,0,"Avoidant","36.64-37.14",8
"Sertularella/Sertularia spp",TRUE,FALSE,TRUE,0,242,7,0,103,4,0,"Avoidant","36.64-37.14",8
"Silvetia compressa",TRUE,TRUE,TRUE,14,242,7,6,103,6522,36.3636363636364,"Continuous Presence","36.64-37.14",8
"Siphonaria brannani",FALSE,FALSE,FALSE,0,313,7,0,108,0,0,"Absent","36.64-37.14",8
"Siphonaria thersites",FALSE,FALSE,FALSE,0,313,7,0,108,0,0,"Absent","36.64-37.14",8
"Sorella delicatula",FALSE,FALSE,FALSE,0,242,7,0,103,0,0,"Absent","36.64-37.14",8
"Sphacelaria californica",TRUE,FALSE,FALSE,0,242,7,0,103,12,0,"Southern Only Presence","36.64-37.14",8
"Spirobranchus spinosus",TRUE,FALSE,FALSE,0,242,7,0,103,2,0,"Southern Only Presence","36.64-37.14",8
"Spirorbis spp",TRUE,TRUE,TRUE,2,242,7,2,103,124,9.09090909090909,"Continuous Presence","36.64-37.14",8
"Spyridia filamentosa",TRUE,FALSE,FALSE,0,242,7,0,103,72,0,"Southern Only Presence","36.64-37.14",8
"Stenoplax conspicua",TRUE,FALSE,FALSE,0,313,7,0,108,34,0,"Southern Only Presence","36.64-37.14",8
"Stephanocystis dioica",TRUE,FALSE,TRUE,0,242,7,0,103,422,0,"Avoidant","36.64-37.14",8
"Stephanocystis osmundacea",TRUE,FALSE,TRUE,0,242,7,0,103,428,0,"Avoidant","36.64-37.14",8
"Strongylocentrotus droebachiensis",FALSE,FALSE,FALSE,0,313,7,0,108,0,0,"Absent","36.64-37.14",8
"Strongylocentrotus franciscanus",TRUE,FALSE,TRUE,0,313,7,0,108,25,0,"Avoidant","36.64-37.14",8
"Strongylocentrotus purpuratus",TRUE,TRUE,TRUE,16,313,7,5,108,11680,50,"Continuous Presence","36.64-37.14",8
"Styela montereyensis",TRUE,TRUE,TRUE,1,242,7,1,103,6,4.54545454545455,"Continuous Presence","36.64-37.14",8
"Symphyocladia dendroidea/Xiphosiphonia pennata",TRUE,TRUE,TRUE,5,242,7,3,103,343,22.7272727272727,"Continuous Presence","36.64-37.14",8
"Symphyocladiella baileyi",TRUE,FALSE,FALSE,0,242,7,0,103,48,0,"Southern Only Presence","36.64-37.14",8
"Taonia lennebackerae",TRUE,FALSE,FALSE,0,242,7,0,103,20,0,"Southern Only Presence","36.64-37.14",8
"Tectura paleacea",TRUE,TRUE,TRUE,1,313,7,1,108,202,4.16666666666667,"Continuous Presence","36.64-37.14",8
"Tegula aureotincta",TRUE,FALSE,FALSE,0,313,7,0,108,178,0,"Southern Only Presence","36.64-37.14",8
"Tegula brunnea",TRUE,TRUE,TRUE,10,313,7,4,108,1356,37.5,"Continuous Presence","36.64-37.14",8
"Tegula eiseni",TRUE,FALSE,FALSE,0,313,7,0,108,1955,0,"Southern Only Presence","36.64-37.14",8
"Tegula funebralis/gallina",TRUE,TRUE,TRUE,23,313,7,7,108,83091,50,"Continuous Presence","36.64-37.14",8
"Tegula pulligo",FALSE,FALSE,FALSE,0,313,7,0,108,0,0,"Absent","36.64-37.14",8
"Tetraclita squamosa",TRUE,TRUE,TRUE,3,242,7,3,103,1055,13.6363636363636,"Continuous Presence","36.64-37.14",8
"Thylacodes squamigerus",TRUE,FALSE,TRUE,0,242,7,0,103,152,0,"Avoidant","36.64-37.14",8
"Tiffaniella snyderae",TRUE,FALSE,TRUE,0,242,7,0,103,206,0,"Avoidant","36.64-37.14",8
"Tonicella spp",TRUE,TRUE,TRUE,4,313,7,4,108,905,16.6666666666667,"Continuous Presence","36.64-37.14",8
"Trichotropis cancellata",FALSE,FALSE,FALSE,0,313,7,0,108,0,0,"Absent","36.64-37.14",8
"Ulothrix spp",TRUE,FALSE,TRUE,0,242,7,0,103,15,0,"Avoidant","36.64-37.14",8
"Ulvophyceae",TRUE,TRUE,TRUE,14,242,7,7,103,5252,36.3636363636364,"Continuous Presence","36.64-37.14",8
"Urosalpinx subangulata",FALSE,TRUE,TRUE,2,313,7,1,108,15,8.33333333333333,"Southern Range Edge","36.64-37.14",8
"Urospora spp",TRUE,FALSE,FALSE,0,242,7,0,103,1,0,"Southern Only Presence","36.64-37.14",8
"Urticina coriacea",FALSE,FALSE,TRUE,0,242,7,0,103,7,0,"Northern Only Presence","36.64-37.14",8
"Verrucaria maura",FALSE,FALSE,FALSE,0,242,7,0,103,0,0,"Absent","36.64-37.14",8
"Xingyurella turgida",FALSE,TRUE,FALSE,1,242,7,1,103,1,4.54545454545455,"Endemic Presence","36.64-37.14",8
"Zonaria farlowii",TRUE,FALSE,FALSE,0,242,7,0,103,81,0,"Southern Only Presence","36.64-37.14",8
"Zostera spp",FALSE,FALSE,FALSE,0,242,7,0,103,0,0,"Absent","36.64-37.14",8
"Abietinaria/Amphisbetia spp",TRUE,FALSE,TRUE,0,242,2,0,103,9,0,"Avoidant","37.14-37.89",9
"Acanthinucella paucilirata",TRUE,FALSE,FALSE,0,313,2,0,108,4,0,"Southern Only Presence","37.14-37.89",9
"Acanthinucella spp",TRUE,TRUE,TRUE,7,313,2,2,108,2214,25,"Continuous Presence","37.14-37.89",9
"Acmaea mitra",TRUE,TRUE,TRUE,2,313,2,1,108,141,8.33333333333333,"Continuous Presence","37.14-37.89",9
"Acrosiphonia/Cladophora spp",TRUE,FALSE,TRUE,0,242,2,0,103,175,0,"Avoidant","37.14-37.89",9
"Acrosorium ciliolatum",TRUE,FALSE,FALSE,0,242,2,0,103,143,0,"Southern Only Presence","37.14-37.89",9
"Aeolidia papillosa",TRUE,TRUE,TRUE,1,313,2,1,108,3,4.16666666666667,"Continuous Presence","37.14-37.89",9
"Aglaophenia spp",TRUE,FALSE,TRUE,0,242,2,0,103,18,0,"Avoidant","37.14-37.89",9
"Ahnfeltia fastigiata",TRUE,FALSE,TRUE,0,242,2,0,103,117,0,"Avoidant","37.14-37.89",9
"Ahnfeltiopsis linearis",TRUE,FALSE,TRUE,0,242,2,0,103,56,0,"Avoidant","37.14-37.89",9
"Alaria marginata",TRUE,FALSE,TRUE,0,242,2,0,103,1018,0,"Avoidant","37.14-37.89",9
"Alia spp",TRUE,TRUE,TRUE,8,313,2,2,108,1445,25,"Continuous Presence","37.14-37.89",9
"Amphiroa beauvoisii",TRUE,FALSE,FALSE,0,242,2,0,103,2,0,"Southern Only Presence","37.14-37.89",9
"Amphissa columbiana",TRUE,TRUE,TRUE,2,313,2,2,108,31,8.33333333333333,"Continuous Presence","37.14-37.89",9
"Amphissa versicolor",TRUE,TRUE,TRUE,4,313,2,2,108,299,12.5,"Continuous Presence","37.14-37.89",9
"Analipus japonicus",TRUE,TRUE,TRUE,2,242,2,1,103,379,9.09090909090909,"Continuous Presence","37.14-37.89",9
"Anisocladella pacifica",TRUE,FALSE,FALSE,0,242,2,0,103,4,0,"Southern Only Presence","37.14-37.89",9
"Anthopleura artemisia",FALSE,TRUE,TRUE,1,242,2,1,103,3,4.54545454545455,"Southern Range Edge","37.14-37.89",9
"Anthopleura elegantissima",TRUE,TRUE,TRUE,5,242,2,2,103,5148,18.1818181818182,"Continuous Presence","37.14-37.89",9
"Anthopleura sola",TRUE,TRUE,TRUE,6,242,2,2,103,2460,18.1818181818182,"Continuous Presence","37.14-37.89",9
"Anthopleura xanthogrammica",TRUE,TRUE,TRUE,5,242,2,2,103,791,13.6363636363636,"Continuous Presence","37.14-37.89",9
"Antithamnionella spp",FALSE,FALSE,FALSE,0,242,2,0,103,0,0,"Absent","37.14-37.89",9
"Aplidium spp",TRUE,TRUE,TRUE,3,242,2,1,103,73,13.6363636363636,"Continuous Presence","37.14-37.89",9
"Aplysia californica",TRUE,FALSE,FALSE,0,313,2,0,108,11,0,"Southern Only Presence","37.14-37.89",9
"Asparagopsis taxiformis",TRUE,FALSE,FALSE,0,242,2,0,103,97,0,"Southern Only Presence","37.14-37.89",9
"Atrimitra idae",FALSE,FALSE,FALSE,0,313,2,0,108,0,0,"Absent","37.14-37.89",9
"Balanus crenatus",FALSE,FALSE,TRUE,0,242,2,0,103,1,0,"Northern Only Presence","37.14-37.89",9
"Balanus glandula",TRUE,TRUE,TRUE,4,242,2,2,103,5046,13.6363636363636,"Continuous Presence","37.14-37.89",9
"Balanus glandula/Semibalanus balanoides",FALSE,FALSE,FALSE,0,242,2,0,103,0,0,"Absent","37.14-37.89",9
"Balanus nubilus",TRUE,FALSE,TRUE,0,242,2,0,103,6,0,"Avoidant","37.14-37.89",9
"Bangia spp",TRUE,FALSE,TRUE,0,242,2,0,103,63,0,"Avoidant","37.14-37.89",9
"Besa leptophylla",TRUE,TRUE,TRUE,1,242,2,1,103,41,4.54545454545455,"Continuous Presence","37.14-37.89",9
"Bittium eschrichtii",TRUE,TRUE,TRUE,5,313,2,2,108,898,20.8333333333333,"Continuous Presence","37.14-37.89",9
"Boring clam",TRUE,FALSE,TRUE,0,242,2,0,103,12,0,"Avoidant","37.14-37.89",9
"Bossiella spp",TRUE,TRUE,TRUE,6,242,2,2,103,1442,18.1818181818182,"Continuous Presence","37.14-37.89",9
"Bryopsis spp",TRUE,FALSE,TRUE,0,242,2,0,103,12,0,"Avoidant","37.14-37.89",9
"Bugula neritina",TRUE,FALSE,FALSE,0,242,2,0,103,18,0,"Southern Only Presence","37.14-37.89",9
"Californiconus californicus",TRUE,TRUE,TRUE,1,313,2,1,108,217,4.16666666666667,"Continuous Presence","37.14-37.89",9
"Calliarthron spp",TRUE,TRUE,TRUE,6,242,2,2,103,1229,18.1818181818182,"Continuous Presence","37.14-37.89",9
"Calliostoma annulatum",TRUE,FALSE,FALSE,0,313,2,0,108,5,0,"Southern Only Presence","37.14-37.89",9
"Calliostoma canaliculatum",TRUE,FALSE,FALSE,0,313,2,0,108,25,0,"Southern Only Presence","37.14-37.89",9
"Calliostoma ligatum",TRUE,TRUE,TRUE,1,313,2,1,108,90,4.16666666666667,"Continuous Presence","37.14-37.89",9
"Calliostoma supragranosum",TRUE,FALSE,FALSE,0,313,2,0,108,1,0,"Southern Only Presence","37.14-37.89",9
"Callithamnion pikeanum",TRUE,TRUE,TRUE,3,242,2,2,103,330,9.09090909090909,"Continuous Presence","37.14-37.89",9
"Callithamnion rupicola",TRUE,FALSE,FALSE,0,242,2,0,103,2,0,"Southern Only Presence","37.14-37.89",9
"Callophyllis spp",TRUE,TRUE,TRUE,3,242,2,2,103,68,13.6363636363636,"Continuous Presence","37.14-37.89",9
"Cancer antennaria",TRUE,TRUE,TRUE,1,313,2,1,108,55,4.16666666666667,"Continuous Presence","37.14-37.89",9
"Cancer oregonensis",TRUE,FALSE,TRUE,0,313,2,0,108,3,0,"Avoidant","37.14-37.89",9
"Cancer productus",FALSE,FALSE,TRUE,0,313,2,0,108,1,0,"Northern Only Presence","37.14-37.89",9
"Carpopeltis bushiae",FALSE,FALSE,FALSE,0,242,2,0,103,0,0,"Absent","37.14-37.89",9
"Caulacanthus okamurae",TRUE,FALSE,TRUE,0,242,2,0,103,1831,0,"Avoidant","37.14-37.89",9
"Ceratostoma foliatum",TRUE,FALSE,TRUE,0,313,2,0,108,5,0,"Avoidant","37.14-37.89",9
"Ceratostoma nuttalli",TRUE,TRUE,TRUE,1,313,2,1,108,46,4.16666666666667,"Continuous Presence","37.14-37.89",9
"Cerithiopsis spp",TRUE,FALSE,FALSE,0,313,2,0,108,2,0,"Southern Only Presence","37.14-37.89",9
"Chaetomorpha spp",TRUE,FALSE,TRUE,0,242,2,0,103,148,0,"Avoidant","37.14-37.89",9
"Chondracanthus canaliculatus",TRUE,TRUE,TRUE,6,242,2,2,103,5926,18.1818181818182,"Continuous Presence","37.14-37.89",9
"Chondracanthus corymbiferus/exaspertata",TRUE,TRUE,TRUE,1,242,2,1,103,74,4.54545454545455,"Continuous Presence","37.14-37.89",9
"Chondracanthus harveyanus",TRUE,FALSE,FALSE,0,242,2,0,103,5,0,"Southern Only Presence","37.14-37.89",9
"Chondracanthus spinosus",TRUE,TRUE,TRUE,2,242,2,1,103,42,9.09090909090909,"Continuous Presence","37.14-37.89",9
"Chondria acrorhizophora",TRUE,FALSE,FALSE,0,242,2,0,103,21,0,"Southern Only Presence","37.14-37.89",9
"Chondria arcuata",TRUE,FALSE,FALSE,0,242,2,0,103,16,0,"Southern Only Presence","37.14-37.89",9
"Chondria dasyphylla",TRUE,FALSE,FALSE,0,242,2,0,103,16,0,"Southern Only Presence","37.14-37.89",9
"Chondria decipiens",TRUE,FALSE,FALSE,0,242,2,0,103,25,0,"Southern Only Presence","37.14-37.89",9
"Chondria nidifica",TRUE,FALSE,FALSE,0,242,2,0,103,157,0,"Southern Only Presence","37.14-37.89",9
"Chondria oppositiclada",TRUE,FALSE,FALSE,0,242,2,0,103,23,0,"Southern Only Presence","37.14-37.89",9
"Chone minuta",TRUE,FALSE,TRUE,0,242,2,0,103,88,0,"Avoidant","37.14-37.89",9
"Chthamalus dalli/fissus",TRUE,TRUE,TRUE,6,242,2,2,103,17343,18.1818181818182,"Continuous Presence","37.14-37.89",9
"Cirolana spp/Gnorimosphaeroma oregonense",TRUE,FALSE,TRUE,0,313,2,0,108,82,0,"Avoidant","37.14-37.89",9
"Cladophora columbiana",TRUE,TRUE,TRUE,6,242,2,2,103,1559,18.1818181818182,"Continuous Presence","37.14-37.89",9
"Cladophora graminea",TRUE,FALSE,FALSE,0,242,2,0,103,6,0,"Southern Only Presence","37.14-37.89",9
"Clavelina huntsmani",TRUE,FALSE,FALSE,0,242,2,0,103,4,0,"Southern Only Presence","37.14-37.89",9
"Codium fragile",TRUE,FALSE,TRUE,0,242,2,0,103,51,0,"Avoidant","37.14-37.89",9
"Codium setchellii",TRUE,FALSE,TRUE,0,242,2,0,103,19,0,"Avoidant","37.14-37.89",9
"Colonial diatom",TRUE,FALSE,TRUE,0,242,2,0,103,75,0,"Avoidant","37.14-37.89",9
"Colpomenia/Leathesia spp",TRUE,FALSE,TRUE,0,242,2,0,103,184,0,"Avoidant","37.14-37.89",9
"Constantinea simplex",TRUE,FALSE,TRUE,0,242,2,0,103,109,0,"Avoidant","37.14-37.89",9
"Corallina spp",TRUE,TRUE,TRUE,6,242,2,2,103,18213,18.1818181818182,"Continuous Presence","37.14-37.89",9
"Corynactis californica",FALSE,FALSE,FALSE,0,242,2,0,103,0,0,"Absent","37.14-37.89",9
"Costaria costata",FALSE,FALSE,TRUE,0,242,2,0,103,93,0,"Northern Only Presence","37.14-37.89",9
"Crangon spp",TRUE,TRUE,FALSE,1,313,2,1,108,10,4.16666666666667,"Northern Range Edge","37.14-37.89",9
"Crepipatella lingulata",TRUE,FALSE,TRUE,0,313,2,0,108,11,0,"Avoidant","37.14-37.89",9
"Cryptochiton stelleri",TRUE,FALSE,TRUE,0,391,2,0,108,236,0,"Avoidant","37.14-37.89",9
"Cryptolithodes sitchensis",TRUE,FALSE,FALSE,0,313,2,0,108,5,0,"Southern Only Presence","37.14-37.89",9
"Cryptopleura/Hymenena spp",TRUE,TRUE,TRUE,6,242,2,2,103,3622,18.1818181818182,"Continuous Presence","37.14-37.89",9
"Cryptosiphonia woodii",TRUE,TRUE,TRUE,4,242,2,2,103,922,9.09090909090909,"Continuous Presence","37.14-37.89",9
"Cucumaria miniata",FALSE,FALSE,FALSE,0,313,2,0,108,0,0,"Absent","37.14-37.89",9
"Cucumaria/Pseudocnus spp",TRUE,FALSE,TRUE,0,313,2,0,108,573,0,"Avoidant","37.14-37.89",9
"Cumagloia andersonii",TRUE,FALSE,TRUE,0,242,2,0,103,25,0,"Avoidant","37.14-37.89",9
"Cyanoplax hartwegii",TRUE,TRUE,TRUE,4,313,2,2,108,1890,16.6666666666667,"Continuous Presence","37.14-37.89",9
"Cyanoplax spp",TRUE,TRUE,TRUE,8,313,2,2,108,1882,25,"Continuous Presence","37.14-37.89",9
"Dasya binghamiae",TRUE,FALSE,FALSE,0,242,2,0,103,18,0,"Southern Only Presence","37.14-37.89",9
"Dasysiphonia japonica",TRUE,FALSE,FALSE,0,242,2,0,103,1,0,"Southern Only Presence","37.14-37.89",9
"Delesseria decipiens",FALSE,FALSE,TRUE,0,242,2,0,103,5,0,"Northern Only Presence","37.14-37.89",9
"Dendrobeania lichenoides",FALSE,FALSE,FALSE,0,242,2,0,103,0,0,"Absent","37.14-37.89",9
"Dendronotus subramosus",FALSE,TRUE,FALSE,1,313,2,1,108,1,4.16666666666667,"Endemic Presence","37.14-37.89",9
"Dendropoma lituella",FALSE,FALSE,FALSE,0,242,2,0,103,0,0,"Absent","37.14-37.89",9
"Derbesia marina",TRUE,FALSE,TRUE,0,242,2,0,103,12,0,"Avoidant","37.14-37.89",9
"Dermasterias imbricata",TRUE,TRUE,TRUE,9,391,2,2,108,683,30.4347826086957,"Continuous Presence","37.14-37.89",9
"Desmarestia ligulata",TRUE,FALSE,TRUE,0,242,2,0,103,121,0,"Avoidant","37.14-37.89",9
"Diaperoecia californica",FALSE,FALSE,FALSE,0,242,2,0,103,0,0,"Absent","37.14-37.89",9
"Diaulula sandiegensis",TRUE,FALSE,TRUE,0,313,2,0,108,12,0,"Avoidant","37.14-37.89",9
"Dictyoneurum californicum",FALSE,TRUE,TRUE,1,242,2,1,103,12,4.54545454545455,"Southern Range Edge","37.14-37.89",9
"Dictyopteris undulata",TRUE,FALSE,FALSE,0,242,2,0,103,22,0,"Southern Only Presence","37.14-37.89",9
"Dictyota binghamiae",TRUE,FALSE,FALSE,0,242,2,0,103,4,0,"Southern Only Presence","37.14-37.89",9
"Dictyota coriacea",TRUE,FALSE,FALSE,0,242,2,0,103,138,0,"Southern Only Presence","37.14-37.89",9
"Dilsea californica",TRUE,FALSE,TRUE,0,242,2,0,103,447,0,"Avoidant","37.14-37.89",9
"Diodora aspera",TRUE,FALSE,TRUE,0,313,2,0,108,11,0,"Avoidant","37.14-37.89",9
"Dirona albolineata",FALSE,FALSE,TRUE,0,313,2,0,108,2,0,"Northern Only Presence","37.14-37.89",9
"Discurria insessa",TRUE,FALSE,TRUE,0,313,2,0,108,120,0,"Avoidant","37.14-37.89",9
"Distaplia occidentalis",TRUE,TRUE,TRUE,1,242,2,1,103,9,4.54545454545455,"Continuous Presence","37.14-37.89",9
"Dodecaceria spp",TRUE,TRUE,TRUE,3,242,2,1,103,239,13.6363636363636,"Continuous Presence","37.14-37.89",9
"Doris montereyensis",FALSE,TRUE,TRUE,1,313,2,1,108,3,4.16666666666667,"Southern Range Edge","37.14-37.89",9
"Ectocarpus spp",TRUE,FALSE,FALSE,0,242,2,0,103,2,0,"Southern Only Presence","37.14-37.89",9
"Egregia menziesii",TRUE,TRUE,TRUE,3,242,2,2,103,5494,9.09090909090909,"Continuous Presence","37.14-37.89",9
"Eisenia arborea",TRUE,FALSE,TRUE,0,242,2,0,103,141,0,"Avoidant","37.14-37.89",9
"Encrusting coralline",TRUE,TRUE,TRUE,6,242,2,2,103,8084,18.1818181818182,"Continuous Presence","37.14-37.89",9
"Endarachne/Petalonia/Phaeostrophion spp",TRUE,FALSE,TRUE,0,242,2,0,103,381,0,"Avoidant","37.14-37.89",9
"Endocladia muricata",TRUE,TRUE,TRUE,6,242,2,2,103,14318,18.1818181818182,"Continuous Presence","37.14-37.89",9
"Endoplura aurea",FALSE,FALSE,FALSE,0,242,2,0,103,0,0,"Absent","37.14-37.89",9
"Epiactis prolifera",FALSE,TRUE,TRUE,2,242,2,1,103,5,9.09090909090909,"Southern Range Edge","37.14-37.89",9
"Epitonium tinctum",TRUE,TRUE,TRUE,6,313,2,2,108,388,16.6666666666667,"Continuous Presence","37.14-37.89",9
"Erythroglossum californicum",TRUE,FALSE,TRUE,0,242,2,0,103,48,0,"Avoidant","37.14-37.89",9
"Erythrophyllum delesserioides",TRUE,TRUE,TRUE,1,242,2,1,103,222,4.54545454545455,"Continuous Presence","37.14-37.89",9
"Eudendrium californicum",TRUE,FALSE,TRUE,0,242,2,0,103,2,0,"Avoidant","37.14-37.89",9
"Eudistoma psammion",TRUE,FALSE,FALSE,0,242,2,0,103,45,0,"Southern Only Presence","37.14-37.89",9
"Eudistoma ritteri",TRUE,FALSE,TRUE,0,242,2,0,103,4,0,"Avoidant","37.14-37.89",9
"Eudistylia polymorpha",FALSE,FALSE,FALSE,0,242,2,0,103,0,0,"Absent","37.14-37.89",9
"Eupentacta spp",FALSE,FALSE,TRUE,0,313,2,0,108,11,0,"Northern Only Presence","37.14-37.89",9
"Eurystomella bilabiata",TRUE,TRUE,TRUE,1,242,2,1,103,29,4.54545454545455,"Continuous Presence","37.14-37.89",9
"Evasterias troschelii",FALSE,FALSE,FALSE,0,391,2,0,108,0,0,"Absent","37.14-37.89",9
"Farlowia compressa",FALSE,TRUE,TRUE,1,242,2,1,103,3,4.54545454545455,"Southern Range Edge","37.14-37.89",9
"Farlowia mollis",TRUE,TRUE,TRUE,1,242,2,1,103,17,4.54545454545455,"Continuous Presence","37.14-37.89",9
"Farlowia/Pikea spp",TRUE,TRUE,TRUE,3,242,2,2,103,93,13.6363636363636,"Continuous Presence","37.14-37.89",9
"Fissurella volcano",TRUE,FALSE,FALSE,0,313,2,0,108,4909,0,"Southern Only Presence","37.14-37.89",9
"Fissurellidea bimaculata",TRUE,FALSE,FALSE,0,313,2,0,108,5,0,"Southern Only Presence","37.14-37.89",9
"Flustrellidra corniculata",TRUE,FALSE,TRUE,0,242,2,0,103,4,0,"Avoidant","37.14-37.89",9
"Fredericqia chiton",TRUE,FALSE,FALSE,0,242,2,0,103,1,0,"Southern Only Presence","37.14-37.89",9
"Fucus spp",TRUE,TRUE,TRUE,6,242,2,2,103,3137,18.1818181818182,"Continuous Presence","37.14-37.89",9
"Gastroclonium parvum",TRUE,FALSE,FALSE,0,242,2,0,103,162,0,"Southern Only Presence","37.14-37.89",9
"Gelidium purpurascens",TRUE,TRUE,FALSE,2,242,2,2,103,43,9.09090909090909,"Northern Range Edge","37.14-37.89",9
"Gelidium robustum",TRUE,FALSE,TRUE,0,242,2,0,103,128,0,"Avoidant","37.14-37.89",9
"Gelidium spp",TRUE,TRUE,TRUE,6,242,2,2,103,4262,18.1818181818182,"Continuous Presence","37.14-37.89",9
"Gloiopeltis furcata",TRUE,FALSE,TRUE,0,242,2,0,103,69,0,"Avoidant","37.14-37.89",9
"Gloiosiphonia californica",FALSE,FALSE,TRUE,0,242,2,0,103,4,0,"Northern Only Presence","37.14-37.89",9
"Gracilariopsis/Gracilaria spp",TRUE,FALSE,FALSE,0,242,2,0,103,423,0,"Southern Only Presence","37.14-37.89",9
"Grateloupia angusta",TRUE,FALSE,FALSE,0,242,2,0,103,2,0,"Southern Only Presence","37.14-37.89",9
"Grateloupia californica",TRUE,TRUE,TRUE,2,242,2,1,103,139,9.09090909090909,"Continuous Presence","37.14-37.89",9
"Grateloupia cornea",TRUE,FALSE,FALSE,0,242,2,0,103,4,0,"Southern Only Presence","37.14-37.89",9
"Halichondria panicea",TRUE,FALSE,TRUE,0,242,2,0,103,5,0,"Avoidant","37.14-37.89",9
"Halichondria spp",TRUE,TRUE,TRUE,1,242,2,1,103,57,4.54545454545455,"Continuous Presence","37.14-37.89",9
"Haliclona spp",TRUE,TRUE,TRUE,1,242,2,1,103,60,4.54545454545455,"Continuous Presence","37.14-37.89",9
"Halosaccion glandiforme",TRUE,TRUE,TRUE,3,242,2,1,103,769,13.6363636363636,"Continuous Presence","37.14-37.89",9
"Halymenia/Schizymenia spp",TRUE,FALSE,TRUE,0,242,2,0,103,221,0,"Avoidant","37.14-37.89",9
"Haminoea vesicula",TRUE,FALSE,FALSE,0,313,2,0,108,13,0,"Southern Only Presence","37.14-37.89",9
"Haminoea virescens",TRUE,FALSE,FALSE,0,313,2,0,108,12,0,"Southern Only Presence","37.14-37.89",9
"Hapalospongidion gelatinosum",FALSE,FALSE,FALSE,0,242,2,0,103,0,0,"Absent","37.14-37.89",9
"Haplogloia andersonii",TRUE,FALSE,TRUE,0,242,2,0,103,11,0,"Avoidant","37.14-37.89",9
"Hapterophycus canaliculatus",TRUE,FALSE,TRUE,0,242,2,0,103,93,0,"Avoidant","37.14-37.89",9
"Hedophyllum sessile",FALSE,FALSE,TRUE,0,242,2,0,103,720,0,"Northern Only Presence","37.14-37.89",9
"Heliaster kubiniji",FALSE,FALSE,FALSE,0,391,2,0,108,0,0,"Absent","37.14-37.89",9
"Hemigrapsus nudus",TRUE,FALSE,TRUE,0,313,2,0,108,66,0,"Avoidant","37.14-37.89",9
"Hemigrapsus oregonensis",FALSE,FALSE,TRUE,0,313,2,0,108,1,0,"Northern Only Presence","37.14-37.89",9
"Henricia spp",TRUE,TRUE,TRUE,4,391,2,2,108,446,17.3913043478261,"Continuous Presence","37.14-37.89",9
"Hermissenda crassicornis",TRUE,TRUE,TRUE,1,313,2,1,108,32,4.16666666666667,"Continuous Presence","37.14-37.89",9
"Herposiphonia littoralis",TRUE,FALSE,FALSE,0,242,2,0,103,9,0,"Southern Only Presence","37.14-37.89",9
"Herposiphonia plumula",FALSE,FALSE,FALSE,0,242,2,0,103,0,0,"Absent","37.14-37.89",9
"Herposiphonia verticillata",TRUE,FALSE,FALSE,0,242,2,0,103,15,0,"Southern Only Presence","37.14-37.89",9
"Homalopoma spp",TRUE,TRUE,TRUE,4,313,2,2,108,191,12.5,"Continuous Presence","37.14-37.89",9
"Hypnea johnstonii",TRUE,FALSE,FALSE,0,242,2,0,103,12,0,"Southern Only Presence","37.14-37.89",9
"Hypnea valentiae",TRUE,FALSE,FALSE,0,242,2,0,103,164,0,"Southern Only Presence","37.14-37.89",9
"Hypnea variabilis",TRUE,FALSE,FALSE,0,242,2,0,103,5,0,"Southern Only Presence","37.14-37.89",9
"Idotea spp",TRUE,TRUE,TRUE,4,313,2,2,108,837,16.6666666666667,"Continuous Presence","37.14-37.89",9
"Jania rosea",TRUE,FALSE,FALSE,0,242,2,0,103,88,0,"Southern Only Presence","37.14-37.89",9
"Jania tenella",TRUE,FALSE,FALSE,0,242,2,0,103,13,0,"Southern Only Presence","37.14-37.89",9
"Jania verrucosa",TRUE,FALSE,FALSE,0,242,2,0,103,531,0,"Southern Only Presence","37.14-37.89",9
"Johansenia macmillanii",TRUE,FALSE,TRUE,0,242,2,0,103,4,0,"Avoidant","37.14-37.89",9
"Katharina tunicata",TRUE,FALSE,TRUE,0,313,2,0,108,555,0,"Avoidant","37.14-37.89",9
"Kelletia kelletii",TRUE,FALSE,FALSE,0,313,2,0,108,9,0,"Southern Only Presence","37.14-37.89",9
"Lacuna spp",TRUE,TRUE,TRUE,8,313,2,2,108,18119,25,"Continuous Presence","37.14-37.89",9
"Laminaria ephemera",FALSE,FALSE,TRUE,0,242,2,0,103,4,0,"Northern Only Presence","37.14-37.89",9
"Laminaria farlowii",TRUE,FALSE,FALSE,0,242,2,0,103,1,0,"Southern Only Presence","37.14-37.89",9
"Laminaria setchellii",TRUE,FALSE,TRUE,0,242,2,0,103,553,0,"Avoidant","37.14-37.89",9
"Laminaria sinclairii",TRUE,FALSE,TRUE,0,242,2,0,103,252,0,"Avoidant","37.14-37.89",9
"Laurencia pacifica/masonii",TRUE,FALSE,FALSE,0,242,2,0,103,462,0,"Southern Only Presence","37.14-37.89",9
"Laurencia spp",TRUE,FALSE,FALSE,0,242,2,0,103,15,0,"Southern Only Presence","37.14-37.89",9
"Lepidozona spp",TRUE,TRUE,TRUE,2,313,2,1,108,127,8.33333333333333,"Continuous Presence","37.14-37.89",9
"Leptasterias spp",TRUE,TRUE,TRUE,7,313,2,2,108,1995,16.6666666666667,"Continuous Presence","37.14-37.89",9
"Lessoniopsis littoralis",TRUE,FALSE,TRUE,0,242,2,0,103,10,0,"Avoidant","37.14-37.89",9
"Ligia spp",TRUE,FALSE,TRUE,0,313,2,0,108,32,0,"Avoidant","37.14-37.89",9
"Limacia cockerelli",TRUE,FALSE,FALSE,0,313,2,0,108,2,0,"Southern Only Presence","37.14-37.89",9
"Linckia columbiae",FALSE,FALSE,FALSE,0,391,2,0,108,0,0,"Absent","37.14-37.89",9
"Lirabuccinum dirum",TRUE,TRUE,TRUE,2,313,2,1,108,133,8.33333333333333,"Continuous Presence","37.14-37.89",9
"Lirularia/Margarites spp",TRUE,TRUE,TRUE,4,313,2,1,108,396,16.6666666666667,"Continuous Presence","37.14-37.89",9
"Lithophyllum/Lithothamnion spp",TRUE,FALSE,TRUE,0,242,2,0,103,159,0,"Avoidant","37.14-37.89",9
"Lithothrix aspergillum",TRUE,TRUE,FALSE,1,242,2,1,103,1542,4.54545454545455,"Northern Range Edge","37.14-37.89",9
"Littorina spp.",TRUE,TRUE,TRUE,9,313,2,2,108,737668,25,"Continuous Presence","37.14-37.89",9
"Lomentaria hakodatensis",TRUE,FALSE,FALSE,0,242,2,0,103,250,0,"Southern Only Presence","37.14-37.89",9
"Lottia asmi",TRUE,TRUE,TRUE,1,313,2,1,108,357,4.16666666666667,"Continuous Presence","37.14-37.89",9
"Lottia austrodigitalis/digitalis",TRUE,TRUE,TRUE,9,313,2,2,108,70520,25,"Continuous Presence","37.14-37.89",9
"Lottia fenestrata",TRUE,FALSE,TRUE,0,313,2,0,108,1030,0,"Avoidant","37.14-37.89",9
"Lottia instabilis",TRUE,TRUE,TRUE,3,313,2,2,108,229,12.5,"Continuous Presence","37.14-37.89",9
"Lottia limatula",TRUE,TRUE,TRUE,9,313,2,2,108,3715,25,"Continuous Presence","37.14-37.89",9
"Lottia paradigitalis/strigatella",TRUE,TRUE,TRUE,9,313,2,2,108,87755,25,"Continuous Presence","37.14-37.89",9
"Lottia pelta",TRUE,TRUE,TRUE,8,313,2,2,108,14378,25,"Continuous Presence","37.14-37.89",9
"Lottia persona",TRUE,FALSE,TRUE,0,313,2,0,108,82,0,"Avoidant","37.14-37.89",9
"Lottia polyfacies",TRUE,FALSE,FALSE,0,313,2,0,108,37,0,"Southern Only Presence","37.14-37.89",9
"Lottia scabra/conus",TRUE,TRUE,TRUE,9,313,2,2,108,120485,25,"Continuous Presence","37.14-37.89",9
"Lottia scutum",TRUE,TRUE,TRUE,9,313,2,2,108,2814,25,"Continuous Presence","37.14-37.89",9
"Macrocystis pyrifera",TRUE,FALSE,FALSE,0,242,2,0,103,74,0,"Southern Only Presence","37.14-37.89",9
"Macron lividus",TRUE,FALSE,FALSE,0,313,2,0,108,145,0,"Southern Only Presence","37.14-37.89",9
"Mastocarpus spp",TRUE,TRUE,TRUE,6,242,2,2,103,12690,18.1818181818182,"Continuous Presence","37.14-37.89",9
"Maxwellia gemma",TRUE,FALSE,FALSE,0,313,2,0,108,5,0,"Southern Only Presence","37.14-37.89",9
"Mazzaella affinis",TRUE,FALSE,TRUE,0,242,2,0,103,821,0,"Avoidant","37.14-37.89",9
"Mazzaella flaccida/oregona/splendens",TRUE,TRUE,TRUE,6,242,2,2,103,11621,18.1818181818182,"Continuous Presence","37.14-37.89",9
"Mazzaella leptorhynchos",TRUE,FALSE,FALSE,0,242,2,0,103,455,0,"Southern Only Presence","37.14-37.89",9
"Mazzaella linearis",TRUE,FALSE,TRUE,0,242,2,0,103,87,0,"Avoidant","37.14-37.89",9
"Mazzaella parksii",FALSE,FALSE,TRUE,0,242,2,0,103,115,0,"Northern Only Presence","37.14-37.89",9
"Mazzaella phyllocarpa",FALSE,FALSE,FALSE,0,242,2,0,103,0,0,"Absent","37.14-37.89",9
"Mazzaella volans",TRUE,FALSE,FALSE,0,242,2,0,103,23,0,"Southern Only Presence","37.14-37.89",9
"Megabalanus californicus",TRUE,FALSE,TRUE,0,242,2,0,103,3,0,"Avoidant","37.14-37.89",9
"Megastraea undosa",TRUE,FALSE,FALSE,0,313,2,0,108,10,0,"Southern Only Presence","37.14-37.89",9
"Melanosiphon/Scytosiphon spp",TRUE,FALSE,TRUE,0,242,2,0,103,208,0,"Avoidant","37.14-37.89",9
"Membranipora spp",TRUE,TRUE,FALSE,1,242,2,1,103,5,4.54545454545455,"Northern Range Edge","37.14-37.89",9
"Metridium senile",FALSE,FALSE,FALSE,0,242,2,0,103,0,0,"Absent","37.14-37.89",9
"Mexacanthina lugubris",TRUE,FALSE,FALSE,0,313,2,0,108,253,0,"Southern Only Presence","37.14-37.89",9
"Microcladia borealis",TRUE,TRUE,TRUE,3,242,2,2,103,835,9.09090909090909,"Continuous Presence","37.14-37.89",9
"Microcladia coulteri",TRUE,FALSE,TRUE,0,242,2,0,103,18,0,"Avoidant","37.14-37.89",9
"Mopalia spp",TRUE,TRUE,TRUE,9,313,2,2,108,1201,25,"Continuous Presence","37.14-37.89",9
"Mytilisepta/Brachidontes spp",TRUE,FALSE,FALSE,0,242,2,0,103,243,0,"Southern Only Presence","37.14-37.89",9
"Mytilus californianus",TRUE,TRUE,TRUE,6,242,2,2,103,25035,18.1818181818182,"Continuous Presence","37.14-37.89",9
"Mytilus trossulus/galloprovincialis/edulis",TRUE,TRUE,TRUE,2,242,2,1,103,126,9.09090909090909,"Continuous Presence","37.14-37.89",9
"Navanax inermis",TRUE,FALSE,FALSE,0,313,2,0,108,4,0,"Southern Only Presence","37.14-37.89",9
"Nemalion elminthoides",TRUE,FALSE,FALSE,0,242,2,0,103,5,0,"Southern Only Presence","37.14-37.89",9
"Neogastroclonium subarticulatum",TRUE,TRUE,TRUE,6,242,2,2,103,1776,18.1818181818182,"Continuous Presence","37.14-37.89",9
"Neoptilota/Ptilota spp",TRUE,FALSE,TRUE,0,242,2,0,103,293,0,"Avoidant","37.14-37.89",9
"Neorhodomela larix",TRUE,TRUE,TRUE,6,242,2,2,103,2604,18.1818181818182,"Continuous Presence","37.14-37.89",9
"Neorhodomela oregona",TRUE,TRUE,TRUE,2,242,2,1,103,392,9.09090909090909,"Continuous Presence","37.14-37.89",9
"Nereocystis luetkeana",TRUE,FALSE,TRUE,0,242,2,0,103,40,0,"Avoidant","37.14-37.89",9
"Nienburgia andersoniana",TRUE,FALSE,FALSE,0,242,2,0,103,135,0,"Southern Only Presence","37.14-37.89",9
"Non Coralline crust",TRUE,TRUE,TRUE,6,242,2,2,103,15090,18.1818181818182,"Continuous Presence","37.14-37.89",9
"Norrisia norrisii",TRUE,FALSE,FALSE,0,313,2,0,108,12,0,"Southern Only Presence","37.14-37.89",9
"Nucella canaliculata",TRUE,TRUE,TRUE,1,313,2,1,108,703,4.16666666666667,"Continuous Presence","37.14-37.89",9
"Nucella emarginata/ostrina",TRUE,TRUE,TRUE,8,313,2,2,108,10126,20.8333333333333,"Continuous Presence","37.14-37.89",9
"Nucella lamellosa",FALSE,FALSE,TRUE,0,313,2,0,108,2,0,"Northern Only Presence","37.14-37.89",9
"Nuttallina spp",TRUE,TRUE,TRUE,2,313,2,2,108,15520,8.33333333333333,"Continuous Presence","37.14-37.89",9
"Obelia spp",TRUE,FALSE,FALSE,0,242,2,0,103,2,0,"Southern Only Presence","37.14-37.89",9
"Odonthalia floccosa",TRUE,TRUE,TRUE,5,242,2,2,103,4729,13.6363636363636,"Continuous Presence","37.14-37.89",9
"Odonthalia washingtoniensis",FALSE,FALSE,TRUE,0,242,2,0,103,9,0,"Northern Only Presence","37.14-37.89",9
"Oedignathus inermis",FALSE,FALSE,TRUE,0,313,2,0,108,38,0,"Northern Only Presence","37.14-37.89",9
"Olivella biplicata",TRUE,FALSE,FALSE,0,313,2,0,108,5,0,"Southern Only Presence","37.14-37.89",9
"Onchidella borealis",TRUE,FALSE,TRUE,0,313,2,0,108,1477,0,"Avoidant","37.14-37.89",9
"Onchidoris bilamellata",FALSE,FALSE,FALSE,0,313,2,0,108,0,0,"Absent","37.14-37.89",9
"Opalia borealis",TRUE,FALSE,FALSE,0,313,2,0,108,3,0,"Southern Only Presence","37.14-37.89",9
"Opalia funiculata",TRUE,TRUE,FALSE,2,313,2,1,108,105,8.33333333333333,"Northern Range Edge","37.14-37.89",9
"Ophiuroid",TRUE,TRUE,TRUE,1,313,2,1,108,27,4.16666666666667,"Continuous Presence","37.14-37.89",9
"Ophlitaspongia pennata",TRUE,TRUE,TRUE,1,242,2,1,103,65,4.54545454545455,"Continuous Presence","37.14-37.89",9
"Opuntiella californica",FALSE,FALSE,FALSE,0,242,2,0,103,0,0,"Absent","37.14-37.89",9
"Oregonia gracilis",FALSE,FALSE,FALSE,0,313,2,0,108,0,0,"Absent","37.14-37.89",9
"Orienthella trilineata",TRUE,FALSE,TRUE,0,313,2,0,108,4,0,"Avoidant","37.14-37.89",9
"Osmundea sinicola",TRUE,FALSE,TRUE,0,242,2,0,103,244,0,"Avoidant","37.14-37.89",9
"Osmundea spectabilis",TRUE,TRUE,TRUE,5,242,2,2,103,465,13.6363636363636,"Continuous Presence","37.14-37.89",9
"Osmundea splendens",TRUE,FALSE,FALSE,0,242,2,0,103,7,0,"Southern Only Presence","37.14-37.89",9
"Pachycheles spp",TRUE,FALSE,TRUE,0,313,2,0,108,116,0,"Avoidant","37.14-37.89",9
"Pachygrapsus crassipes",TRUE,TRUE,TRUE,8,313,2,2,108,4995,25,"Continuous Presence","37.14-37.89",9
"Paciocinebrina circumtexta",TRUE,TRUE,TRUE,5,313,2,1,108,445,20.8333333333333,"Continuous Presence","37.14-37.89",9
"Paciocinebrina interfossa",TRUE,TRUE,TRUE,3,313,2,1,108,74,12.5,"Continuous Presence","37.14-37.89",9
"Paciocinebrina lurida",TRUE,TRUE,TRUE,1,313,2,1,108,12,4.16666666666667,"Continuous Presence","37.14-37.89",9
"Padina spp",FALSE,FALSE,FALSE,0,242,2,0,103,0,0,"Absent","37.14-37.89",9
"Pagurus beringanus",FALSE,TRUE,TRUE,1,313,2,1,108,13,4.16666666666667,"Southern Range Edge","37.14-37.89",9
"Pagurus caurinus",FALSE,FALSE,TRUE,0,313,2,0,108,2,0,"Northern Only Presence","37.14-37.89",9
"Pagurus granosimanus",TRUE,TRUE,TRUE,8,313,2,2,108,620,25,"Continuous Presence","37.14-37.89",9
"Pagurus hemphilli",TRUE,FALSE,TRUE,0,313,2,0,108,7,0,"Avoidant","37.14-37.89",9
"Pagurus hirsutiusculus",TRUE,TRUE,TRUE,9,313,2,2,108,5489,25,"Continuous Presence","37.14-37.89",9
"Pagurus samuelis",TRUE,TRUE,TRUE,9,313,2,2,108,4232,25,"Continuous Presence","37.14-37.89",9
"Palmaria callophylloides",FALSE,FALSE,FALSE,0,242,2,0,103,0,0,"Absent","37.14-37.89",9
"Palmaria hecatensis",FALSE,FALSE,FALSE,0,242,2,0,103,0,0,"Absent","37.14-37.89",9
"Palmaria mollis",TRUE,FALSE,FALSE,0,242,2,0,103,53,0,"Southern Only Presence","37.14-37.89",9
"Palmaria palmata",FALSE,FALSE,FALSE,0,242,2,0,103,0,0,"Absent","37.14-37.89",9
"Panulirus interruptus",FALSE,FALSE,FALSE,0,391,2,0,108,0,0,"Absent","37.14-37.89",9
"Paraxanthias taylori",TRUE,FALSE,FALSE,0,313,2,0,108,4,0,"Southern Only Presence","37.14-37.89",9
"Patiria miniata",TRUE,TRUE,TRUE,10,391,2,2,108,882,34.7826086956522,"Continuous Presence","37.14-37.89",9
"Peltodoris nobilis",TRUE,FALSE,TRUE,0,313,2,0,108,17,0,"Avoidant","37.14-37.89",9
"Pelvetiopsis arborescens/hybrida/limitata",TRUE,TRUE,TRUE,6,242,2,2,103,3166,18.1818181818182,"Continuous Presence","37.14-37.89",9
"Pelvetiopsis californica",TRUE,FALSE,FALSE,0,242,2,0,103,351,0,"Southern Only Presence","37.14-37.89",9
"Petaloconchus montereyensis",FALSE,FALSE,TRUE,0,242,2,0,103,1,0,"Northern Only Presence","37.14-37.89",9
"Petrolisthes spp",TRUE,FALSE,TRUE,0,313,2,0,108,229,0,"Avoidant","37.14-37.89",9
"Petrospongium rugosum",TRUE,TRUE,TRUE,1,242,2,1,103,420,4.54545454545455,"Continuous Presence","37.14-37.89",9
"Phragmatopoma/Sabellaria spp",TRUE,TRUE,TRUE,4,242,2,2,103,3827,18.1818181818182,"Continuous Presence","37.14-37.89",9
"Phyllospadix scouleri/serrulatus",TRUE,TRUE,TRUE,6,242,2,2,103,5564,18.1818181818182,"Continuous Presence","37.14-37.89",9
"Phyllospadix torreyi",TRUE,TRUE,TRUE,4,242,2,2,103,9543,9.09090909090909,"Continuous Presence","37.14-37.89",9
"Pilayella littoralis",FALSE,FALSE,FALSE,0,242,2,0,103,0,0,"Absent","37.14-37.89",9
"Pisaster giganteus",TRUE,TRUE,TRUE,2,391,2,2,108,46,8.69565217391304,"Continuous Presence","37.14-37.89",9
"Pisaster ochraceus",TRUE,TRUE,TRUE,11,391,2,2,108,39106,34.7826086956522,"Continuous Presence","37.14-37.89",9
"Pista spp",TRUE,FALSE,TRUE,0,242,2,0,103,109,0,"Avoidant","37.14-37.89",9
"Placiphorella velata",TRUE,FALSE,TRUE,0,313,2,0,108,6,0,"Avoidant","37.14-37.89",9
"Pleonosporium spp",FALSE,FALSE,FALSE,0,242,2,0,103,0,0,"Absent","37.14-37.89",9
"Plocamium oregonum",FALSE,FALSE,TRUE,0,242,2,0,103,2,0,"Northern Only Presence","37.14-37.89",9
"Plocamium pacificum",TRUE,TRUE,TRUE,2,242,2,2,103,828,9.09090909090909,"Continuous Presence","37.14-37.89",9
"Plocamium violaceum",TRUE,TRUE,TRUE,2,242,2,2,103,165,9.09090909090909,"Continuous Presence","37.14-37.89",9
"Pododesmus macrochisma",FALSE,FALSE,FALSE,0,242,2,0,103,0,0,"Absent","37.14-37.89",9
"Pollicipes polymerus",TRUE,TRUE,TRUE,5,242,2,2,103,1847,13.6363636363636,"Continuous Presence","37.14-37.89",9
"Polyneura latissima",TRUE,FALSE,TRUE,0,242,2,0,103,26,0,"Avoidant","37.14-37.89",9
"Polysiphonia spp",TRUE,TRUE,TRUE,1,242,2,1,103,942,4.54545454545455,"Continuous Presence","37.14-37.89",9
"Potamilla occelata",TRUE,FALSE,FALSE,0,242,2,0,103,1,0,"Southern Only Presence","37.14-37.89",9
"Primavelans insculpta",FALSE,FALSE,FALSE,0,242,2,0,103,0,0,"Absent","37.14-37.89",9
"Prionitis filiformis",FALSE,FALSE,TRUE,0,242,2,0,103,2,0,"Northern Only Presence","37.14-37.89",9
"Prionitis lanceolata",TRUE,TRUE,TRUE,6,242,2,2,103,2212,18.1818181818182,"Continuous Presence","37.14-37.89",9
"Prionitis linearis",TRUE,FALSE,TRUE,0,242,2,0,103,8,0,"Avoidant","37.14-37.89",9
"Prionitis sternbergii",TRUE,TRUE,TRUE,3,242,2,1,103,237,13.6363636363636,"Continuous Presence","37.14-37.89",9
"Pseudochama exogyra",TRUE,FALSE,FALSE,0,242,2,0,103,278,0,"Southern Only Presence","37.14-37.89",9
"Pseudolithoderma nigrum",TRUE,FALSE,TRUE,0,242,2,0,103,607,0,"Avoidant","37.14-37.89",9
"Pseudomelatoma penicillata",TRUE,FALSE,FALSE,0,313,2,0,108,4,0,"Southern Only Presence","37.14-37.89",9
"Pseudomelatoma torosa",TRUE,FALSE,TRUE,0,313,2,0,108,16,0,"Avoidant","37.14-37.89",9
"Pseudopusula californiana",TRUE,FALSE,FALSE,0,313,2,0,108,1,0,"Southern Only Presence","37.14-37.89",9
"Pterocladiella capillacea",TRUE,TRUE,FALSE,2,242,2,1,103,1208,9.09090909090909,"Northern Range Edge","37.14-37.89",9
"Pterocladiella media",TRUE,TRUE,FALSE,1,242,2,1,103,21,4.54545454545455,"Northern Range Edge","37.14-37.89",9
"Pteropurpura trialata",TRUE,FALSE,FALSE,0,313,2,0,108,2,0,"Southern Only Presence","37.14-37.89",9
"Pterygophora californica",TRUE,FALSE,TRUE,0,242,2,0,103,26,0,"Avoidant","37.14-37.89",9
"Pugettia foliata",FALSE,FALSE,FALSE,0,313,2,0,108,0,0,"Absent","37.14-37.89",9
"Pugettia gracilis/richii",TRUE,TRUE,TRUE,2,313,2,2,108,97,8.33333333333333,"Continuous Presence","37.14-37.89",9
"Pugettia producta",TRUE,TRUE,TRUE,9,313,2,2,108,541,25,"Continuous Presence","37.14-37.89",9
"Pycnogonida",TRUE,FALSE,TRUE,0,313,2,0,108,22,0,"Avoidant","37.14-37.89",9
"Pycnopodia helianthoides",TRUE,TRUE,TRUE,2,391,2,1,108,81,8.69565217391304,"Continuous Presence","37.14-37.89",9
"Pyropia spp",TRUE,TRUE,TRUE,5,242,2,2,103,1718,13.6363636363636,"Continuous Presence","37.14-37.89",9
"Rhodymenia californica",TRUE,FALSE,TRUE,0,242,2,0,103,50,0,"Avoidant","37.14-37.89",9
"Rhodymenia pacifica",TRUE,FALSE,TRUE,0,242,2,0,103,44,0,"Avoidant","37.14-37.89",9
"Roperia poulsoni",TRUE,FALSE,FALSE,0,313,2,0,108,106,0,"Southern Only Presence","37.14-37.89",9
"Saccharina latissima",FALSE,FALSE,FALSE,0,242,2,0,103,0,0,"Absent","37.14-37.89",9
"Sarcodiotheca gaudichaudii",TRUE,TRUE,TRUE,2,242,2,1,103,94,9.09090909090909,"Continuous Presence","37.14-37.89",9
"Sargassum agardhianum",TRUE,FALSE,FALSE,0,242,2,0,103,12,0,"Southern Only Presence","37.14-37.89",9
"Sargassum horneri",TRUE,FALSE,FALSE,0,242,2,0,103,6,0,"Southern Only Presence","37.14-37.89",9
"Sargassum muticum",TRUE,FALSE,FALSE,0,242,2,0,103,1200,0,"Southern Only Presence","37.14-37.89",9
"Sargassum palmeri",FALSE,FALSE,FALSE,0,242,2,0,103,0,0,"Absent","37.14-37.89",9
"Savoiea bipinnata",TRUE,TRUE,TRUE,3,242,2,2,103,358,9.09090909090909,"Continuous Presence","37.14-37.89",9
"Schizoporella unicornis",FALSE,FALSE,FALSE,0,242,2,0,103,0,0,"Absent","37.14-37.89",9
"Semibalanus cariosus",TRUE,FALSE,TRUE,0,242,2,0,103,508,0,"Avoidant","37.14-37.89",9
"Serpula vermicularis",TRUE,FALSE,TRUE,0,242,2,0,103,15,0,"Avoidant","37.14-37.89",9
"Sertularella/Sertularia spp",TRUE,FALSE,TRUE,0,242,2,0,103,4,0,"Avoidant","37.14-37.89",9
"Silvetia compressa",TRUE,TRUE,TRUE,2,242,2,1,103,6522,9.09090909090909,"Continuous Presence","37.14-37.89",9
"Siphonaria brannani",FALSE,FALSE,FALSE,0,313,2,0,108,0,0,"Absent","37.14-37.89",9
"Siphonaria thersites",FALSE,FALSE,FALSE,0,313,2,0,108,0,0,"Absent","37.14-37.89",9
"Sorella delicatula",FALSE,FALSE,FALSE,0,242,2,0,103,0,0,"Absent","37.14-37.89",9
"Sphacelaria californica",TRUE,FALSE,FALSE,0,242,2,0,103,12,0,"Southern Only Presence","37.14-37.89",9
"Spirobranchus spinosus",TRUE,FALSE,FALSE,0,242,2,0,103,2,0,"Southern Only Presence","37.14-37.89",9
"Spirorbis spp",TRUE,TRUE,TRUE,3,242,2,2,103,124,9.09090909090909,"Continuous Presence","37.14-37.89",9
"Spyridia filamentosa",TRUE,FALSE,FALSE,0,242,2,0,103,72,0,"Southern Only Presence","37.14-37.89",9
"Stenoplax conspicua",TRUE,FALSE,FALSE,0,313,2,0,108,34,0,"Southern Only Presence","37.14-37.89",9
"Stephanocystis dioica",TRUE,FALSE,TRUE,0,242,2,0,103,422,0,"Avoidant","37.14-37.89",9
"Stephanocystis osmundacea",TRUE,FALSE,TRUE,0,242,2,0,103,428,0,"Avoidant","37.14-37.89",9
"Strongylocentrotus droebachiensis",FALSE,FALSE,FALSE,0,313,2,0,108,0,0,"Absent","37.14-37.89",9
"Strongylocentrotus franciscanus",TRUE,FALSE,TRUE,0,313,2,0,108,25,0,"Avoidant","37.14-37.89",9
"Strongylocentrotus purpuratus",TRUE,TRUE,TRUE,7,313,2,2,108,11680,20.8333333333333,"Continuous Presence","37.14-37.89",9
"Styela montereyensis",TRUE,FALSE,TRUE,0,242,2,0,103,6,0,"Avoidant","37.14-37.89",9
"Symphyocladia dendroidea/Xiphosiphonia pennata",TRUE,TRUE,TRUE,3,242,2,2,103,343,9.09090909090909,"Continuous Presence","37.14-37.89",9
"Symphyocladiella baileyi",TRUE,FALSE,FALSE,0,242,2,0,103,48,0,"Southern Only Presence","37.14-37.89",9
"Taonia lennebackerae",TRUE,FALSE,FALSE,0,242,2,0,103,20,0,"Southern Only Presence","37.14-37.89",9
"Tectura paleacea",TRUE,FALSE,TRUE,0,313,2,0,108,202,0,"Avoidant","37.14-37.89",9
"Tegula aureotincta",TRUE,FALSE,FALSE,0,313,2,0,108,178,0,"Southern Only Presence","37.14-37.89",9
"Tegula brunnea",TRUE,TRUE,TRUE,8,313,2,2,108,1356,20.8333333333333,"Continuous Presence","37.14-37.89",9
"Tegula eiseni",TRUE,FALSE,FALSE,0,313,2,0,108,1955,0,"Southern Only Presence","37.14-37.89",9
"Tegula funebralis/gallina",TRUE,TRUE,TRUE,9,313,2,2,108,83091,25,"Continuous Presence","37.14-37.89",9
"Tegula pulligo",FALSE,FALSE,FALSE,0,313,2,0,108,0,0,"Absent","37.14-37.89",9
"Tetraclita squamosa",TRUE,TRUE,TRUE,1,242,2,1,103,1055,4.54545454545455,"Continuous Presence","37.14-37.89",9
"Thylacodes squamigerus",TRUE,TRUE,FALSE,1,242,2,1,103,152,4.54545454545455,"Northern Range Edge","37.14-37.89",9
"Tiffaniella snyderae",TRUE,FALSE,TRUE,0,242,2,0,103,206,0,"Avoidant","37.14-37.89",9
"Tonicella spp",TRUE,TRUE,TRUE,4,313,2,2,108,905,12.5,"Continuous Presence","37.14-37.89",9
"Trichotropis cancellata",FALSE,FALSE,FALSE,0,313,2,0,108,0,0,"Absent","37.14-37.89",9
"Ulothrix spp",TRUE,FALSE,TRUE,0,242,2,0,103,15,0,"Avoidant","37.14-37.89",9
"Ulvophyceae",TRUE,FALSE,TRUE,0,242,2,0,103,5252,0,"Avoidant","37.14-37.89",9
"Urosalpinx subangulata",TRUE,TRUE,FALSE,1,313,2,1,108,15,4.16666666666667,"Northern Range Edge","37.14-37.89",9
"Urospora spp",TRUE,FALSE,FALSE,0,242,2,0,103,1,0,"Southern Only Presence","37.14-37.89",9
"Urticina coriacea",FALSE,FALSE,TRUE,0,242,2,0,103,7,0,"Northern Only Presence","37.14-37.89",9
"Verrucaria maura",FALSE,FALSE,FALSE,0,242,2,0,103,0,0,"Absent","37.14-37.89",9
"Xingyurella turgida",TRUE,FALSE,FALSE,0,242,2,0,103,1,0,"Southern Only Presence","37.14-37.89",9
"Zonaria farlowii",TRUE,FALSE,FALSE,0,242,2,0,103,81,0,"Southern Only Presence","37.14-37.89",9
"Zostera spp",FALSE,FALSE,FALSE,0,242,2,0,103,0,0,"Absent","37.14-37.89",9
"Abietinaria/Amphisbetia spp",TRUE,FALSE,TRUE,0,242,4,0,103,9,0,"Avoidant","37.89-38.13",10
"Acanthinucella paucilirata",TRUE,FALSE,FALSE,0,313,5,0,108,4,0,"Southern Only Presence","37.89-38.13",10
"Acanthinucella spp",TRUE,TRUE,TRUE,11,313,5,5,108,2214,29.1666666666667,"Continuous Presence","37.89-38.13",10
"Acmaea mitra",TRUE,FALSE,TRUE,0,313,5,0,108,141,0,"Avoidant","37.89-38.13",10
"Acrosiphonia/Cladophora spp",TRUE,TRUE,TRUE,1,242,4,1,103,175,4.54545454545455,"Continuous Presence","37.89-38.13",10
"Acrosorium ciliolatum",TRUE,FALSE,FALSE,0,242,4,0,103,143,0,"Southern Only Presence","37.89-38.13",10
"Aeolidia papillosa",TRUE,TRUE,FALSE,1,313,5,1,108,3,4.16666666666667,"Northern Range Edge","37.89-38.13",10
"Aglaophenia spp",TRUE,TRUE,TRUE,4,242,4,2,103,18,13.6363636363636,"Continuous Presence","37.89-38.13",10
"Ahnfeltia fastigiata",TRUE,TRUE,TRUE,1,242,4,1,103,117,4.54545454545455,"Continuous Presence","37.89-38.13",10
"Ahnfeltiopsis linearis",TRUE,TRUE,TRUE,2,242,4,1,103,56,9.09090909090909,"Continuous Presence","37.89-38.13",10
"Alaria marginata",TRUE,TRUE,TRUE,3,242,4,1,103,1018,13.6363636363636,"Continuous Presence","37.89-38.13",10
"Alia spp",TRUE,TRUE,TRUE,8,313,5,4,108,1445,25,"Continuous Presence","37.89-38.13",10
"Amphiroa beauvoisii",TRUE,FALSE,FALSE,0,242,4,0,103,2,0,"Southern Only Presence","37.89-38.13",10
"Amphissa columbiana",TRUE,FALSE,TRUE,0,313,5,0,108,31,0,"Avoidant","37.89-38.13",10
"Amphissa versicolor",TRUE,TRUE,TRUE,4,313,5,2,108,299,12.5,"Continuous Presence","37.89-38.13",10
"Analipus japonicus",TRUE,TRUE,TRUE,9,242,4,3,103,379,27.2727272727273,"Continuous Presence","37.89-38.13",10
"Anisocladella pacifica",TRUE,FALSE,FALSE,0,242,4,0,103,4,0,"Southern Only Presence","37.89-38.13",10
"Anthopleura artemisia",TRUE,FALSE,TRUE,0,242,4,0,103,3,0,"Avoidant","37.89-38.13",10
"Anthopleura elegantissima",TRUE,TRUE,TRUE,10,242,4,4,103,5148,27.2727272727273,"Continuous Presence","37.89-38.13",10
"Anthopleura sola",TRUE,TRUE,TRUE,7,242,4,2,103,2460,27.2727272727273,"Continuous Presence","37.89-38.13",10
"Anthopleura xanthogrammica",TRUE,TRUE,TRUE,9,242,4,3,103,791,27.2727272727273,"Continuous Presence","37.89-38.13",10
"Antithamnionella spp",FALSE,FALSE,FALSE,0,242,4,0,103,0,0,"Absent","37.89-38.13",10
"Aplidium spp",TRUE,FALSE,TRUE,0,242,4,0,103,73,0,"Avoidant","37.89-38.13",10
"Aplysia californica",TRUE,FALSE,FALSE,0,313,5,0,108,11,0,"Southern Only Presence","37.89-38.13",10
"Asparagopsis taxiformis",TRUE,FALSE,FALSE,0,242,4,0,103,97,0,"Southern Only Presence","37.89-38.13",10
"Atrimitra idae",FALSE,FALSE,FALSE,0,313,5,0,108,0,0,"Absent","37.89-38.13",10
"Balanus crenatus",FALSE,FALSE,TRUE,0,242,4,0,103,1,0,"Northern Only Presence","37.89-38.13",10
"Balanus glandula",TRUE,TRUE,TRUE,8,242,4,3,103,5046,22.7272727272727,"Continuous Presence","37.89-38.13",10
"Balanus glandula/Semibalanus balanoides",FALSE,FALSE,FALSE,0,242,4,0,103,0,0,"Absent","37.89-38.13",10
"Balanus nubilus",TRUE,FALSE,TRUE,0,242,4,0,103,6,0,"Avoidant","37.89-38.13",10
"Bangia spp",TRUE,TRUE,FALSE,1,242,4,1,103,63,4.54545454545455,"Northern Range Edge","37.89-38.13",10
"Besa leptophylla",TRUE,TRUE,FALSE,3,242,4,1,103,41,13.6363636363636,"Northern Range Edge","37.89-38.13",10
"Bittium eschrichtii",TRUE,TRUE,TRUE,6,313,5,3,108,898,16.6666666666667,"Continuous Presence","37.89-38.13",10
"Boring clam",TRUE,TRUE,TRUE,1,242,4,1,103,12,4.54545454545455,"Continuous Presence","37.89-38.13",10
"Bossiella spp",TRUE,TRUE,TRUE,6,242,4,3,103,1442,22.7272727272727,"Continuous Presence","37.89-38.13",10
"Bryopsis spp",TRUE,FALSE,TRUE,0,242,4,0,103,12,0,"Avoidant","37.89-38.13",10
"Bugula neritina",TRUE,FALSE,FALSE,0,242,4,0,103,18,0,"Southern Only Presence","37.89-38.13",10
"Californiconus californicus",TRUE,TRUE,FALSE,1,313,5,1,108,217,4.16666666666667,"Northern Range Edge","37.89-38.13",10
"Calliarthron spp",TRUE,TRUE,TRUE,5,242,4,3,103,1229,18.1818181818182,"Continuous Presence","37.89-38.13",10
"Calliostoma annulatum",TRUE,FALSE,FALSE,0,313,5,0,108,5,0,"Southern Only Presence","37.89-38.13",10
"Calliostoma canaliculatum",TRUE,FALSE,FALSE,0,313,5,0,108,25,0,"Southern Only Presence","37.89-38.13",10
"Calliostoma ligatum",TRUE,FALSE,TRUE,0,313,5,0,108,90,0,"Avoidant","37.89-38.13",10
"Calliostoma supragranosum",TRUE,FALSE,FALSE,0,313,5,0,108,1,0,"Southern Only Presence","37.89-38.13",10
"Callithamnion pikeanum",TRUE,TRUE,TRUE,6,242,4,3,103,330,27.2727272727273,"Continuous Presence","37.89-38.13",10
"Callithamnion rupicola",TRUE,FALSE,FALSE,0,242,4,0,103,2,0,"Southern Only Presence","37.89-38.13",10
"Callophyllis spp",TRUE,TRUE,TRUE,2,242,4,2,103,68,9.09090909090909,"Continuous Presence","37.89-38.13",10
"Cancer antennaria",TRUE,TRUE,TRUE,2,313,5,1,108,55,8.33333333333333,"Continuous Presence","37.89-38.13",10
"Cancer oregonensis",TRUE,FALSE,TRUE,0,313,5,0,108,3,0,"Avoidant","37.89-38.13",10
"Cancer productus",FALSE,FALSE,TRUE,0,313,5,0,108,1,0,"Northern Only Presence","37.89-38.13",10
"Carpopeltis bushiae",FALSE,FALSE,FALSE,0,242,4,0,103,0,0,"Absent","37.89-38.13",10
"Caulacanthus okamurae",TRUE,TRUE,TRUE,1,242,4,1,103,1831,4.54545454545455,"Continuous Presence","37.89-38.13",10
"Ceratostoma foliatum",TRUE,TRUE,FALSE,1,313,5,1,108,5,4.16666666666667,"Northern Range Edge","37.89-38.13",10
"Ceratostoma nuttalli",TRUE,TRUE,FALSE,2,313,5,1,108,46,8.33333333333333,"Northern Range Edge","37.89-38.13",10
"Cerithiopsis spp",TRUE,FALSE,FALSE,0,313,5,0,108,2,0,"Southern Only Presence","37.89-38.13",10
"Chaetomorpha spp",TRUE,FALSE,TRUE,0,242,4,0,103,148,0,"Avoidant","37.89-38.13",10
"Chondracanthus canaliculatus",TRUE,TRUE,TRUE,6,242,4,3,103,5926,22.7272727272727,"Continuous Presence","37.89-38.13",10
"Chondracanthus corymbiferus/exaspertata",TRUE,TRUE,TRUE,2,242,4,1,103,74,9.09090909090909,"Continuous Presence","37.89-38.13",10
"Chondracanthus harveyanus",TRUE,FALSE,FALSE,0,242,4,0,103,5,0,"Southern Only Presence","37.89-38.13",10
"Chondracanthus spinosus",TRUE,TRUE,TRUE,1,242,4,1,103,42,4.54545454545455,"Continuous Presence","37.89-38.13",10
"Chondria acrorhizophora",TRUE,FALSE,FALSE,0,242,4,0,103,21,0,"Southern Only Presence","37.89-38.13",10
"Chondria arcuata",TRUE,FALSE,FALSE,0,242,4,0,103,16,0,"Southern Only Presence","37.89-38.13",10
"Chondria dasyphylla",TRUE,FALSE,FALSE,0,242,4,0,103,16,0,"Southern Only Presence","37.89-38.13",10
"Chondria decipiens",TRUE,FALSE,FALSE,0,242,4,0,103,25,0,"Southern Only Presence","37.89-38.13",10
"Chondria nidifica",TRUE,FALSE,FALSE,0,242,4,0,103,157,0,"Southern Only Presence","37.89-38.13",10
"Chondria oppositiclada",TRUE,FALSE,FALSE,0,242,4,0,103,23,0,"Southern Only Presence","37.89-38.13",10
"Chone minuta",TRUE,FALSE,TRUE,0,242,4,0,103,88,0,"Avoidant","37.89-38.13",10
"Chthamalus dalli/fissus",TRUE,TRUE,TRUE,10,242,4,4,103,17343,27.2727272727273,"Continuous Presence","37.89-38.13",10
"Cirolana spp/Gnorimosphaeroma oregonense",TRUE,TRUE,TRUE,3,313,5,3,108,82,8.33333333333333,"Continuous Presence","37.89-38.13",10
"Cladophora columbiana",TRUE,TRUE,TRUE,8,242,4,4,103,1559,22.7272727272727,"Continuous Presence","37.89-38.13",10
"Cladophora graminea",TRUE,FALSE,FALSE,0,242,4,0,103,6,0,"Southern Only Presence","37.89-38.13",10
"Clavelina huntsmani",TRUE,FALSE,FALSE,0,242,4,0,103,4,0,"Southern Only Presence","37.89-38.13",10
"Codium fragile",TRUE,TRUE,TRUE,1,242,4,1,103,51,4.54545454545455,"Continuous Presence","37.89-38.13",10
"Codium setchellii",TRUE,TRUE,TRUE,1,242,4,1,103,19,4.54545454545455,"Continuous Presence","37.89-38.13",10
"Colonial diatom",TRUE,TRUE,TRUE,1,242,4,1,103,75,4.54545454545455,"Continuous Presence","37.89-38.13",10
"Colpomenia/Leathesia spp",TRUE,TRUE,TRUE,3,242,4,1,103,184,13.6363636363636,"Continuous Presence","37.89-38.13",10
"Constantinea simplex",TRUE,TRUE,TRUE,1,242,4,1,103,109,4.54545454545455,"Continuous Presence","37.89-38.13",10
"Corallina spp",TRUE,TRUE,TRUE,10,242,4,4,103,18213,27.2727272727273,"Continuous Presence","37.89-38.13",10
"Corynactis californica",FALSE,FALSE,FALSE,0,242,4,0,103,0,0,"Absent","37.89-38.13",10
"Costaria costata",FALSE,FALSE,TRUE,0,242,4,0,103,93,0,"Northern Only Presence","37.89-38.13",10
"Crangon spp",TRUE,FALSE,FALSE,0,313,5,0,108,10,0,"Southern Only Presence","37.89-38.13",10
"Crepipatella lingulata",TRUE,FALSE,TRUE,0,313,5,0,108,11,0,"Avoidant","37.89-38.13",10
"Cryptochiton stelleri",TRUE,FALSE,TRUE,0,391,5,0,108,236,0,"Avoidant","37.89-38.13",10
"Cryptolithodes sitchensis",TRUE,FALSE,FALSE,0,313,5,0,108,5,0,"Southern Only Presence","37.89-38.13",10
"Cryptopleura/Hymenena spp",TRUE,TRUE,TRUE,8,242,4,4,103,3622,22.7272727272727,"Continuous Presence","37.89-38.13",10
"Cryptosiphonia woodii",TRUE,TRUE,TRUE,9,242,4,4,103,922,22.7272727272727,"Continuous Presence","37.89-38.13",10
"Cucumaria miniata",FALSE,FALSE,FALSE,0,313,5,0,108,0,0,"Absent","37.89-38.13",10
"Cucumaria/Pseudocnus spp",TRUE,FALSE,TRUE,0,313,5,0,108,573,0,"Avoidant","37.89-38.13",10
"Cumagloia andersonii",TRUE,FALSE,TRUE,0,242,4,0,103,25,0,"Avoidant","37.89-38.13",10
"Cyanoplax hartwegii",TRUE,TRUE,TRUE,5,313,5,4,108,1890,12.5,"Continuous Presence","37.89-38.13",10
"Cyanoplax spp",TRUE,TRUE,TRUE,15,313,5,5,108,1882,37.5,"Continuous Presence","37.89-38.13",10
"Dasya binghamiae",TRUE,FALSE,FALSE,0,242,4,0,103,18,0,"Southern Only Presence","37.89-38.13",10
"Dasysiphonia japonica",TRUE,FALSE,FALSE,0,242,4,0,103,1,0,"Southern Only Presence","37.89-38.13",10
"Delesseria decipiens",FALSE,FALSE,TRUE,0,242,4,0,103,5,0,"Northern Only Presence","37.89-38.13",10
"Dendrobeania lichenoides",FALSE,FALSE,FALSE,0,242,4,0,103,0,0,"Absent","37.89-38.13",10
"Dendronotus subramosus",TRUE,FALSE,FALSE,0,313,5,0,108,1,0,"Southern Only Presence","37.89-38.13",10
"Dendropoma lituella",FALSE,FALSE,FALSE,0,242,4,0,103,0,0,"Absent","37.89-38.13",10
"Derbesia marina",TRUE,FALSE,TRUE,0,242,4,0,103,12,0,"Avoidant","37.89-38.13",10
"Dermasterias imbricata",TRUE,TRUE,TRUE,1,391,5,1,108,683,4.34782608695652,"Continuous Presence","37.89-38.13",10
"Desmarestia ligulata",TRUE,TRUE,TRUE,2,242,4,2,103,121,4.54545454545455,"Continuous Presence","37.89-38.13",10
"Diaperoecia californica",FALSE,FALSE,FALSE,0,242,4,0,103,0,0,"Absent","37.89-38.13",10
"Diaulula sandiegensis",TRUE,FALSE,TRUE,0,313,5,0,108,12,0,"Avoidant","37.89-38.13",10
"Dictyoneurum californicum",TRUE,FALSE,TRUE,0,242,4,0,103,12,0,"Avoidant","37.89-38.13",10
"Dictyopteris undulata",TRUE,FALSE,FALSE,0,242,4,0,103,22,0,"Southern Only Presence","37.89-38.13",10
"Dictyota binghamiae",TRUE,FALSE,FALSE,0,242,4,0,103,4,0,"Southern Only Presence","37.89-38.13",10
"Dictyota coriacea",TRUE,FALSE,FALSE,0,242,4,0,103,138,0,"Southern Only Presence","37.89-38.13",10
"Dilsea californica",TRUE,TRUE,TRUE,5,242,4,2,103,447,18.1818181818182,"Continuous Presence","37.89-38.13",10
"Diodora aspera",TRUE,FALSE,TRUE,0,313,5,0,108,11,0,"Avoidant","37.89-38.13",10
"Dirona albolineata",FALSE,TRUE,TRUE,1,313,5,1,108,2,4.16666666666667,"Southern Range Edge","37.89-38.13",10
"Discurria insessa",TRUE,FALSE,TRUE,0,313,5,0,108,120,0,"Avoidant","37.89-38.13",10
"Distaplia occidentalis",TRUE,FALSE,TRUE,0,242,4,0,103,9,0,"Avoidant","37.89-38.13",10
"Dodecaceria spp",TRUE,FALSE,TRUE,0,242,4,0,103,239,0,"Avoidant","37.89-38.13",10
"Doris montereyensis",TRUE,FALSE,TRUE,0,313,5,0,108,3,0,"Avoidant","37.89-38.13",10
"Ectocarpus spp",TRUE,FALSE,FALSE,0,242,4,0,103,2,0,"Southern Only Presence","37.89-38.13",10
"Egregia menziesii",TRUE,TRUE,TRUE,6,242,4,3,103,5494,22.7272727272727,"Continuous Presence","37.89-38.13",10
"Eisenia arborea",TRUE,FALSE,TRUE,0,242,4,0,103,141,0,"Avoidant","37.89-38.13",10
"Encrusting coralline",TRUE,TRUE,TRUE,10,242,4,4,103,8084,27.2727272727273,"Continuous Presence","37.89-38.13",10
"Endarachne/Petalonia/Phaeostrophion spp",TRUE,TRUE,TRUE,5,242,4,2,103,381,22.7272727272727,"Continuous Presence","37.89-38.13",10
"Endocladia muricata",TRUE,TRUE,TRUE,9,242,4,4,103,14318,22.7272727272727,"Continuous Presence","37.89-38.13",10
"Endoplura aurea",FALSE,FALSE,FALSE,0,242,4,0,103,0,0,"Absent","37.89-38.13",10
"Epiactis prolifera",TRUE,FALSE,TRUE,0,242,4,0,103,5,0,"Avoidant","37.89-38.13",10
"Epitonium tinctum",TRUE,TRUE,TRUE,4,313,5,2,108,388,16.6666666666667,"Continuous Presence","37.89-38.13",10
"Erythroglossum californicum",TRUE,FALSE,TRUE,0,242,4,0,103,48,0,"Avoidant","37.89-38.13",10
"Erythrophyllum delesserioides",TRUE,TRUE,TRUE,2,242,4,2,103,222,9.09090909090909,"Continuous Presence","37.89-38.13",10
"Eudendrium californicum",TRUE,FALSE,TRUE,0,242,4,0,103,2,0,"Avoidant","37.89-38.13",10
"Eudistoma psammion",TRUE,FALSE,FALSE,0,242,4,0,103,45,0,"Southern Only Presence","37.89-38.13",10
"Eudistoma ritteri",TRUE,FALSE,TRUE,0,242,4,0,103,4,0,"Avoidant","37.89-38.13",10
"Eudistylia polymorpha",FALSE,FALSE,FALSE,0,242,4,0,103,0,0,"Absent","37.89-38.13",10
"Eupentacta spp",FALSE,FALSE,TRUE,0,313,5,0,108,11,0,"Northern Only Presence","37.89-38.13",10
"Eurystomella bilabiata",TRUE,TRUE,TRUE,1,242,4,1,103,29,4.54545454545455,"Continuous Presence","37.89-38.13",10
"Evasterias troschelii",FALSE,FALSE,FALSE,0,391,5,0,108,0,0,"Absent","37.89-38.13",10
"Farlowia compressa",TRUE,TRUE,FALSE,2,242,4,1,103,3,9.09090909090909,"Northern Range Edge","37.89-38.13",10
"Farlowia mollis",TRUE,TRUE,FALSE,2,242,4,1,103,17,9.09090909090909,"Northern Range Edge","37.89-38.13",10
"Farlowia/Pikea spp",TRUE,TRUE,TRUE,3,242,4,2,103,93,9.09090909090909,"Continuous Presence","37.89-38.13",10
"Fissurella volcano",TRUE,FALSE,FALSE,0,313,5,0,108,4909,0,"Southern Only Presence","37.89-38.13",10
"Fissurellidea bimaculata",TRUE,FALSE,FALSE,0,313,5,0,108,5,0,"Southern Only Presence","37.89-38.13",10
"Flustrellidra corniculata",TRUE,TRUE,FALSE,2,242,4,1,103,4,9.09090909090909,"Northern Range Edge","37.89-38.13",10
"Fredericqia chiton",TRUE,FALSE,FALSE,0,242,4,0,103,1,0,"Southern Only Presence","37.89-38.13",10
"Fucus spp",TRUE,TRUE,TRUE,9,242,4,3,103,3137,27.2727272727273,"Continuous Presence","37.89-38.13",10
"Gastroclonium parvum",TRUE,FALSE,FALSE,0,242,4,0,103,162,0,"Southern Only Presence","37.89-38.13",10
"Gelidium purpurascens",TRUE,FALSE,FALSE,0,242,4,0,103,43,0,"Southern Only Presence","37.89-38.13",10
"Gelidium robustum",TRUE,FALSE,TRUE,0,242,4,0,103,128,0,"Avoidant","37.89-38.13",10
"Gelidium spp",TRUE,TRUE,TRUE,6,242,4,3,103,4262,22.7272727272727,"Continuous Presence","37.89-38.13",10
"Gloiopeltis furcata",TRUE,FALSE,TRUE,0,242,4,0,103,69,0,"Avoidant","37.89-38.13",10
"Gloiosiphonia californica",FALSE,FALSE,TRUE,0,242,4,0,103,4,0,"Northern Only Presence","37.89-38.13",10
"Gracilariopsis/Gracilaria spp",TRUE,FALSE,FALSE,0,242,4,0,103,423,0,"Southern Only Presence","37.89-38.13",10
"Grateloupia angusta",TRUE,FALSE,FALSE,0,242,4,0,103,2,0,"Southern Only Presence","37.89-38.13",10
"Grateloupia californica",TRUE,TRUE,TRUE,2,242,4,1,103,139,9.09090909090909,"Continuous Presence","37.89-38.13",10
"Grateloupia cornea",TRUE,FALSE,FALSE,0,242,4,0,103,4,0,"Southern Only Presence","37.89-38.13",10
"Halichondria panicea",TRUE,FALSE,TRUE,0,242,4,0,103,5,0,"Avoidant","37.89-38.13",10
"Halichondria spp",TRUE,FALSE,TRUE,0,242,4,0,103,57,0,"Avoidant","37.89-38.13",10
"Haliclona spp",TRUE,TRUE,TRUE,1,242,4,1,103,60,4.54545454545455,"Continuous Presence","37.89-38.13",10
"Halosaccion glandiforme",TRUE,TRUE,TRUE,2,242,4,1,103,769,9.09090909090909,"Continuous Presence","37.89-38.13",10
"Halymenia/Schizymenia spp",TRUE,TRUE,TRUE,3,242,4,2,103,221,9.09090909090909,"Continuous Presence","37.89-38.13",10
"Haminoea vesicula",TRUE,FALSE,FALSE,0,313,5,0,108,13,0,"Southern Only Presence","37.89-38.13",10
"Haminoea virescens",TRUE,FALSE,FALSE,0,313,5,0,108,12,0,"Southern Only Presence","37.89-38.13",10
"Hapalospongidion gelatinosum",FALSE,FALSE,FALSE,0,242,4,0,103,0,0,"Absent","37.89-38.13",10
"Haplogloia andersonii",TRUE,FALSE,TRUE,0,242,4,0,103,11,0,"Avoidant","37.89-38.13",10
"Hapterophycus canaliculatus",TRUE,FALSE,TRUE,0,242,4,0,103,93,0,"Avoidant","37.89-38.13",10
"Hedophyllum sessile",FALSE,FALSE,TRUE,0,242,4,0,103,720,0,"Northern Only Presence","37.89-38.13",10
"Heliaster kubiniji",FALSE,FALSE,FALSE,0,391,5,0,108,0,0,"Absent","37.89-38.13",10
"Hemigrapsus nudus",TRUE,TRUE,TRUE,1,313,5,1,108,66,4.16666666666667,"Continuous Presence","37.89-38.13",10
"Hemigrapsus oregonensis",FALSE,FALSE,TRUE,0,313,5,0,108,1,0,"Northern Only Presence","37.89-38.13",10
"Henricia spp",TRUE,TRUE,TRUE,1,391,5,1,108,446,4.34782608695652,"Continuous Presence","37.89-38.13",10
"Hermissenda crassicornis",TRUE,TRUE,TRUE,3,313,5,2,108,32,8.33333333333333,"Continuous Presence","37.89-38.13",10
"Herposiphonia littoralis",TRUE,FALSE,FALSE,0,242,4,0,103,9,0,"Southern Only Presence","37.89-38.13",10
"Herposiphonia plumula",FALSE,FALSE,FALSE,0,242,4,0,103,0,0,"Absent","37.89-38.13",10
"Herposiphonia verticillata",TRUE,FALSE,FALSE,0,242,4,0,103,15,0,"Southern Only Presence","37.89-38.13",10
"Homalopoma spp",TRUE,FALSE,TRUE,0,313,5,0,108,191,0,"Avoidant","37.89-38.13",10
"Hypnea johnstonii",TRUE,FALSE,FALSE,0,242,4,0,103,12,0,"Southern Only Presence","37.89-38.13",10
"Hypnea valentiae",TRUE,FALSE,FALSE,0,242,4,0,103,164,0,"Southern Only Presence","37.89-38.13",10
"Hypnea variabilis",TRUE,FALSE,FALSE,0,242,4,0,103,5,0,"Southern Only Presence","37.89-38.13",10
"Idotea spp",TRUE,TRUE,TRUE,13,313,5,5,108,837,33.3333333333333,"Continuous Presence","37.89-38.13",10
"Jania rosea",TRUE,FALSE,FALSE,0,242,4,0,103,88,0,"Southern Only Presence","37.89-38.13",10
"Jania tenella",TRUE,FALSE,FALSE,0,242,4,0,103,13,0,"Southern Only Presence","37.89-38.13",10
"Jania verrucosa",TRUE,FALSE,FALSE,0,242,4,0,103,531,0,"Southern Only Presence","37.89-38.13",10
"Johansenia macmillanii",TRUE,FALSE,TRUE,0,242,4,0,103,4,0,"Avoidant","37.89-38.13",10
"Katharina tunicata",TRUE,TRUE,TRUE,2,313,5,1,108,555,8.33333333333333,"Continuous Presence","37.89-38.13",10
"Kelletia kelletii",TRUE,FALSE,FALSE,0,313,5,0,108,9,0,"Southern Only Presence","37.89-38.13",10
"Lacuna spp",TRUE,TRUE,TRUE,11,313,5,4,108,18119,25,"Continuous Presence","37.89-38.13",10
"Laminaria ephemera",FALSE,FALSE,TRUE,0,242,4,0,103,4,0,"Northern Only Presence","37.89-38.13",10
"Laminaria farlowii",TRUE,FALSE,FALSE,0,242,4,0,103,1,0,"Southern Only Presence","37.89-38.13",10
"Laminaria setchellii",TRUE,TRUE,TRUE,4,242,4,1,103,553,18.1818181818182,"Continuous Presence","37.89-38.13",10
"Laminaria sinclairii",TRUE,TRUE,TRUE,5,242,4,2,103,252,18.1818181818182,"Continuous Presence","37.89-38.13",10
"Laurencia pacifica/masonii",TRUE,FALSE,FALSE,0,242,4,0,103,462,0,"Southern Only Presence","37.89-38.13",10
"Laurencia spp",TRUE,FALSE,FALSE,0,242,4,0,103,15,0,"Southern Only Presence","37.89-38.13",10
"Lepidozona spp",TRUE,TRUE,TRUE,5,313,5,2,108,127,16.6666666666667,"Continuous Presence","37.89-38.13",10
"Leptasterias spp",TRUE,TRUE,TRUE,10,313,5,5,108,1995,20.8333333333333,"Continuous Presence","37.89-38.13",10
"Lessoniopsis littoralis",TRUE,FALSE,TRUE,0,242,4,0,103,10,0,"Avoidant","37.89-38.13",10
"Ligia spp",TRUE,FALSE,TRUE,0,313,5,0,108,32,0,"Avoidant","37.89-38.13",10
"Limacia cockerelli",TRUE,FALSE,FALSE,0,313,5,0,108,2,0,"Southern Only Presence","37.89-38.13",10
"Linckia columbiae",FALSE,FALSE,FALSE,0,391,5,0,108,0,0,"Absent","37.89-38.13",10
"Lirabuccinum dirum",TRUE,TRUE,TRUE,7,313,5,3,108,133,20.8333333333333,"Continuous Presence","37.89-38.13",10
"Lirularia/Margarites spp",TRUE,TRUE,TRUE,2,313,5,2,108,396,4.16666666666667,"Continuous Presence","37.89-38.13",10
"Lithophyllum/Lithothamnion spp",TRUE,FALSE,TRUE,0,242,4,0,103,159,0,"Avoidant","37.89-38.13",10
"Lithothrix aspergillum",TRUE,FALSE,FALSE,0,242,4,0,103,1542,0,"Southern Only Presence","37.89-38.13",10
"Littorina spp.",TRUE,TRUE,TRUE,15,313,5,5,108,737668,37.5,"Continuous Presence","37.89-38.13",10
"Lomentaria hakodatensis",TRUE,FALSE,FALSE,0,242,4,0,103,250,0,"Southern Only Presence","37.89-38.13",10
"Lottia asmi",TRUE,TRUE,TRUE,2,313,5,2,108,357,8.33333333333333,"Continuous Presence","37.89-38.13",10
"Lottia austrodigitalis/digitalis",TRUE,TRUE,TRUE,15,313,5,5,108,70520,37.5,"Continuous Presence","37.89-38.13",10
"Lottia fenestrata",TRUE,FALSE,TRUE,0,313,5,0,108,1030,0,"Avoidant","37.89-38.13",10
"Lottia instabilis",TRUE,TRUE,TRUE,1,313,5,1,108,229,4.16666666666667,"Continuous Presence","37.89-38.13",10
"Lottia limatula",TRUE,TRUE,TRUE,2,313,5,2,108,3715,8.33333333333333,"Continuous Presence","37.89-38.13",10
"Lottia paradigitalis/strigatella",TRUE,TRUE,TRUE,15,313,5,5,108,87755,37.5,"Continuous Presence","37.89-38.13",10
"Lottia pelta",TRUE,TRUE,TRUE,15,313,5,5,108,14378,37.5,"Continuous Presence","37.89-38.13",10
"Lottia persona",TRUE,FALSE,TRUE,0,313,5,0,108,82,0,"Avoidant","37.89-38.13",10
"Lottia polyfacies",TRUE,FALSE,FALSE,0,313,5,0,108,37,0,"Southern Only Presence","37.89-38.13",10
"Lottia scabra/conus",TRUE,TRUE,TRUE,15,313,5,5,108,120485,37.5,"Continuous Presence","37.89-38.13",10
"Lottia scutum",TRUE,TRUE,TRUE,9,313,5,5,108,2814,25,"Continuous Presence","37.89-38.13",10
"Macrocystis pyrifera",TRUE,FALSE,FALSE,0,242,4,0,103,74,0,"Southern Only Presence","37.89-38.13",10
"Macron lividus",TRUE,FALSE,FALSE,0,313,5,0,108,145,0,"Southern Only Presence","37.89-38.13",10
"Mastocarpus spp",TRUE,TRUE,TRUE,10,242,4,4,103,12690,27.2727272727273,"Continuous Presence","37.89-38.13",10
"Maxwellia gemma",TRUE,FALSE,FALSE,0,313,5,0,108,5,0,"Southern Only Presence","37.89-38.13",10
"Mazzaella affinis",TRUE,TRUE,TRUE,5,242,4,3,103,821,18.1818181818182,"Continuous Presence","37.89-38.13",10
"Mazzaella flaccida/oregona/splendens",TRUE,TRUE,TRUE,10,242,4,4,103,11621,27.2727272727273,"Continuous Presence","37.89-38.13",10
"Mazzaella leptorhynchos",TRUE,FALSE,FALSE,0,242,4,0,103,455,0,"Southern Only Presence","37.89-38.13",10
"Mazzaella linearis",TRUE,TRUE,TRUE,2,242,4,1,103,87,9.09090909090909,"Continuous Presence","37.89-38.13",10
"Mazzaella parksii",FALSE,TRUE,TRUE,2,242,4,2,103,115,9.09090909090909,"Southern Range Edge","37.89-38.13",10
"Mazzaella phyllocarpa",FALSE,FALSE,FALSE,0,242,4,0,103,0,0,"Absent","37.89-38.13",10
"Mazzaella volans",TRUE,FALSE,FALSE,0,242,4,0,103,23,0,"Southern Only Presence","37.89-38.13",10
"Megabalanus californicus",TRUE,FALSE,TRUE,0,242,4,0,103,3,0,"Avoidant","37.89-38.13",10
"Megastraea undosa",TRUE,FALSE,FALSE,0,313,5,0,108,10,0,"Southern Only Presence","37.89-38.13",10
"Melanosiphon/Scytosiphon spp",TRUE,TRUE,TRUE,1,242,4,1,103,208,4.54545454545455,"Continuous Presence","37.89-38.13",10
"Membranipora spp",TRUE,FALSE,FALSE,0,242,4,0,103,5,0,"Southern Only Presence","37.89-38.13",10
"Metridium senile",FALSE,FALSE,FALSE,0,242,4,0,103,0,0,"Absent","37.89-38.13",10
"Mexacanthina lugubris",TRUE,FALSE,FALSE,0,313,5,0,108,253,0,"Southern Only Presence","37.89-38.13",10
"Microcladia borealis",TRUE,TRUE,TRUE,6,242,4,3,103,835,18.1818181818182,"Continuous Presence","37.89-38.13",10
"Microcladia coulteri",TRUE,TRUE,TRUE,1,242,4,1,103,18,4.54545454545455,"Continuous Presence","37.89-38.13",10
"Mopalia spp",TRUE,TRUE,TRUE,14,313,5,5,108,1201,37.5,"Continuous Presence","37.89-38.13",10
"Mytilisepta/Brachidontes spp",TRUE,FALSE,FALSE,0,242,4,0,103,243,0,"Southern Only Presence","37.89-38.13",10
"Mytilus californianus",TRUE,TRUE,TRUE,9,242,4,3,103,25035,27.2727272727273,"Continuous Presence","37.89-38.13",10
"Mytilus trossulus/galloprovincialis/edulis",TRUE,FALSE,TRUE,0,242,4,0,103,126,0,"Avoidant","37.89-38.13",10
"Navanax inermis",TRUE,FALSE,FALSE,0,313,5,0,108,4,0,"Southern Only Presence","37.89-38.13",10
"Nemalion elminthoides",TRUE,FALSE,FALSE,0,242,4,0,103,5,0,"Southern Only Presence","37.89-38.13",10
"Neogastroclonium subarticulatum",TRUE,TRUE,TRUE,6,242,4,3,103,1776,22.7272727272727,"Continuous Presence","37.89-38.13",10
"Neoptilota/Ptilota spp",TRUE,FALSE,TRUE,0,242,4,0,103,293,0,"Avoidant","37.89-38.13",10
"Neorhodomela larix",TRUE,TRUE,TRUE,9,242,4,3,103,2604,27.2727272727273,"Continuous Presence","37.89-38.13",10
"Neorhodomela oregona",TRUE,TRUE,TRUE,3,242,4,2,103,392,13.6363636363636,"Continuous Presence","37.89-38.13",10
"Nereocystis luetkeana",TRUE,TRUE,TRUE,1,242,4,1,103,40,4.54545454545455,"Continuous Presence","37.89-38.13",10
"Nienburgia andersoniana",TRUE,FALSE,FALSE,0,242,4,0,103,135,0,"Southern Only Presence","37.89-38.13",10
"Non Coralline crust",TRUE,TRUE,TRUE,10,242,4,4,103,15090,27.2727272727273,"Continuous Presence","37.89-38.13",10
"Norrisia norrisii",TRUE,FALSE,FALSE,0,313,5,0,108,12,0,"Southern Only Presence","37.89-38.13",10
"Nucella canaliculata",TRUE,TRUE,TRUE,5,313,5,2,108,703,20.8333333333333,"Continuous Presence","37.89-38.13",10
"Nucella emarginata/ostrina",TRUE,TRUE,TRUE,15,313,5,5,108,10126,37.5,"Continuous Presence","37.89-38.13",10
"Nucella lamellosa",FALSE,FALSE,TRUE,0,313,5,0,108,2,0,"Northern Only Presence","37.89-38.13",10
"Nuttallina spp",TRUE,TRUE,TRUE,3,313,5,3,108,15520,12.5,"Continuous Presence","37.89-38.13",10
"Obelia spp",TRUE,FALSE,FALSE,0,242,4,0,103,2,0,"Southern Only Presence","37.89-38.13",10
"Odonthalia floccosa",TRUE,TRUE,TRUE,10,242,4,4,103,4729,27.2727272727273,"Continuous Presence","37.89-38.13",10
"Odonthalia washingtoniensis",FALSE,FALSE,TRUE,0,242,4,0,103,9,0,"Northern Only Presence","37.89-38.13",10
"Oedignathus inermis",FALSE,FALSE,TRUE,0,313,5,0,108,38,0,"Northern Only Presence","37.89-38.13",10
"Olivella biplicata",TRUE,FALSE,FALSE,0,313,5,0,108,5,0,"Southern Only Presence","37.89-38.13",10
"Onchidella borealis",TRUE,FALSE,TRUE,0,313,5,0,108,1477,0,"Avoidant","37.89-38.13",10
"Onchidoris bilamellata",FALSE,FALSE,FALSE,0,313,5,0,108,0,0,"Absent","37.89-38.13",10
"Opalia borealis",TRUE,FALSE,FALSE,0,313,5,0,108,3,0,"Southern Only Presence","37.89-38.13",10
"Opalia funiculata",TRUE,FALSE,FALSE,0,313,5,0,108,105,0,"Southern Only Presence","37.89-38.13",10
"Ophiuroid",TRUE,FALSE,TRUE,0,313,5,0,108,27,0,"Avoidant","37.89-38.13",10
"Ophlitaspongia pennata",TRUE,TRUE,TRUE,1,242,4,1,103,65,4.54545454545455,"Continuous Presence","37.89-38.13",10
"Opuntiella californica",FALSE,FALSE,FALSE,0,242,4,0,103,0,0,"Absent","37.89-38.13",10
"Oregonia gracilis",FALSE,FALSE,FALSE,0,313,5,0,108,0,0,"Absent","37.89-38.13",10
"Orienthella trilineata",TRUE,FALSE,TRUE,0,313,5,0,108,4,0,"Avoidant","37.89-38.13",10
"Osmundea sinicola",TRUE,FALSE,TRUE,0,242,4,0,103,244,0,"Avoidant","37.89-38.13",10
"Osmundea spectabilis",TRUE,TRUE,TRUE,3,242,4,1,103,465,13.6363636363636,"Continuous Presence","37.89-38.13",10
"Osmundea splendens",TRUE,FALSE,FALSE,0,242,4,0,103,7,0,"Southern Only Presence","37.89-38.13",10
"Pachycheles spp",TRUE,TRUE,TRUE,5,313,5,2,108,116,20.8333333333333,"Continuous Presence","37.89-38.13",10
"Pachygrapsus crassipes",TRUE,TRUE,TRUE,14,313,5,4,108,4995,37.5,"Continuous Presence","37.89-38.13",10
"Paciocinebrina circumtexta",TRUE,TRUE,FALSE,2,313,5,2,108,445,8.33333333333333,"Northern Range Edge","37.89-38.13",10
"Paciocinebrina interfossa",TRUE,TRUE,TRUE,3,313,5,1,108,74,12.5,"Continuous Presence","37.89-38.13",10
"Paciocinebrina lurida",TRUE,TRUE,TRUE,1,313,5,1,108,12,4.16666666666667,"Continuous Presence","37.89-38.13",10
"Padina spp",FALSE,FALSE,FALSE,0,242,4,0,103,0,0,"Absent","37.89-38.13",10
"Pagurus beringanus",TRUE,FALSE,TRUE,0,313,5,0,108,13,0,"Avoidant","37.89-38.13",10
"Pagurus caurinus",FALSE,FALSE,TRUE,0,313,5,0,108,2,0,"Northern Only Presence","37.89-38.13",10
"Pagurus granosimanus",TRUE,TRUE,TRUE,6,313,5,3,108,620,20.8333333333333,"Continuous Presence","37.89-38.13",10
"Pagurus hemphilli",TRUE,FALSE,TRUE,0,313,5,0,108,7,0,"Avoidant","37.89-38.13",10
"Pagurus hirsutiusculus",TRUE,TRUE,TRUE,10,313,5,5,108,5489,29.1666666666667,"Continuous Presence","37.89-38.13",10
"Pagurus samuelis",TRUE,TRUE,TRUE,7,313,5,3,108,4232,20.8333333333333,"Continuous Presence","37.89-38.13",10
"Palmaria callophylloides",FALSE,FALSE,FALSE,0,242,4,0,103,0,0,"Absent","37.89-38.13",10
"Palmaria hecatensis",FALSE,FALSE,FALSE,0,242,4,0,103,0,0,"Absent","37.89-38.13",10
"Palmaria mollis",TRUE,FALSE,FALSE,0,242,4,0,103,53,0,"Southern Only Presence","37.89-38.13",10
"Palmaria palmata",FALSE,FALSE,FALSE,0,242,4,0,103,0,0,"Absent","37.89-38.13",10
"Panulirus interruptus",FALSE,FALSE,FALSE,0,391,5,0,108,0,0,"Absent","37.89-38.13",10
"Paraxanthias taylori",TRUE,FALSE,FALSE,0,313,5,0,108,4,0,"Southern Only Presence","37.89-38.13",10
"Patiria miniata",TRUE,TRUE,TRUE,1,391,5,1,108,882,4.34782608695652,"Continuous Presence","37.89-38.13",10
"Peltodoris nobilis",TRUE,TRUE,TRUE,1,313,5,1,108,17,4.16666666666667,"Continuous Presence","37.89-38.13",10
"Pelvetiopsis arborescens/hybrida/limitata",TRUE,TRUE,TRUE,6,242,4,3,103,3166,22.7272727272727,"Continuous Presence","37.89-38.13",10
"Pelvetiopsis californica",TRUE,FALSE,FALSE,0,242,4,0,103,351,0,"Southern Only Presence","37.89-38.13",10
"Petaloconchus montereyensis",FALSE,FALSE,TRUE,0,242,4,0,103,1,0,"Northern Only Presence","37.89-38.13",10
"Petrolisthes spp",TRUE,TRUE,TRUE,1,313,5,1,108,229,4.16666666666667,"Continuous Presence","37.89-38.13",10
"Petrospongium rugosum",TRUE,TRUE,TRUE,4,242,4,3,103,420,18.1818181818182,"Continuous Presence","37.89-38.13",10
"Phragmatopoma/Sabellaria spp",TRUE,TRUE,TRUE,4,242,4,2,103,3827,18.1818181818182,"Continuous Presence","37.89-38.13",10
"Phyllospadix scouleri/serrulatus",TRUE,TRUE,TRUE,6,242,4,3,103,5564,22.7272727272727,"Continuous Presence","37.89-38.13",10
"Phyllospadix torreyi",TRUE,TRUE,TRUE,5,242,4,2,103,9543,18.1818181818182,"Continuous Presence","37.89-38.13",10
"Pilayella littoralis",FALSE,FALSE,FALSE,0,242,4,0,103,0,0,"Absent","37.89-38.13",10
"Pisaster giganteus",TRUE,FALSE,TRUE,0,391,5,0,108,46,0,"Avoidant","37.89-38.13",10
"Pisaster ochraceus",TRUE,TRUE,TRUE,16,391,5,5,108,39106,43.4782608695652,"Continuous Presence","37.89-38.13",10
"Pista spp",TRUE,FALSE,TRUE,0,242,4,0,103,109,0,"Avoidant","37.89-38.13",10
"Placiphorella velata",TRUE,FALSE,TRUE,0,313,5,0,108,6,0,"Avoidant","37.89-38.13",10
"Pleonosporium spp",FALSE,FALSE,FALSE,0,242,4,0,103,0,0,"Absent","37.89-38.13",10
"Plocamium oregonum",FALSE,FALSE,TRUE,0,242,4,0,103,2,0,"Northern Only Presence","37.89-38.13",10
"Plocamium pacificum",TRUE,TRUE,TRUE,2,242,4,2,103,828,9.09090909090909,"Continuous Presence","37.89-38.13",10
"Plocamium violaceum",TRUE,TRUE,TRUE,2,242,4,2,103,165,9.09090909090909,"Continuous Presence","37.89-38.13",10
"Pododesmus macrochisma",FALSE,FALSE,FALSE,0,242,4,0,103,0,0,"Absent","37.89-38.13",10
"Pollicipes polymerus",TRUE,TRUE,TRUE,6,242,4,2,103,1847,18.1818181818182,"Continuous Presence","37.89-38.13",10
"Polyneura latissima",TRUE,TRUE,TRUE,2,242,4,1,103,26,9.09090909090909,"Continuous Presence","37.89-38.13",10
"Polysiphonia spp",TRUE,TRUE,TRUE,8,242,4,3,103,942,22.7272727272727,"Continuous Presence","37.89-38.13",10
"Potamilla occelata",TRUE,FALSE,FALSE,0,242,4,0,103,1,0,"Southern Only Presence","37.89-38.13",10
"Primavelans insculpta",FALSE,FALSE,FALSE,0,242,4,0,103,0,0,"Absent","37.89-38.13",10
"Prionitis filiformis",FALSE,FALSE,TRUE,0,242,4,0,103,2,0,"Northern Only Presence","37.89-38.13",10
"Prionitis lanceolata",TRUE,TRUE,TRUE,10,242,4,4,103,2212,27.2727272727273,"Continuous Presence","37.89-38.13",10
"Prionitis linearis",TRUE,FALSE,TRUE,0,242,4,0,103,8,0,"Avoidant","37.89-38.13",10
"Prionitis sternbergii",TRUE,TRUE,TRUE,5,242,4,2,103,237,18.1818181818182,"Continuous Presence","37.89-38.13",10
"Pseudochama exogyra",TRUE,FALSE,FALSE,0,242,4,0,103,278,0,"Southern Only Presence","37.89-38.13",10
"Pseudolithoderma nigrum",TRUE,FALSE,TRUE,0,242,4,0,103,607,0,"Avoidant","37.89-38.13",10
"Pseudomelatoma penicillata",TRUE,FALSE,FALSE,0,313,5,0,108,4,0,"Southern Only Presence","37.89-38.13",10
"Pseudomelatoma torosa",TRUE,FALSE,TRUE,0,313,5,0,108,16,0,"Avoidant","37.89-38.13",10
"Pseudopusula californiana",TRUE,FALSE,FALSE,0,313,5,0,108,1,0,"Southern Only Presence","37.89-38.13",10
"Pterocladiella capillacea",TRUE,FALSE,FALSE,0,242,4,0,103,1208,0,"Southern Only Presence","37.89-38.13",10
"Pterocladiella media",TRUE,FALSE,FALSE,0,242,4,0,103,21,0,"Southern Only Presence","37.89-38.13",10
"Pteropurpura trialata",TRUE,FALSE,FALSE,0,313,5,0,108,2,0,"Southern Only Presence","37.89-38.13",10
"Pterygophora californica",TRUE,TRUE,TRUE,1,242,4,1,103,26,4.54545454545455,"Continuous Presence","37.89-38.13",10
"Pugettia foliata",FALSE,FALSE,FALSE,0,313,5,0,108,0,0,"Absent","37.89-38.13",10
"Pugettia gracilis/richii",TRUE,TRUE,TRUE,4,313,5,3,108,97,16.6666666666667,"Continuous Presence","37.89-38.13",10
"Pugettia producta",TRUE,TRUE,TRUE,10,313,5,4,108,541,20.8333333333333,"Continuous Presence","37.89-38.13",10
"Pycnogonida",TRUE,TRUE,TRUE,3,313,5,2,108,22,8.33333333333333,"Continuous Presence","37.89-38.13",10
"Pycnopodia helianthoides",TRUE,FALSE,TRUE,0,391,5,0,108,81,0,"Avoidant","37.89-38.13",10
"Pyropia spp",TRUE,TRUE,TRUE,5,242,4,2,103,1718,18.1818181818182,"Continuous Presence","37.89-38.13",10
"Rhodymenia californica",TRUE,TRUE,TRUE,1,242,4,1,103,50,4.54545454545455,"Continuous Presence","37.89-38.13",10
"Rhodymenia pacifica",TRUE,FALSE,TRUE,0,242,4,0,103,44,0,"Avoidant","37.89-38.13",10
"Roperia poulsoni",TRUE,FALSE,FALSE,0,313,5,0,108,106,0,"Southern Only Presence","37.89-38.13",10
"Saccharina latissima",FALSE,FALSE,FALSE,0,242,4,0,103,0,0,"Absent","37.89-38.13",10
"Sarcodiotheca gaudichaudii",TRUE,TRUE,TRUE,1,242,4,1,103,94,4.54545454545455,"Continuous Presence","37.89-38.13",10
"Sargassum agardhianum",TRUE,FALSE,FALSE,0,242,4,0,103,12,0,"Southern Only Presence","37.89-38.13",10
"Sargassum horneri",TRUE,FALSE,FALSE,0,242,4,0,103,6,0,"Southern Only Presence","37.89-38.13",10
"Sargassum muticum",TRUE,FALSE,FALSE,0,242,4,0,103,1200,0,"Southern Only Presence","37.89-38.13",10
"Sargassum palmeri",FALSE,FALSE,FALSE,0,242,4,0,103,0,0,"Absent","37.89-38.13",10
"Savoiea bipinnata",TRUE,TRUE,TRUE,7,242,4,3,103,358,22.7272727272727,"Continuous Presence","37.89-38.13",10
"Schizoporella unicornis",FALSE,FALSE,FALSE,0,242,4,0,103,0,0,"Absent","37.89-38.13",10
"Semibalanus cariosus",TRUE,FALSE,TRUE,0,242,4,0,103,508,0,"Avoidant","37.89-38.13",10
"Serpula vermicularis",TRUE,FALSE,TRUE,0,242,4,0,103,15,0,"Avoidant","37.89-38.13",10
"Sertularella/Sertularia spp",TRUE,FALSE,TRUE,0,242,4,0,103,4,0,"Avoidant","37.89-38.13",10
"Silvetia compressa",TRUE,TRUE,TRUE,8,242,4,2,103,6522,27.2727272727273,"Continuous Presence","37.89-38.13",10
"Siphonaria brannani",FALSE,FALSE,FALSE,0,313,5,0,108,0,0,"Absent","37.89-38.13",10
"Siphonaria thersites",FALSE,FALSE,FALSE,0,313,5,0,108,0,0,"Absent","37.89-38.13",10
"Sorella delicatula",FALSE,FALSE,FALSE,0,242,4,0,103,0,0,"Absent","37.89-38.13",10
"Sphacelaria californica",TRUE,FALSE,FALSE,0,242,4,0,103,12,0,"Southern Only Presence","37.89-38.13",10
"Spirobranchus spinosus",TRUE,FALSE,FALSE,0,242,4,0,103,2,0,"Southern Only Presence","37.89-38.13",10
"Spirorbis spp",TRUE,FALSE,TRUE,0,242,4,0,103,124,0,"Avoidant","37.89-38.13",10
"Spyridia filamentosa",TRUE,FALSE,FALSE,0,242,4,0,103,72,0,"Southern Only Presence","37.89-38.13",10
"Stenoplax conspicua",TRUE,FALSE,FALSE,0,313,5,0,108,34,0,"Southern Only Presence","37.89-38.13",10
"Stephanocystis dioica",TRUE,FALSE,TRUE,0,242,4,0,103,422,0,"Avoidant","37.89-38.13",10
"Stephanocystis osmundacea",TRUE,TRUE,TRUE,1,242,4,1,103,428,4.54545454545455,"Continuous Presence","37.89-38.13",10
"Strongylocentrotus droebachiensis",FALSE,FALSE,FALSE,0,313,5,0,108,0,0,"Absent","37.89-38.13",10
"Strongylocentrotus franciscanus",TRUE,FALSE,TRUE,0,313,5,0,108,25,0,"Avoidant","37.89-38.13",10
"Strongylocentrotus purpuratus",TRUE,TRUE,TRUE,11,313,5,3,108,11680,29.1666666666667,"Continuous Presence","37.89-38.13",10
"Styela montereyensis",TRUE,FALSE,TRUE,0,242,4,0,103,6,0,"Avoidant","37.89-38.13",10
"Symphyocladia dendroidea/Xiphosiphonia pennata",TRUE,TRUE,TRUE,7,242,4,3,103,343,22.7272727272727,"Continuous Presence","37.89-38.13",10
"Symphyocladiella baileyi",TRUE,FALSE,FALSE,0,242,4,0,103,48,0,"Southern Only Presence","37.89-38.13",10
"Taonia lennebackerae",TRUE,FALSE,FALSE,0,242,4,0,103,20,0,"Southern Only Presence","37.89-38.13",10
"Tectura paleacea",TRUE,FALSE,TRUE,0,313,5,0,108,202,0,"Avoidant","37.89-38.13",10
"Tegula aureotincta",TRUE,FALSE,FALSE,0,313,5,0,108,178,0,"Southern Only Presence","37.89-38.13",10
"Tegula brunnea",TRUE,TRUE,TRUE,5,313,5,2,108,1356,16.6666666666667,"Continuous Presence","37.89-38.13",10
"Tegula eiseni",TRUE,FALSE,FALSE,0,313,5,0,108,1955,0,"Southern Only Presence","37.89-38.13",10
"Tegula funebralis/gallina",TRUE,TRUE,TRUE,14,313,5,5,108,83091,37.5,"Continuous Presence","37.89-38.13",10
"Tegula pulligo",FALSE,FALSE,FALSE,0,313,5,0,108,0,0,"Absent","37.89-38.13",10
"Tetraclita squamosa",TRUE,FALSE,TRUE,0,242,4,0,103,1055,0,"Avoidant","37.89-38.13",10
"Thylacodes squamigerus",TRUE,FALSE,FALSE,0,242,4,0,103,152,0,"Southern Only Presence","37.89-38.13",10
"Tiffaniella snyderae",TRUE,TRUE,TRUE,1,242,4,1,103,206,4.54545454545455,"Continuous Presence","37.89-38.13",10
"Tonicella spp",TRUE,TRUE,TRUE,9,313,5,3,108,905,29.1666666666667,"Continuous Presence","37.89-38.13",10
"Trichotropis cancellata",FALSE,FALSE,FALSE,0,313,5,0,108,0,0,"Absent","37.89-38.13",10
"Ulothrix spp",TRUE,FALSE,TRUE,0,242,4,0,103,15,0,"Avoidant","37.89-38.13",10
"Ulvophyceae",TRUE,TRUE,TRUE,6,242,4,3,103,5252,22.7272727272727,"Continuous Presence","37.89-38.13",10
"Urosalpinx subangulata",TRUE,FALSE,FALSE,0,313,5,0,108,15,0,"Southern Only Presence","37.89-38.13",10
"Urospora spp",TRUE,FALSE,FALSE,0,242,4,0,103,1,0,"Southern Only Presence","37.89-38.13",10
"Urticina coriacea",FALSE,FALSE,TRUE,0,242,4,0,103,7,0,"Northern Only Presence","37.89-38.13",10
"Verrucaria maura",FALSE,FALSE,FALSE,0,242,4,0,103,0,0,"Absent","37.89-38.13",10
"Xingyurella turgida",TRUE,FALSE,FALSE,0,242,4,0,103,1,0,"Southern Only Presence","37.89-38.13",10
"Zonaria farlowii",TRUE,FALSE,FALSE,0,242,4,0,103,81,0,"Southern Only Presence","37.89-38.13",10
"Zostera spp",FALSE,FALSE,FALSE,0,242,4,0,103,0,0,"Absent","37.89-38.13",10
"Abietinaria/Amphisbetia spp",TRUE,TRUE,TRUE,2,242,10,2,103,9,4.54545454545455,"Continuous Presence","38.13-38.83",11
"Acanthinucella paucilirata",TRUE,FALSE,FALSE,0,313,10,0,108,4,0,"Southern Only Presence","38.13-38.83",11
"Acanthinucella spp",TRUE,FALSE,TRUE,0,313,10,0,108,2214,0,"Avoidant","38.13-38.83",11
"Acmaea mitra",TRUE,TRUE,TRUE,3,313,10,2,108,141,8.33333333333333,"Continuous Presence","38.13-38.83",11
"Acrosiphonia/Cladophora spp",TRUE,TRUE,TRUE,3,242,10,3,103,175,4.54545454545455,"Continuous Presence","38.13-38.83",11
"Acrosorium ciliolatum",TRUE,FALSE,FALSE,0,242,10,0,103,143,0,"Southern Only Presence","38.13-38.83",11
"Aeolidia papillosa",TRUE,FALSE,FALSE,0,313,10,0,108,3,0,"Southern Only Presence","38.13-38.83",11
"Aglaophenia spp",TRUE,TRUE,TRUE,2,242,10,2,103,18,9.09090909090909,"Continuous Presence","38.13-38.83",11
"Ahnfeltia fastigiata",TRUE,FALSE,TRUE,0,242,10,0,103,117,0,"Avoidant","38.13-38.83",11
"Ahnfeltiopsis linearis",TRUE,FALSE,TRUE,0,242,10,0,103,56,0,"Avoidant","38.13-38.83",11
"Alaria marginata",TRUE,TRUE,TRUE,17,242,10,8,103,1018,36.3636363636364,"Continuous Presence","38.13-38.83",11
"Alia spp",TRUE,TRUE,TRUE,7,313,10,4,108,1445,25,"Continuous Presence","38.13-38.83",11
"Amphiroa beauvoisii",TRUE,FALSE,FALSE,0,242,10,0,103,2,0,"Southern Only Presence","38.13-38.83",11
"Amphissa columbiana",TRUE,TRUE,TRUE,1,313,10,1,108,31,4.16666666666667,"Continuous Presence","38.13-38.83",11
"Amphissa versicolor",TRUE,TRUE,TRUE,5,313,10,3,108,299,20.8333333333333,"Continuous Presence","38.13-38.83",11
"Analipus japonicus",TRUE,TRUE,TRUE,10,242,10,6,103,379,31.8181818181818,"Continuous Presence","38.13-38.83",11
"Anisocladella pacifica",TRUE,FALSE,FALSE,0,242,10,0,103,4,0,"Southern Only Presence","38.13-38.83",11
"Anthopleura artemisia",TRUE,FALSE,TRUE,0,242,10,0,103,3,0,"Avoidant","38.13-38.83",11
"Anthopleura elegantissima",TRUE,TRUE,TRUE,15,242,10,8,103,5148,36.3636363636364,"Continuous Presence","38.13-38.83",11
"Anthopleura sola",TRUE,TRUE,FALSE,5,242,10,2,103,2460,18.1818181818182,"Northern Range Edge","38.13-38.83",11
"Anthopleura xanthogrammica",TRUE,TRUE,TRUE,19,242,10,9,103,791,36.3636363636364,"Continuous Presence","38.13-38.83",11
"Antithamnionella spp",FALSE,FALSE,FALSE,0,242,10,0,103,0,0,"Absent","38.13-38.83",11
"Aplidium spp",TRUE,TRUE,TRUE,3,242,10,2,103,73,13.6363636363636,"Continuous Presence","38.13-38.83",11
"Aplysia californica",TRUE,FALSE,FALSE,0,313,10,0,108,11,0,"Southern Only Presence","38.13-38.83",11
"Asparagopsis taxiformis",TRUE,FALSE,FALSE,0,242,10,0,103,97,0,"Southern Only Presence","38.13-38.83",11
"Atrimitra idae",FALSE,FALSE,FALSE,0,313,10,0,108,0,0,"Absent","38.13-38.83",11
"Balanus crenatus",FALSE,TRUE,FALSE,1,242,10,1,103,1,4.54545454545455,"Endemic Presence","38.13-38.83",11
"Balanus glandula",TRUE,TRUE,TRUE,19,242,10,9,103,5046,36.3636363636364,"Continuous Presence","38.13-38.83",11
"Balanus glandula/Semibalanus balanoides",FALSE,FALSE,FALSE,0,242,10,0,103,0,0,"Absent","38.13-38.83",11
"Balanus nubilus",TRUE,FALSE,TRUE,0,242,10,0,103,6,0,"Avoidant","38.13-38.83",11
"Bangia spp",TRUE,FALSE,FALSE,0,242,10,0,103,63,0,"Southern Only Presence","38.13-38.83",11
"Besa leptophylla",TRUE,FALSE,FALSE,0,242,10,0,103,41,0,"Southern Only Presence","38.13-38.83",11
"Bittium eschrichtii",TRUE,TRUE,TRUE,7,313,10,6,108,898,16.6666666666667,"Continuous Presence","38.13-38.83",11
"Boring clam",TRUE,FALSE,TRUE,0,242,10,0,103,12,0,"Avoidant","38.13-38.83",11
"Bossiella spp",TRUE,TRUE,TRUE,18,242,10,10,103,1442,31.8181818181818,"Continuous Presence","38.13-38.83",11
"Bryopsis spp",TRUE,FALSE,TRUE,0,242,10,0,103,12,0,"Avoidant","38.13-38.83",11
"Bugula neritina",TRUE,FALSE,FALSE,0,242,10,0,103,18,0,"Southern Only Presence","38.13-38.83",11
"Californiconus californicus",TRUE,FALSE,FALSE,0,313,10,0,108,217,0,"Southern Only Presence","38.13-38.83",11
"Calliarthron spp",TRUE,TRUE,TRUE,14,242,10,8,103,1229,36.3636363636364,"Continuous Presence","38.13-38.83",11
"Calliostoma annulatum",TRUE,FALSE,FALSE,0,313,10,0,108,5,0,"Southern Only Presence","38.13-38.83",11
"Calliostoma canaliculatum",TRUE,FALSE,FALSE,0,313,10,0,108,25,0,"Southern Only Presence","38.13-38.83",11
"Calliostoma ligatum",TRUE,TRUE,TRUE,5,313,10,3,108,90,16.6666666666667,"Continuous Presence","38.13-38.83",11
"Calliostoma supragranosum",TRUE,FALSE,FALSE,0,313,10,0,108,1,0,"Southern Only Presence","38.13-38.83",11
"Callithamnion pikeanum",TRUE,TRUE,TRUE,15,242,10,10,103,330,36.3636363636364,"Continuous Presence","38.13-38.83",11
"Callithamnion rupicola",TRUE,FALSE,FALSE,0,242,10,0,103,2,0,"Southern Only Presence","38.13-38.83",11
"Callophyllis spp",TRUE,TRUE,TRUE,2,242,10,2,103,68,9.09090909090909,"Continuous Presence","38.13-38.83",11
"Cancer antennaria",TRUE,TRUE,TRUE,11,313,10,7,108,55,33.3333333333333,"Continuous Presence","38.13-38.83",11
"Cancer oregonensis",TRUE,FALSE,TRUE,0,313,10,0,108,3,0,"Avoidant","38.13-38.83",11
"Cancer productus",FALSE,FALSE,TRUE,0,313,10,0,108,1,0,"Northern Only Presence","38.13-38.83",11
"Carpopeltis bushiae",FALSE,FALSE,FALSE,0,242,10,0,103,0,0,"Absent","38.13-38.83",11
"Caulacanthus okamurae",TRUE,TRUE,FALSE,2,242,10,2,103,1831,9.09090909090909,"Northern Range Edge","38.13-38.83",11
"Ceratostoma foliatum",TRUE,FALSE,FALSE,0,313,10,0,108,5,0,"Southern Only Presence","38.13-38.83",11
"Ceratostoma nuttalli",TRUE,FALSE,FALSE,0,313,10,0,108,46,0,"Southern Only Presence","38.13-38.83",11
"Cerithiopsis spp",TRUE,FALSE,FALSE,0,313,10,0,108,2,0,"Southern Only Presence","38.13-38.83",11
"Chaetomorpha spp",TRUE,FALSE,TRUE,0,242,10,0,103,148,0,"Avoidant","38.13-38.83",11
"Chondracanthus canaliculatus",TRUE,TRUE,TRUE,9,242,10,6,103,5926,27.2727272727273,"Continuous Presence","38.13-38.83",11
"Chondracanthus corymbiferus/exaspertata",TRUE,TRUE,TRUE,4,242,10,4,103,74,9.09090909090909,"Continuous Presence","38.13-38.83",11
"Chondracanthus harveyanus",TRUE,FALSE,FALSE,0,242,10,0,103,5,0,"Southern Only Presence","38.13-38.83",11
"Chondracanthus spinosus",TRUE,TRUE,TRUE,1,242,10,1,103,42,4.54545454545455,"Continuous Presence","38.13-38.83",11
"Chondria acrorhizophora",TRUE,FALSE,FALSE,0,242,10,0,103,21,0,"Southern Only Presence","38.13-38.83",11
"Chondria arcuata",TRUE,FALSE,FALSE,0,242,10,0,103,16,0,"Southern Only Presence","38.13-38.83",11
"Chondria dasyphylla",TRUE,FALSE,FALSE,0,242,10,0,103,16,0,"Southern Only Presence","38.13-38.83",11
"Chondria decipiens",TRUE,FALSE,FALSE,0,242,10,0,103,25,0,"Southern Only Presence","38.13-38.83",11
"Chondria nidifica",TRUE,FALSE,FALSE,0,242,10,0,103,157,0,"Southern Only Presence","38.13-38.83",11
"Chondria oppositiclada",TRUE,FALSE,FALSE,0,242,10,0,103,23,0,"Southern Only Presence","38.13-38.83",11
"Chone minuta",TRUE,FALSE,TRUE,0,242,10,0,103,88,0,"Avoidant","38.13-38.83",11
"Chthamalus dalli/fissus",TRUE,TRUE,TRUE,20,242,10,10,103,17343,36.3636363636364,"Continuous Presence","38.13-38.83",11
"Cirolana spp/Gnorimosphaeroma oregonense",TRUE,TRUE,TRUE,5,313,10,2,108,82,20.8333333333333,"Continuous Presence","38.13-38.83",11
"Cladophora columbiana",TRUE,TRUE,TRUE,18,242,10,8,103,1559,36.3636363636364,"Continuous Presence","38.13-38.83",11
"Cladophora graminea",TRUE,FALSE,FALSE,0,242,10,0,103,6,0,"Southern Only Presence","38.13-38.83",11
"Clavelina huntsmani",TRUE,FALSE,FALSE,0,242,10,0,103,4,0,"Southern Only Presence","38.13-38.83",11
"Codium fragile",TRUE,FALSE,TRUE,0,242,10,0,103,51,0,"Avoidant","38.13-38.83",11
"Codium setchellii",TRUE,FALSE,TRUE,0,242,10,0,103,19,0,"Avoidant","38.13-38.83",11
"Colonial diatom",TRUE,TRUE,TRUE,2,242,10,2,103,75,9.09090909090909,"Continuous Presence","38.13-38.83",11
"Colpomenia/Leathesia spp",TRUE,TRUE,TRUE,4,242,10,4,103,184,13.6363636363636,"Continuous Presence","38.13-38.83",11
"Constantinea simplex",TRUE,TRUE,TRUE,2,242,10,2,103,109,9.09090909090909,"Continuous Presence","38.13-38.83",11
"Corallina spp",TRUE,TRUE,TRUE,20,242,10,10,103,18213,36.3636363636364,"Continuous Presence","38.13-38.83",11
"Corynactis californica",FALSE,FALSE,FALSE,0,242,10,0,103,0,0,"Absent","38.13-38.83",11
"Costaria costata",FALSE,TRUE,TRUE,6,242,10,3,103,93,18.1818181818182,"Southern Range Edge","38.13-38.83",11
"Crangon spp",TRUE,FALSE,FALSE,0,313,10,0,108,10,0,"Southern Only Presence","38.13-38.83",11
"Crepipatella lingulata",TRUE,FALSE,TRUE,0,313,10,0,108,11,0,"Avoidant","38.13-38.83",11
"Cryptochiton stelleri",TRUE,TRUE,TRUE,5,391,10,4,108,236,13.0434782608696,"Continuous Presence","38.13-38.83",11
"Cryptolithodes sitchensis",TRUE,FALSE,FALSE,0,313,10,0,108,5,0,"Southern Only Presence","38.13-38.83",11
"Cryptopleura/Hymenena spp",TRUE,TRUE,TRUE,20,242,10,10,103,3622,36.3636363636364,"Continuous Presence","38.13-38.83",11
"Cryptosiphonia woodii",TRUE,TRUE,TRUE,9,242,10,6,103,922,22.7272727272727,"Continuous Presence","38.13-38.83",11
"Cucumaria miniata",FALSE,FALSE,FALSE,0,313,10,0,108,0,0,"Absent","38.13-38.83",11
"Cucumaria/Pseudocnus spp",TRUE,TRUE,TRUE,1,313,10,1,108,573,4.16666666666667,"Continuous Presence","38.13-38.83",11
"Cumagloia andersonii",TRUE,TRUE,TRUE,2,242,10,1,103,25,9.09090909090909,"Continuous Presence","38.13-38.83",11
"Cyanoplax hartwegii",TRUE,TRUE,TRUE,8,313,10,4,108,1890,25,"Continuous Presence","38.13-38.83",11
"Cyanoplax spp",TRUE,TRUE,TRUE,28,313,10,10,108,1882,41.6666666666667,"Continuous Presence","38.13-38.83",11
"Dasya binghamiae",TRUE,FALSE,FALSE,0,242,10,0,103,18,0,"Southern Only Presence","38.13-38.83",11
"Dasysiphonia japonica",TRUE,FALSE,FALSE,0,242,10,0,103,1,0,"Southern Only Presence","38.13-38.83",11
"Delesseria decipiens",FALSE,FALSE,TRUE,0,242,10,0,103,5,0,"Northern Only Presence","38.13-38.83",11
"Dendrobeania lichenoides",FALSE,FALSE,FALSE,0,242,10,0,103,0,0,"Absent","38.13-38.83",11
"Dendronotus subramosus",TRUE,FALSE,FALSE,0,313,10,0,108,1,0,"Southern Only Presence","38.13-38.83",11
"Dendropoma lituella",FALSE,FALSE,FALSE,0,242,10,0,103,0,0,"Absent","38.13-38.83",11
"Derbesia marina",TRUE,FALSE,TRUE,0,242,10,0,103,12,0,"Avoidant","38.13-38.83",11
"Dermasterias imbricata",TRUE,TRUE,TRUE,5,391,10,4,108,683,17.3913043478261,"Continuous Presence","38.13-38.83",11
"Desmarestia ligulata",TRUE,TRUE,TRUE,4,242,10,3,103,121,9.09090909090909,"Continuous Presence","38.13-38.83",11
"Diaperoecia californica",FALSE,FALSE,FALSE,0,242,10,0,103,0,0,"Absent","38.13-38.83",11
"Diaulula sandiegensis",TRUE,TRUE,TRUE,2,313,10,2,108,12,8.33333333333333,"Continuous Presence","38.13-38.83",11
"Dictyoneurum californicum",TRUE,TRUE,TRUE,1,242,10,1,103,12,4.54545454545455,"Continuous Presence","38.13-38.83",11
"Dictyopteris undulata",TRUE,FALSE,FALSE,0,242,10,0,103,22,0,"Southern Only Presence","38.13-38.83",11
"Dictyota binghamiae",TRUE,FALSE,FALSE,0,242,10,0,103,4,0,"Southern Only Presence","38.13-38.83",11
"Dictyota coriacea",TRUE,FALSE,FALSE,0,242,10,0,103,138,0,"Southern Only Presence","38.13-38.83",11
"Dilsea californica",TRUE,TRUE,TRUE,16,242,10,8,103,447,36.3636363636364,"Continuous Presence","38.13-38.83",11
"Diodora aspera",TRUE,TRUE,TRUE,2,313,10,2,108,11,8.33333333333333,"Continuous Presence","38.13-38.83",11
"Dirona albolineata",TRUE,TRUE,FALSE,1,313,10,1,108,2,4.16666666666667,"Northern Range Edge","38.13-38.83",11
"Discurria insessa",TRUE,FALSE,TRUE,0,313,10,0,108,120,0,"Avoidant","38.13-38.83",11
"Distaplia occidentalis",TRUE,FALSE,TRUE,0,242,10,0,103,9,0,"Avoidant","38.13-38.83",11
"Dodecaceria spp",TRUE,TRUE,TRUE,11,242,10,5,103,239,27.2727272727273,"Continuous Presence","38.13-38.83",11
"Doris montereyensis",TRUE,FALSE,TRUE,0,313,10,0,108,3,0,"Avoidant","38.13-38.83",11
"Ectocarpus spp",TRUE,FALSE,FALSE,0,242,10,0,103,2,0,"Southern Only Presence","38.13-38.83",11
"Egregia menziesii",TRUE,TRUE,TRUE,16,242,10,9,103,5494,36.3636363636364,"Continuous Presence","38.13-38.83",11
"Eisenia arborea",TRUE,FALSE,TRUE,0,242,10,0,103,141,0,"Avoidant","38.13-38.83",11
"Encrusting coralline",TRUE,TRUE,TRUE,19,242,10,9,103,8084,36.3636363636364,"Continuous Presence","38.13-38.83",11
"Endarachne/Petalonia/Phaeostrophion spp",TRUE,FALSE,TRUE,0,242,10,0,103,381,0,"Avoidant","38.13-38.83",11
"Endocladia muricata",TRUE,TRUE,TRUE,20,242,10,10,103,14318,36.3636363636364,"Continuous Presence","38.13-38.83",11
"Endoplura aurea",FALSE,FALSE,FALSE,0,242,10,0,103,0,0,"Absent","38.13-38.83",11
"Epiactis prolifera",TRUE,TRUE,TRUE,2,242,10,2,103,5,9.09090909090909,"Continuous Presence","38.13-38.83",11
"Epitonium tinctum",TRUE,TRUE,TRUE,2,313,10,1,108,388,8.33333333333333,"Continuous Presence","38.13-38.83",11
"Erythroglossum californicum",TRUE,FALSE,TRUE,0,242,10,0,103,48,0,"Avoidant","38.13-38.83",11
"Erythrophyllum delesserioides",TRUE,TRUE,TRUE,18,242,10,8,103,222,36.3636363636364,"Continuous Presence","38.13-38.83",11
"Eudendrium californicum",TRUE,FALSE,TRUE,0,242,10,0,103,2,0,"Avoidant","38.13-38.83",11
"Eudistoma psammion",TRUE,FALSE,FALSE,0,242,10,0,103,45,0,"Southern Only Presence","38.13-38.83",11
"Eudistoma ritteri",TRUE,TRUE,TRUE,1,242,10,1,103,4,4.54545454545455,"Continuous Presence","38.13-38.83",11
"Eudistylia polymorpha",FALSE,FALSE,FALSE,0,242,10,0,103,0,0,"Absent","38.13-38.83",11
"Eupentacta spp",FALSE,FALSE,TRUE,0,313,10,0,108,11,0,"Northern Only Presence","38.13-38.83",11
"Eurystomella bilabiata",TRUE,TRUE,TRUE,2,242,10,2,103,29,4.54545454545455,"Continuous Presence","38.13-38.83",11
"Evasterias troschelii",FALSE,FALSE,FALSE,0,391,10,0,108,0,0,"Absent","38.13-38.83",11
"Farlowia compressa",TRUE,FALSE,FALSE,0,242,10,0,103,3,0,"Southern Only Presence","38.13-38.83",11
"Farlowia mollis",TRUE,FALSE,FALSE,0,242,10,0,103,17,0,"Southern Only Presence","38.13-38.83",11
"Farlowia/Pikea spp",TRUE,TRUE,TRUE,4,242,10,4,103,93,18.1818181818182,"Continuous Presence","38.13-38.83",11
"Fissurella volcano",TRUE,FALSE,FALSE,0,313,10,0,108,4909,0,"Southern Only Presence","38.13-38.83",11
"Fissurellidea bimaculata",TRUE,FALSE,FALSE,0,313,10,0,108,5,0,"Southern Only Presence","38.13-38.83",11
"Flustrellidra corniculata",TRUE,FALSE,FALSE,0,242,10,0,103,4,0,"Southern Only Presence","38.13-38.83",11
"Fredericqia chiton",TRUE,FALSE,FALSE,0,242,10,0,103,1,0,"Southern Only Presence","38.13-38.83",11
"Fucus spp",TRUE,TRUE,TRUE,15,242,10,8,103,3137,31.8181818181818,"Continuous Presence","38.13-38.83",11
"Gastroclonium parvum",TRUE,FALSE,FALSE,0,242,10,0,103,162,0,"Southern Only Presence","38.13-38.83",11
"Gelidium purpurascens",TRUE,FALSE,FALSE,0,242,10,0,103,43,0,"Southern Only Presence","38.13-38.83",11
"Gelidium robustum",TRUE,FALSE,TRUE,0,242,10,0,103,128,0,"Avoidant","38.13-38.83",11
"Gelidium spp",TRUE,TRUE,TRUE,11,242,10,8,103,4262,31.8181818181818,"Continuous Presence","38.13-38.83",11
"Gloiopeltis furcata",TRUE,TRUE,TRUE,7,242,10,5,103,69,18.1818181818182,"Continuous Presence","38.13-38.83",11
"Gloiosiphonia californica",FALSE,TRUE,TRUE,3,242,10,3,103,4,9.09090909090909,"Southern Range Edge","38.13-38.83",11
"Gracilariopsis/Gracilaria spp",TRUE,FALSE,FALSE,0,242,10,0,103,423,0,"Southern Only Presence","38.13-38.83",11
"Grateloupia angusta",TRUE,FALSE,FALSE,0,242,10,0,103,2,0,"Southern Only Presence","38.13-38.83",11
"Grateloupia californica",TRUE,TRUE,TRUE,5,242,10,4,103,139,13.6363636363636,"Continuous Presence","38.13-38.83",11
"Grateloupia cornea",TRUE,FALSE,FALSE,0,242,10,0,103,4,0,"Southern Only Presence","38.13-38.83",11
"Halichondria panicea",TRUE,FALSE,TRUE,0,242,10,0,103,5,0,"Avoidant","38.13-38.83",11
"Halichondria spp",TRUE,TRUE,TRUE,7,242,10,6,103,57,22.7272727272727,"Continuous Presence","38.13-38.83",11
"Haliclona spp",TRUE,TRUE,TRUE,9,242,10,6,103,60,27.2727272727273,"Continuous Presence","38.13-38.83",11
"Halosaccion glandiforme",TRUE,TRUE,TRUE,14,242,10,8,103,769,27.2727272727273,"Continuous Presence","38.13-38.83",11
"Halymenia/Schizymenia spp",TRUE,TRUE,TRUE,13,242,10,8,103,221,36.3636363636364,"Continuous Presence","38.13-38.83",11
"Haminoea vesicula",TRUE,FALSE,FALSE,0,313,10,0,108,13,0,"Southern Only Presence","38.13-38.83",11
"Haminoea virescens",TRUE,FALSE,FALSE,0,313,10,0,108,12,0,"Southern Only Presence","38.13-38.83",11
"Hapalospongidion gelatinosum",FALSE,FALSE,FALSE,0,242,10,0,103,0,0,"Absent","38.13-38.83",11
"Haplogloia andersonii",TRUE,TRUE,TRUE,2,242,10,2,103,11,9.09090909090909,"Continuous Presence","38.13-38.83",11
"Hapterophycus canaliculatus",TRUE,FALSE,TRUE,0,242,10,0,103,93,0,"Avoidant","38.13-38.83",11
"Hedophyllum sessile",FALSE,TRUE,TRUE,16,242,10,7,103,720,31.8181818181818,"Southern Range Edge","38.13-38.83",11
"Heliaster kubiniji",FALSE,FALSE,FALSE,0,391,10,0,108,0,0,"Absent","38.13-38.83",11
"Hemigrapsus nudus",TRUE,TRUE,TRUE,8,313,10,6,108,66,25,"Continuous Presence","38.13-38.83",11
"Hemigrapsus oregonensis",FALSE,FALSE,TRUE,0,313,10,0,108,1,0,"Northern Only Presence","38.13-38.83",11
"Henricia spp",TRUE,TRUE,TRUE,2,391,10,1,108,446,8.69565217391304,"Continuous Presence","38.13-38.83",11
"Hermissenda crassicornis",TRUE,TRUE,TRUE,2,313,10,2,108,32,8.33333333333333,"Continuous Presence","38.13-38.83",11
"Herposiphonia littoralis",TRUE,FALSE,FALSE,0,242,10,0,103,9,0,"Southern Only Presence","38.13-38.83",11
"Herposiphonia plumula",FALSE,FALSE,FALSE,0,242,10,0,103,0,0,"Absent","38.13-38.83",11
"Herposiphonia verticillata",TRUE,FALSE,FALSE,0,242,10,0,103,15,0,"Southern Only Presence","38.13-38.83",11
"Homalopoma spp",TRUE,TRUE,TRUE,3,313,10,3,108,191,8.33333333333333,"Continuous Presence","38.13-38.83",11
"Hypnea johnstonii",TRUE,FALSE,FALSE,0,242,10,0,103,12,0,"Southern Only Presence","38.13-38.83",11
"Hypnea valentiae",TRUE,FALSE,FALSE,0,242,10,0,103,164,0,"Southern Only Presence","38.13-38.83",11
"Hypnea variabilis",TRUE,FALSE,FALSE,0,242,10,0,103,5,0,"Southern Only Presence","38.13-38.83",11
"Idotea spp",TRUE,TRUE,TRUE,27,313,10,10,108,837,45.8333333333333,"Continuous Presence","38.13-38.83",11
"Jania rosea",TRUE,FALSE,FALSE,0,242,10,0,103,88,0,"Southern Only Presence","38.13-38.83",11
"Jania tenella",TRUE,FALSE,FALSE,0,242,10,0,103,13,0,"Southern Only Presence","38.13-38.83",11
"Jania verrucosa",TRUE,FALSE,FALSE,0,242,10,0,103,531,0,"Southern Only Presence","38.13-38.83",11
"Johansenia macmillanii",TRUE,TRUE,FALSE,2,242,10,1,103,4,9.09090909090909,"Northern Range Edge","38.13-38.83",11
"Katharina tunicata",TRUE,TRUE,TRUE,23,313,10,8,108,555,41.6666666666667,"Continuous Presence","38.13-38.83",11
"Kelletia kelletii",TRUE,FALSE,FALSE,0,313,10,0,108,9,0,"Southern Only Presence","38.13-38.83",11
"Lacuna spp",TRUE,TRUE,TRUE,18,313,10,10,108,18119,33.3333333333333,"Continuous Presence","38.13-38.83",11
"Laminaria ephemera",FALSE,FALSE,TRUE,0,242,10,0,103,4,0,"Northern Only Presence","38.13-38.83",11
"Laminaria farlowii",TRUE,FALSE,FALSE,0,242,10,0,103,1,0,"Southern Only Presence","38.13-38.83",11
"Laminaria setchellii",TRUE,TRUE,TRUE,16,242,10,8,103,553,31.8181818181818,"Continuous Presence","38.13-38.83",11
"Laminaria sinclairii",TRUE,TRUE,TRUE,5,242,10,3,103,252,18.1818181818182,"Continuous Presence","38.13-38.83",11
"Laurencia pacifica/masonii",TRUE,FALSE,FALSE,0,242,10,0,103,462,0,"Southern Only Presence","38.13-38.83",11
"Laurencia spp",TRUE,FALSE,FALSE,0,242,10,0,103,15,0,"Southern Only Presence","38.13-38.83",11
"Lepidozona spp",TRUE,TRUE,TRUE,8,313,10,6,108,127,25,"Continuous Presence","38.13-38.83",11
"Leptasterias spp",TRUE,TRUE,TRUE,14,313,10,8,108,1995,29.1666666666667,"Continuous Presence","38.13-38.83",11
"Lessoniopsis littoralis",TRUE,FALSE,TRUE,0,242,10,0,103,10,0,"Avoidant","38.13-38.83",11
"Ligia spp",TRUE,TRUE,TRUE,3,313,10,3,108,32,12.5,"Continuous Presence","38.13-38.83",11
"Limacia cockerelli",TRUE,FALSE,FALSE,0,313,10,0,108,2,0,"Southern Only Presence","38.13-38.83",11
"Linckia columbiae",FALSE,FALSE,FALSE,0,391,10,0,108,0,0,"Absent","38.13-38.83",11
"Lirabuccinum dirum",TRUE,TRUE,TRUE,2,313,10,2,108,133,8.33333333333333,"Continuous Presence","38.13-38.83",11
"Lirularia/Margarites spp",TRUE,TRUE,TRUE,6,313,10,4,108,396,16.6666666666667,"Continuous Presence","38.13-38.83",11
"Lithophyllum/Lithothamnion spp",TRUE,TRUE,TRUE,2,242,10,2,103,159,4.54545454545455,"Continuous Presence","38.13-38.83",11
"Lithothrix aspergillum",TRUE,FALSE,FALSE,0,242,10,0,103,1542,0,"Southern Only Presence","38.13-38.83",11
"Littorina spp.",TRUE,TRUE,TRUE,29,313,10,10,108,737668,45.8333333333333,"Continuous Presence","38.13-38.83",11
"Lomentaria hakodatensis",TRUE,FALSE,FALSE,0,242,10,0,103,250,0,"Southern Only Presence","38.13-38.83",11
"Lottia asmi",TRUE,TRUE,TRUE,3,313,10,2,108,357,12.5,"Continuous Presence","38.13-38.83",11
"Lottia austrodigitalis/digitalis",TRUE,TRUE,TRUE,29,313,10,10,108,70520,45.8333333333333,"Continuous Presence","38.13-38.83",11
"Lottia fenestrata",TRUE,FALSE,TRUE,0,313,10,0,108,1030,0,"Avoidant","38.13-38.83",11
"Lottia instabilis",TRUE,TRUE,TRUE,3,313,10,2,108,229,12.5,"Continuous Presence","38.13-38.83",11
"Lottia limatula",TRUE,TRUE,TRUE,13,313,10,7,108,3715,25,"Continuous Presence","38.13-38.83",11
"Lottia paradigitalis/strigatella",TRUE,TRUE,TRUE,29,313,10,10,108,87755,45.8333333333333,"Continuous Presence","38.13-38.83",11
"Lottia pelta",TRUE,TRUE,TRUE,29,313,10,10,108,14378,45.8333333333333,"Continuous Presence","38.13-38.83",11
"Lottia persona",TRUE,FALSE,TRUE,0,313,10,0,108,82,0,"Avoidant","38.13-38.83",11
"Lottia polyfacies",TRUE,FALSE,FALSE,0,313,10,0,108,37,0,"Southern Only Presence","38.13-38.83",11
"Lottia scabra/conus",TRUE,TRUE,TRUE,29,313,10,10,108,120485,45.8333333333333,"Continuous Presence","38.13-38.83",11
"Lottia scutum",TRUE,TRUE,TRUE,22,313,10,9,108,2814,37.5,"Continuous Presence","38.13-38.83",11
"Macrocystis pyrifera",TRUE,FALSE,FALSE,0,242,10,0,103,74,0,"Southern Only Presence","38.13-38.83",11
"Macron lividus",TRUE,FALSE,FALSE,0,313,10,0,108,145,0,"Southern Only Presence","38.13-38.83",11
"Mastocarpus spp",TRUE,TRUE,TRUE,20,242,10,10,103,12690,36.3636363636364,"Continuous Presence","38.13-38.83",11
"Maxwellia gemma",TRUE,FALSE,FALSE,0,313,10,0,108,5,0,"Southern Only Presence","38.13-38.83",11
"Mazzaella affinis",TRUE,TRUE,TRUE,4,242,10,3,103,821,18.1818181818182,"Continuous Presence","38.13-38.83",11
"Mazzaella flaccida/oregona/splendens",TRUE,TRUE,TRUE,20,242,10,10,103,11621,36.3636363636364,"Continuous Presence","38.13-38.83",11
"Mazzaella leptorhynchos",TRUE,FALSE,FALSE,0,242,10,0,103,455,0,"Southern Only Presence","38.13-38.83",11
"Mazzaella linearis",TRUE,TRUE,TRUE,4,242,10,3,103,87,13.6363636363636,"Continuous Presence","38.13-38.83",11
"Mazzaella parksii",TRUE,TRUE,TRUE,7,242,10,3,103,115,18.1818181818182,"Continuous Presence","38.13-38.83",11
"Mazzaella phyllocarpa",FALSE,FALSE,FALSE,0,242,10,0,103,0,0,"Absent","38.13-38.83",11
"Mazzaella volans",TRUE,FALSE,FALSE,0,242,10,0,103,23,0,"Southern Only Presence","38.13-38.83",11
"Megabalanus californicus",TRUE,FALSE,TRUE,0,242,10,0,103,3,0,"Avoidant","38.13-38.83",11
"Megastraea undosa",TRUE,FALSE,FALSE,0,313,10,0,108,10,0,"Southern Only Presence","38.13-38.83",11
"Melanosiphon/Scytosiphon spp",TRUE,FALSE,TRUE,0,242,10,0,103,208,0,"Avoidant","38.13-38.83",11
"Membranipora spp",TRUE,FALSE,FALSE,0,242,10,0,103,5,0,"Southern Only Presence","38.13-38.83",11
"Metridium senile",FALSE,FALSE,FALSE,0,242,10,0,103,0,0,"Absent","38.13-38.83",11
"Mexacanthina lugubris",TRUE,FALSE,FALSE,0,313,10,0,108,253,0,"Southern Only Presence","38.13-38.83",11
"Microcladia borealis",TRUE,TRUE,TRUE,19,242,10,10,103,835,36.3636363636364,"Continuous Presence","38.13-38.83",11
"Microcladia coulteri",TRUE,FALSE,TRUE,0,242,10,0,103,18,0,"Avoidant","38.13-38.83",11
"Mopalia spp",TRUE,TRUE,TRUE,27,313,10,10,108,1201,45.8333333333333,"Continuous Presence","38.13-38.83",11
"Mytilisepta/Brachidontes spp",TRUE,FALSE,FALSE,0,242,10,0,103,243,0,"Southern Only Presence","38.13-38.83",11
"Mytilus californianus",TRUE,TRUE,TRUE,19,242,10,9,103,25035,36.3636363636364,"Continuous Presence","38.13-38.83",11
"Mytilus trossulus/galloprovincialis/edulis",TRUE,TRUE,TRUE,2,242,10,2,103,126,9.09090909090909,"Continuous Presence","38.13-38.83",11
"Navanax inermis",TRUE,FALSE,FALSE,0,313,10,0,108,4,0,"Southern Only Presence","38.13-38.83",11
"Nemalion elminthoides",TRUE,FALSE,FALSE,0,242,10,0,103,5,0,"Southern Only Presence","38.13-38.83",11
"Neogastroclonium subarticulatum",TRUE,TRUE,TRUE,4,242,10,4,103,1776,9.09090909090909,"Continuous Presence","38.13-38.83",11
"Neoptilota/Ptilota spp",TRUE,TRUE,TRUE,1,242,10,1,103,293,4.54545454545455,"Continuous Presence","38.13-38.83",11
"Neorhodomela larix",TRUE,TRUE,TRUE,11,242,10,5,103,2604,31.8181818181818,"Continuous Presence","38.13-38.83",11
"Neorhodomela oregona",TRUE,TRUE,TRUE,3,242,10,2,103,392,13.6363636363636,"Continuous Presence","38.13-38.83",11
"Nereocystis luetkeana",TRUE,TRUE,TRUE,2,242,10,2,103,40,9.09090909090909,"Continuous Presence","38.13-38.83",11
"Nienburgia andersoniana",TRUE,FALSE,FALSE,0,242,10,0,103,135,0,"Southern Only Presence","38.13-38.83",11
"Non Coralline crust",TRUE,TRUE,TRUE,20,242,10,10,103,15090,36.3636363636364,"Continuous Presence","38.13-38.83",11
"Norrisia norrisii",TRUE,FALSE,FALSE,0,313,10,0,108,12,0,"Southern Only Presence","38.13-38.83",11
"Nucella canaliculata",TRUE,TRUE,TRUE,21,313,10,8,108,703,41.6666666666667,"Continuous Presence","38.13-38.83",11
"Nucella emarginata/ostrina",TRUE,TRUE,TRUE,29,313,10,10,108,10126,45.8333333333333,"Continuous Presence","38.13-38.83",11
"Nucella lamellosa",FALSE,FALSE,TRUE,0,313,10,0,108,2,0,"Northern Only Presence","38.13-38.83",11
"Nuttallina spp",TRUE,TRUE,TRUE,26,313,10,8,108,15520,45.8333333333333,"Continuous Presence","38.13-38.83",11
"Obelia spp",TRUE,FALSE,FALSE,0,242,10,0,103,2,0,"Southern Only Presence","38.13-38.83",11
"Odonthalia floccosa",TRUE,TRUE,TRUE,20,242,10,10,103,4729,36.3636363636364,"Continuous Presence","38.13-38.83",11
"Odonthalia washingtoniensis",FALSE,FALSE,TRUE,0,242,10,0,103,9,0,"Northern Only Presence","38.13-38.83",11
"Oedignathus inermis",FALSE,TRUE,TRUE,14,313,10,7,108,38,37.5,"Southern Range Edge","38.13-38.83",11
"Olivella biplicata",TRUE,FALSE,FALSE,0,313,10,0,108,5,0,"Southern Only Presence","38.13-38.83",11
"Onchidella borealis",TRUE,TRUE,TRUE,17,313,10,8,108,1477,41.6666666666667,"Continuous Presence","38.13-38.83",11
"Onchidoris bilamellata",FALSE,FALSE,FALSE,0,313,10,0,108,0,0,"Absent","38.13-38.83",11
"Opalia borealis",TRUE,FALSE,FALSE,0,313,10,0,108,3,0,"Southern Only Presence","38.13-38.83",11
"Opalia funiculata",TRUE,FALSE,FALSE,0,313,10,0,108,105,0,"Southern Only Presence","38.13-38.83",11
"Ophiuroid",TRUE,FALSE,TRUE,0,313,10,0,108,27,0,"Avoidant","38.13-38.83",11
"Ophlitaspongia pennata",TRUE,TRUE,TRUE,6,242,10,3,103,65,13.6363636363636,"Continuous Presence","38.13-38.83",11
"Opuntiella californica",FALSE,FALSE,FALSE,0,242,10,0,103,0,0,"Absent","38.13-38.83",11
"Oregonia gracilis",FALSE,FALSE,FALSE,0,313,10,0,108,0,0,"Absent","38.13-38.83",11
"Orienthella trilineata",TRUE,TRUE,TRUE,1,313,10,1,108,4,4.16666666666667,"Continuous Presence","38.13-38.83",11
"Osmundea sinicola",TRUE,FALSE,TRUE,0,242,10,0,103,244,0,"Avoidant","38.13-38.83",11
"Osmundea spectabilis",TRUE,TRUE,TRUE,11,242,10,8,103,465,18.1818181818182,"Continuous Presence","38.13-38.83",11
"Osmundea splendens",TRUE,FALSE,FALSE,0,242,10,0,103,7,0,"Southern Only Presence","38.13-38.83",11
"Pachycheles spp",TRUE,TRUE,TRUE,14,313,10,6,108,116,29.1666666666667,"Continuous Presence","38.13-38.83",11
"Pachygrapsus crassipes",TRUE,TRUE,TRUE,26,313,10,8,108,4995,45.8333333333333,"Continuous Presence","38.13-38.83",11
"Paciocinebrina circumtexta",TRUE,FALSE,FALSE,0,313,10,0,108,445,0,"Southern Only Presence","38.13-38.83",11
"Paciocinebrina interfossa",TRUE,TRUE,TRUE,1,313,10,1,108,74,4.16666666666667,"Continuous Presence","38.13-38.83",11
"Paciocinebrina lurida",TRUE,TRUE,TRUE,2,313,10,2,108,12,8.33333333333333,"Continuous Presence","38.13-38.83",11
"Padina spp",FALSE,FALSE,FALSE,0,242,10,0,103,0,0,"Absent","38.13-38.83",11
"Pagurus beringanus",TRUE,TRUE,TRUE,3,313,10,3,108,13,12.5,"Continuous Presence","38.13-38.83",11
"Pagurus caurinus",FALSE,FALSE,TRUE,0,313,10,0,108,2,0,"Northern Only Presence","38.13-38.83",11
"Pagurus granosimanus",TRUE,TRUE,TRUE,6,313,10,5,108,620,12.5,"Continuous Presence","38.13-38.83",11
"Pagurus hemphilli",TRUE,FALSE,TRUE,0,313,10,0,108,7,0,"Avoidant","38.13-38.83",11
"Pagurus hirsutiusculus",TRUE,TRUE,TRUE,21,313,10,9,108,5489,37.5,"Continuous Presence","38.13-38.83",11
"Pagurus samuelis",TRUE,TRUE,TRUE,15,313,10,8,108,4232,41.6666666666667,"Continuous Presence","38.13-38.83",11
"Palmaria callophylloides",FALSE,FALSE,FALSE,0,242,10,0,103,0,0,"Absent","38.13-38.83",11
"Palmaria hecatensis",FALSE,FALSE,FALSE,0,242,10,0,103,0,0,"Absent","38.13-38.83",11
"Palmaria mollis",TRUE,FALSE,FALSE,0,242,10,0,103,53,0,"Southern Only Presence","38.13-38.83",11
"Palmaria palmata",FALSE,FALSE,FALSE,0,242,10,0,103,0,0,"Absent","38.13-38.83",11
"Panulirus interruptus",FALSE,FALSE,FALSE,0,391,10,0,108,0,0,"Absent","38.13-38.83",11
"Paraxanthias taylori",TRUE,FALSE,FALSE,0,313,10,0,108,4,0,"Southern Only Presence","38.13-38.83",11
"Patiria miniata",TRUE,TRUE,TRUE,8,391,10,6,108,882,17.3913043478261,"Continuous Presence","38.13-38.83",11
"Peltodoris nobilis",TRUE,TRUE,TRUE,4,313,10,3,108,17,16.6666666666667,"Continuous Presence","38.13-38.83",11
"Pelvetiopsis arborescens/hybrida/limitata",TRUE,TRUE,TRUE,16,242,10,8,103,3166,36.3636363636364,"Continuous Presence","38.13-38.83",11
"Pelvetiopsis californica",TRUE,FALSE,FALSE,0,242,10,0,103,351,0,"Southern Only Presence","38.13-38.83",11
"Petaloconchus montereyensis",FALSE,TRUE,FALSE,1,242,10,1,103,1,4.54545454545455,"Endemic Presence","38.13-38.83",11
"Petrolisthes spp",TRUE,TRUE,TRUE,21,313,10,7,108,229,41.6666666666667,"Continuous Presence","38.13-38.83",11
"Petrospongium rugosum",TRUE,TRUE,TRUE,2,242,10,2,103,420,9.09090909090909,"Continuous Presence","38.13-38.83",11
"Phragmatopoma/Sabellaria spp",TRUE,TRUE,TRUE,13,242,10,7,103,3827,36.3636363636364,"Continuous Presence","38.13-38.83",11
"Phyllospadix scouleri/serrulatus",TRUE,TRUE,TRUE,17,242,10,9,103,5564,36.3636363636364,"Continuous Presence","38.13-38.83",11
"Phyllospadix torreyi",TRUE,TRUE,TRUE,4,242,10,3,103,9543,18.1818181818182,"Continuous Presence","38.13-38.83",11
"Pilayella littoralis",FALSE,FALSE,FALSE,0,242,10,0,103,0,0,"Absent","38.13-38.83",11
"Pisaster giganteus",TRUE,FALSE,TRUE,0,391,10,0,108,46,0,"Avoidant","38.13-38.83",11
"Pisaster ochraceus",TRUE,TRUE,TRUE,33,391,10,10,108,39106,56.5217391304348,"Continuous Presence","38.13-38.83",11
"Pista spp",TRUE,FALSE,TRUE,0,242,10,0,103,109,0,"Avoidant","38.13-38.83",11
"Placiphorella velata",TRUE,FALSE,TRUE,0,313,10,0,108,6,0,"Avoidant","38.13-38.83",11
"Pleonosporium spp",FALSE,FALSE,FALSE,0,242,10,0,103,0,0,"Absent","38.13-38.83",11
"Plocamium oregonum",FALSE,FALSE,TRUE,0,242,10,0,103,2,0,"Northern Only Presence","38.13-38.83",11
"Plocamium pacificum",TRUE,TRUE,TRUE,1,242,10,1,103,828,4.54545454545455,"Continuous Presence","38.13-38.83",11
"Plocamium violaceum",TRUE,TRUE,TRUE,6,242,10,5,103,165,13.6363636363636,"Continuous Presence","38.13-38.83",11
"Pododesmus macrochisma",FALSE,FALSE,FALSE,0,242,10,0,103,0,0,"Absent","38.13-38.83",11
"Pollicipes polymerus",TRUE,TRUE,TRUE,18,242,10,8,103,1847,36.3636363636364,"Continuous Presence","38.13-38.83",11
"Polyneura latissima",TRUE,TRUE,TRUE,4,242,10,4,103,26,18.1818181818182,"Continuous Presence","38.13-38.83",11
"Polysiphonia spp",TRUE,TRUE,TRUE,12,242,10,6,103,942,27.2727272727273,"Continuous Presence","38.13-38.83",11
"Potamilla occelata",TRUE,FALSE,FALSE,0,242,10,0,103,1,0,"Southern Only Presence","38.13-38.83",11
"Primavelans insculpta",FALSE,FALSE,FALSE,0,242,10,0,103,0,0,"Absent","38.13-38.83",11
"Prionitis filiformis",FALSE,FALSE,TRUE,0,242,10,0,103,2,0,"Northern Only Presence","38.13-38.83",11
"Prionitis lanceolata",TRUE,TRUE,TRUE,18,242,10,9,103,2212,36.3636363636364,"Continuous Presence","38.13-38.83",11
"Prionitis linearis",TRUE,FALSE,TRUE,0,242,10,0,103,8,0,"Avoidant","38.13-38.83",11
"Prionitis sternbergii",TRUE,TRUE,TRUE,10,242,10,6,103,237,27.2727272727273,"Continuous Presence","38.13-38.83",11
"Pseudochama exogyra",TRUE,FALSE,FALSE,0,242,10,0,103,278,0,"Southern Only Presence","38.13-38.83",11
"Pseudolithoderma nigrum",TRUE,TRUE,TRUE,3,242,10,3,103,607,9.09090909090909,"Continuous Presence","38.13-38.83",11
"Pseudomelatoma penicillata",TRUE,FALSE,FALSE,0,313,10,0,108,4,0,"Southern Only Presence","38.13-38.83",11
"Pseudomelatoma torosa",TRUE,FALSE,TRUE,0,313,10,0,108,16,0,"Avoidant","38.13-38.83",11
"Pseudopusula californiana",TRUE,FALSE,FALSE,0,313,10,0,108,1,0,"Southern Only Presence","38.13-38.83",11
"Pterocladiella capillacea",TRUE,FALSE,FALSE,0,242,10,0,103,1208,0,"Southern Only Presence","38.13-38.83",11
"Pterocladiella media",TRUE,FALSE,FALSE,0,242,10,0,103,21,0,"Southern Only Presence","38.13-38.83",11
"Pteropurpura trialata",TRUE,FALSE,FALSE,0,313,10,0,108,2,0,"Southern Only Presence","38.13-38.83",11
"Pterygophora californica",TRUE,FALSE,TRUE,0,242,10,0,103,26,0,"Avoidant","38.13-38.83",11
"Pugettia foliata",FALSE,FALSE,FALSE,0,313,10,0,108,0,0,"Absent","38.13-38.83",11
"Pugettia gracilis/richii",TRUE,TRUE,TRUE,3,313,10,3,108,97,12.5,"Continuous Presence","38.13-38.83",11
"Pugettia producta",TRUE,TRUE,TRUE,24,313,10,10,108,541,45.8333333333333,"Continuous Presence","38.13-38.83",11
"Pycnogonida",TRUE,TRUE,TRUE,4,313,10,3,108,22,16.6666666666667,"Continuous Presence","38.13-38.83",11
"Pycnopodia helianthoides",TRUE,TRUE,TRUE,2,391,10,2,108,81,8.69565217391304,"Continuous Presence","38.13-38.83",11
"Pyropia spp",TRUE,TRUE,TRUE,18,242,10,10,103,1718,36.3636363636364,"Continuous Presence","38.13-38.83",11
"Rhodymenia californica",TRUE,FALSE,TRUE,0,242,10,0,103,50,0,"Avoidant","38.13-38.83",11
"Rhodymenia pacifica",TRUE,FALSE,TRUE,0,242,10,0,103,44,0,"Avoidant","38.13-38.83",11
"Roperia poulsoni",TRUE,FALSE,FALSE,0,313,10,0,108,106,0,"Southern Only Presence","38.13-38.83",11
"Saccharina latissima",FALSE,FALSE,FALSE,0,242,10,0,103,0,0,"Absent","38.13-38.83",11
"Sarcodiotheca gaudichaudii",TRUE,TRUE,FALSE,1,242,10,1,103,94,4.54545454545455,"Northern Range Edge","38.13-38.83",11
"Sargassum agardhianum",TRUE,FALSE,FALSE,0,242,10,0,103,12,0,"Southern Only Presence","38.13-38.83",11
"Sargassum horneri",TRUE,FALSE,FALSE,0,242,10,0,103,6,0,"Southern Only Presence","38.13-38.83",11
"Sargassum muticum",TRUE,FALSE,FALSE,0,242,10,0,103,1200,0,"Southern Only Presence","38.13-38.83",11
"Sargassum palmeri",FALSE,FALSE,FALSE,0,242,10,0,103,0,0,"Absent","38.13-38.83",11
"Savoiea bipinnata",TRUE,TRUE,TRUE,13,242,10,9,103,358,22.7272727272727,"Continuous Presence","38.13-38.83",11
"Schizoporella unicornis",FALSE,FALSE,FALSE,0,242,10,0,103,0,0,"Absent","38.13-38.83",11
"Semibalanus cariosus",TRUE,TRUE,TRUE,16,242,10,8,103,508,31.8181818181818,"Continuous Presence","38.13-38.83",11
"Serpula vermicularis",TRUE,TRUE,TRUE,1,242,10,1,103,15,4.54545454545455,"Continuous Presence","38.13-38.83",11
"Sertularella/Sertularia spp",TRUE,FALSE,TRUE,0,242,10,0,103,4,0,"Avoidant","38.13-38.83",11
"Silvetia compressa",TRUE,TRUE,TRUE,9,242,10,4,103,6522,22.7272727272727,"Continuous Presence","38.13-38.83",11
"Siphonaria brannani",FALSE,FALSE,FALSE,0,313,10,0,108,0,0,"Absent","38.13-38.83",11
"Siphonaria thersites",FALSE,FALSE,FALSE,0,313,10,0,108,0,0,"Absent","38.13-38.83",11
"Sorella delicatula",FALSE,FALSE,FALSE,0,242,10,0,103,0,0,"Absent","38.13-38.83",11
"Sphacelaria californica",TRUE,FALSE,FALSE,0,242,10,0,103,12,0,"Southern Only Presence","38.13-38.83",11
"Spirobranchus spinosus",TRUE,FALSE,FALSE,0,242,10,0,103,2,0,"Southern Only Presence","38.13-38.83",11
"Spirorbis spp",TRUE,TRUE,TRUE,4,242,10,4,103,124,13.6363636363636,"Continuous Presence","38.13-38.83",11
"Spyridia filamentosa",TRUE,FALSE,FALSE,0,242,10,0,103,72,0,"Southern Only Presence","38.13-38.83",11
"Stenoplax conspicua",TRUE,FALSE,FALSE,0,313,10,0,108,34,0,"Southern Only Presence","38.13-38.83",11
"Stephanocystis dioica",TRUE,TRUE,FALSE,1,242,10,1,103,422,4.54545454545455,"Northern Range Edge","38.13-38.83",11
"Stephanocystis osmundacea",TRUE,TRUE,TRUE,6,242,10,3,103,428,18.1818181818182,"Continuous Presence","38.13-38.83",11
"Strongylocentrotus droebachiensis",FALSE,FALSE,FALSE,0,313,10,0,108,0,0,"Absent","38.13-38.83",11
"Strongylocentrotus franciscanus",TRUE,TRUE,FALSE,1,313,10,1,108,25,4.16666666666667,"Northern Range Edge","38.13-38.83",11
"Strongylocentrotus purpuratus",TRUE,TRUE,TRUE,27,313,10,9,108,11680,45.8333333333333,"Continuous Presence","38.13-38.83",11
"Styela montereyensis",TRUE,TRUE,TRUE,2,242,10,1,103,6,9.09090909090909,"Continuous Presence","38.13-38.83",11
"Symphyocladia dendroidea/Xiphosiphonia pennata",TRUE,TRUE,TRUE,4,242,10,2,103,343,18.1818181818182,"Continuous Presence","38.13-38.83",11
"Symphyocladiella baileyi",TRUE,FALSE,FALSE,0,242,10,0,103,48,0,"Southern Only Presence","38.13-38.83",11
"Taonia lennebackerae",TRUE,FALSE,FALSE,0,242,10,0,103,20,0,"Southern Only Presence","38.13-38.83",11
"Tectura paleacea",TRUE,TRUE,TRUE,1,313,10,1,108,202,4.16666666666667,"Continuous Presence","38.13-38.83",11
"Tegula aureotincta",TRUE,FALSE,FALSE,0,313,10,0,108,178,0,"Southern Only Presence","38.13-38.83",11
"Tegula brunnea",TRUE,TRUE,TRUE,9,313,10,7,108,1356,20.8333333333333,"Continuous Presence","38.13-38.83",11
"Tegula eiseni",TRUE,FALSE,FALSE,0,313,10,0,108,1955,0,"Southern Only Presence","38.13-38.83",11
"Tegula funebralis/gallina",TRUE,TRUE,TRUE,26,313,10,9,108,83091,45.8333333333333,"Continuous Presence","38.13-38.83",11
"Tegula pulligo",FALSE,FALSE,FALSE,0,313,10,0,108,0,0,"Absent","38.13-38.83",11
"Tetraclita squamosa",TRUE,TRUE,TRUE,9,242,10,5,103,1055,27.2727272727273,"Continuous Presence","38.13-38.83",11
"Thylacodes squamigerus",TRUE,FALSE,FALSE,0,242,10,0,103,152,0,"Southern Only Presence","38.13-38.83",11
"Tiffaniella snyderae",TRUE,FALSE,TRUE,0,242,10,0,103,206,0,"Avoidant","38.13-38.83",11
"Tonicella spp",TRUE,TRUE,TRUE,28,313,10,9,108,905,45.8333333333333,"Continuous Presence","38.13-38.83",11
"Trichotropis cancellata",FALSE,FALSE,FALSE,0,313,10,0,108,0,0,"Absent","38.13-38.83",11
"Ulothrix spp",TRUE,TRUE,TRUE,1,242,10,1,103,15,4.54545454545455,"Continuous Presence","38.13-38.83",11
"Ulvophyceae",TRUE,TRUE,TRUE,17,242,10,10,103,5252,36.3636363636364,"Continuous Presence","38.13-38.83",11
"Urosalpinx subangulata",TRUE,FALSE,FALSE,0,313,10,0,108,15,0,"Southern Only Presence","38.13-38.83",11
"Urospora spp",TRUE,FALSE,FALSE,0,242,10,0,103,1,0,"Southern Only Presence","38.13-38.83",11
"Urticina coriacea",FALSE,TRUE,TRUE,1,242,10,1,103,7,4.54545454545455,"Southern Range Edge","38.13-38.83",11
"Verrucaria maura",FALSE,FALSE,FALSE,0,242,10,0,103,0,0,"Absent","38.13-38.83",11
"Xingyurella turgida",TRUE,FALSE,FALSE,0,242,10,0,103,1,0,"Southern Only Presence","38.13-38.83",11
"Zonaria farlowii",TRUE,FALSE,FALSE,0,242,10,0,103,81,0,"Southern Only Presence","38.13-38.83",11
"Zostera spp",FALSE,FALSE,FALSE,0,242,10,0,103,0,0,"Absent","38.13-38.83",11
"Abietinaria/Amphisbetia spp",TRUE,TRUE,FALSE,2,242,8,1,103,9,9.09090909090909,"Northern Range Edge","38.83-39.8",12
"Acanthinucella paucilirata",TRUE,FALSE,FALSE,0,313,8,0,108,4,0,"Southern Only Presence","38.83-39.8",12
"Acanthinucella spp",TRUE,TRUE,TRUE,2,313,8,2,108,2214,8.33333333333333,"Continuous Presence","38.83-39.8",12
"Acmaea mitra",TRUE,TRUE,TRUE,9,313,8,5,108,141,29.1666666666667,"Continuous Presence","38.83-39.8",12
"Acrosiphonia/Cladophora spp",TRUE,TRUE,TRUE,7,242,8,4,103,175,27.2727272727273,"Continuous Presence","38.83-39.8",12
"Acrosorium ciliolatum",TRUE,FALSE,FALSE,0,242,8,0,103,143,0,"Southern Only Presence","38.83-39.8",12
"Aeolidia papillosa",TRUE,FALSE,FALSE,0,313,8,0,108,3,0,"Southern Only Presence","38.83-39.8",12
"Aglaophenia spp",TRUE,TRUE,TRUE,3,242,8,1,103,18,13.6363636363636,"Continuous Presence","38.83-39.8",12
"Ahnfeltia fastigiata",TRUE,FALSE,TRUE,0,242,8,0,103,117,0,"Avoidant","38.83-39.8",12
"Ahnfeltiopsis linearis",TRUE,FALSE,TRUE,0,242,8,0,103,56,0,"Avoidant","38.83-39.8",12
"Alaria marginata",TRUE,TRUE,TRUE,6,242,8,3,103,1018,22.7272727272727,"Continuous Presence","38.83-39.8",12
"Alia spp",TRUE,TRUE,TRUE,10,313,8,6,108,1445,29.1666666666667,"Continuous Presence","38.83-39.8",12
"Amphiroa beauvoisii",TRUE,FALSE,FALSE,0,242,8,0,103,2,0,"Southern Only Presence","38.83-39.8",12
"Amphissa columbiana",TRUE,TRUE,TRUE,1,313,8,1,108,31,4.16666666666667,"Continuous Presence","38.83-39.8",12
"Amphissa versicolor",TRUE,TRUE,TRUE,6,313,8,3,108,299,20.8333333333333,"Continuous Presence","38.83-39.8",12
"Analipus japonicus",TRUE,TRUE,TRUE,10,242,8,7,103,379,27.2727272727273,"Continuous Presence","38.83-39.8",12
"Anisocladella pacifica",TRUE,FALSE,FALSE,0,242,8,0,103,4,0,"Southern Only Presence","38.83-39.8",12
"Anthopleura artemisia",TRUE,TRUE,TRUE,1,242,8,1,103,3,4.54545454545455,"Continuous Presence","38.83-39.8",12
"Anthopleura elegantissima",TRUE,TRUE,TRUE,18,242,8,8,103,5148,40.9090909090909,"Continuous Presence","38.83-39.8",12
"Anthopleura sola",TRUE,FALSE,FALSE,0,242,8,0,103,2460,0,"Southern Only Presence","38.83-39.8",12
"Anthopleura xanthogrammica",TRUE,TRUE,TRUE,13,242,8,6,103,791,36.3636363636364,"Continuous Presence","38.83-39.8",12
"Antithamnionella spp",FALSE,FALSE,FALSE,0,242,8,0,103,0,0,"Absent","38.83-39.8",12
"Aplidium spp",TRUE,TRUE,TRUE,2,242,8,2,103,73,4.54545454545455,"Continuous Presence","38.83-39.8",12
"Aplysia californica",TRUE,FALSE,FALSE,0,313,8,0,108,11,0,"Southern Only Presence","38.83-39.8",12
"Asparagopsis taxiformis",TRUE,FALSE,FALSE,0,242,8,0,103,97,0,"Southern Only Presence","38.83-39.8",12
"Atrimitra idae",FALSE,FALSE,FALSE,0,313,8,0,108,0,0,"Absent","38.83-39.8",12
"Balanus crenatus",TRUE,FALSE,FALSE,0,242,8,0,103,1,0,"Southern Only Presence","38.83-39.8",12
"Balanus glandula",TRUE,TRUE,TRUE,14,242,8,7,103,5046,40.9090909090909,"Continuous Presence","38.83-39.8",12
"Balanus glandula/Semibalanus balanoides",FALSE,FALSE,FALSE,0,242,8,0,103,0,0,"Absent","38.83-39.8",12
"Balanus nubilus",TRUE,TRUE,FALSE,1,242,8,1,103,6,4.54545454545455,"Northern Range Edge","38.83-39.8",12
"Bangia spp",TRUE,FALSE,FALSE,0,242,8,0,103,63,0,"Southern Only Presence","38.83-39.8",12
"Besa leptophylla",TRUE,FALSE,FALSE,0,242,8,0,103,41,0,"Southern Only Presence","38.83-39.8",12
"Bittium eschrichtii",TRUE,TRUE,TRUE,7,313,8,5,108,898,25,"Continuous Presence","38.83-39.8",12
"Boring clam",TRUE,TRUE,FALSE,2,242,8,2,103,12,4.54545454545455,"Northern Range Edge","38.83-39.8",12
"Bossiella spp",TRUE,TRUE,TRUE,18,242,8,8,103,1442,40.9090909090909,"Continuous Presence","38.83-39.8",12
"Bryopsis spp",TRUE,TRUE,TRUE,1,242,8,1,103,12,4.54545454545455,"Continuous Presence","38.83-39.8",12
"Bugula neritina",TRUE,FALSE,FALSE,0,242,8,0,103,18,0,"Southern Only Presence","38.83-39.8",12
"Californiconus californicus",TRUE,FALSE,FALSE,0,313,8,0,108,217,0,"Southern Only Presence","38.83-39.8",12
"Calliarthron spp",TRUE,TRUE,TRUE,16,242,8,7,103,1229,40.9090909090909,"Continuous Presence","38.83-39.8",12
"Calliostoma annulatum",TRUE,FALSE,FALSE,0,313,8,0,108,5,0,"Southern Only Presence","38.83-39.8",12
"Calliostoma canaliculatum",TRUE,FALSE,FALSE,0,313,8,0,108,25,0,"Southern Only Presence","38.83-39.8",12
"Calliostoma ligatum",TRUE,TRUE,TRUE,2,313,8,2,108,90,8.33333333333333,"Continuous Presence","38.83-39.8",12
"Calliostoma supragranosum",TRUE,FALSE,FALSE,0,313,8,0,108,1,0,"Southern Only Presence","38.83-39.8",12
"Callithamnion pikeanum",TRUE,TRUE,TRUE,11,242,8,7,103,330,27.2727272727273,"Continuous Presence","38.83-39.8",12
"Callithamnion rupicola",TRUE,FALSE,FALSE,0,242,8,0,103,2,0,"Southern Only Presence","38.83-39.8",12
"Callophyllis spp",TRUE,TRUE,FALSE,1,242,8,1,103,68,4.54545454545455,"Northern Range Edge","38.83-39.8",12
"Cancer antennaria",TRUE,TRUE,TRUE,6,313,8,4,108,55,12.5,"Continuous Presence","38.83-39.8",12
"Cancer oregonensis",TRUE,FALSE,TRUE,0,313,8,0,108,3,0,"Avoidant","38.83-39.8",12
"Cancer productus",FALSE,TRUE,FALSE,1,313,8,1,108,1,4.16666666666667,"Endemic Presence","38.83-39.8",12
"Carpopeltis bushiae",FALSE,FALSE,FALSE,0,242,8,0,103,0,0,"Absent","38.83-39.8",12
"Caulacanthus okamurae",TRUE,FALSE,FALSE,0,242,8,0,103,1831,0,"Southern Only Presence","38.83-39.8",12
"Ceratostoma foliatum",TRUE,FALSE,FALSE,0,313,8,0,108,5,0,"Southern Only Presence","38.83-39.8",12
"Ceratostoma nuttalli",TRUE,FALSE,FALSE,0,313,8,0,108,46,0,"Southern Only Presence","38.83-39.8",12
"Cerithiopsis spp",TRUE,FALSE,FALSE,0,313,8,0,108,2,0,"Southern Only Presence","38.83-39.8",12
"Chaetomorpha spp",TRUE,TRUE,TRUE,1,242,8,1,103,148,4.54545454545455,"Continuous Presence","38.83-39.8",12
"Chondracanthus canaliculatus",TRUE,TRUE,TRUE,11,242,8,7,103,5926,27.2727272727273,"Continuous Presence","38.83-39.8",12
"Chondracanthus corymbiferus/exaspertata",TRUE,TRUE,FALSE,4,242,8,3,103,74,9.09090909090909,"Northern Range Edge","38.83-39.8",12
"Chondracanthus harveyanus",TRUE,FALSE,FALSE,0,242,8,0,103,5,0,"Southern Only Presence","38.83-39.8",12
"Chondracanthus spinosus",TRUE,FALSE,TRUE,0,242,8,0,103,42,0,"Avoidant","38.83-39.8",12
"Chondria acrorhizophora",TRUE,FALSE,FALSE,0,242,8,0,103,21,0,"Southern Only Presence","38.83-39.8",12
"Chondria arcuata",TRUE,FALSE,FALSE,0,242,8,0,103,16,0,"Southern Only Presence","38.83-39.8",12
"Chondria dasyphylla",TRUE,FALSE,FALSE,0,242,8,0,103,16,0,"Southern Only Presence","38.83-39.8",12
"Chondria decipiens",TRUE,FALSE,FALSE,0,242,8,0,103,25,0,"Southern Only Presence","38.83-39.8",12
"Chondria nidifica",TRUE,FALSE,FALSE,0,242,8,0,103,157,0,"Southern Only Presence","38.83-39.8",12
"Chondria oppositiclada",TRUE,FALSE,FALSE,0,242,8,0,103,23,0,"Southern Only Presence","38.83-39.8",12
"Chone minuta",TRUE,TRUE,TRUE,3,242,8,2,103,88,13.6363636363636,"Continuous Presence","38.83-39.8",12
"Chthamalus dalli/fissus",TRUE,TRUE,TRUE,16,242,8,8,103,17343,40.9090909090909,"Continuous Presence","38.83-39.8",12
"Cirolana spp/Gnorimosphaeroma oregonense",TRUE,TRUE,TRUE,4,313,8,2,108,82,12.5,"Continuous Presence","38.83-39.8",12
"Cladophora columbiana",TRUE,TRUE,TRUE,18,242,8,8,103,1559,40.9090909090909,"Continuous Presence","38.83-39.8",12
"Cladophora graminea",TRUE,FALSE,FALSE,0,242,8,0,103,6,0,"Southern Only Presence","38.83-39.8",12
"Clavelina huntsmani",TRUE,FALSE,FALSE,0,242,8,0,103,4,0,"Southern Only Presence","38.83-39.8",12
"Codium fragile",TRUE,TRUE,FALSE,3,242,8,2,103,51,9.09090909090909,"Northern Range Edge","38.83-39.8",12
"Codium setchellii",TRUE,FALSE,TRUE,0,242,8,0,103,19,0,"Avoidant","38.83-39.8",12
"Colonial diatom",TRUE,TRUE,TRUE,2,242,8,2,103,75,9.09090909090909,"Continuous Presence","38.83-39.8",12
"Colpomenia/Leathesia spp",TRUE,TRUE,TRUE,4,242,8,3,103,184,18.1818181818182,"Continuous Presence","38.83-39.8",12
"Constantinea simplex",TRUE,FALSE,TRUE,0,242,8,0,103,109,0,"Avoidant","38.83-39.8",12
"Corallina spp",TRUE,TRUE,TRUE,18,242,8,8,103,18213,40.9090909090909,"Continuous Presence","38.83-39.8",12
"Corynactis californica",FALSE,FALSE,FALSE,0,242,8,0,103,0,0,"Absent","38.83-39.8",12
"Costaria costata",TRUE,TRUE,TRUE,9,242,8,3,103,93,27.2727272727273,"Continuous Presence","38.83-39.8",12
"Crangon spp",TRUE,FALSE,FALSE,0,313,8,0,108,10,0,"Southern Only Presence","38.83-39.8",12
"Crepipatella lingulata",TRUE,TRUE,FALSE,1,313,8,1,108,11,4.16666666666667,"Northern Range Edge","38.83-39.8",12
"Cryptochiton stelleri",TRUE,TRUE,TRUE,10,391,8,7,108,236,30.4347826086957,"Continuous Presence","38.83-39.8",12
"Cryptolithodes sitchensis",TRUE,FALSE,FALSE,0,313,8,0,108,5,0,"Southern Only Presence","38.83-39.8",12
"Cryptopleura/Hymenena spp",TRUE,TRUE,TRUE,18,242,8,8,103,3622,40.9090909090909,"Continuous Presence","38.83-39.8",12
"Cryptosiphonia woodii",TRUE,TRUE,TRUE,11,242,8,7,103,922,31.8181818181818,"Continuous Presence","38.83-39.8",12
"Cucumaria miniata",FALSE,FALSE,FALSE,0,313,8,0,108,0,0,"Absent","38.83-39.8",12
"Cucumaria/Pseudocnus spp",TRUE,TRUE,TRUE,5,313,8,2,108,573,20.8333333333333,"Continuous Presence","38.83-39.8",12
"Cumagloia andersonii",TRUE,TRUE,FALSE,1,242,8,1,103,25,4.54545454545455,"Northern Range Edge","38.83-39.8",12
"Cyanoplax hartwegii",TRUE,FALSE,TRUE,0,313,8,0,108,1890,0,"Avoidant","38.83-39.8",12
"Cyanoplax spp",TRUE,TRUE,TRUE,23,313,8,8,108,1882,45.8333333333333,"Continuous Presence","38.83-39.8",12
"Dasya binghamiae",TRUE,FALSE,FALSE,0,242,8,0,103,18,0,"Southern Only Presence","38.83-39.8",12
"Dasysiphonia japonica",TRUE,FALSE,FALSE,0,242,8,0,103,1,0,"Southern Only Presence","38.83-39.8",12
"Delesseria decipiens",FALSE,TRUE,TRUE,1,242,8,1,103,5,4.54545454545455,"Southern Range Edge","38.83-39.8",12
"Dendrobeania lichenoides",FALSE,FALSE,FALSE,0,242,8,0,103,0,0,"Absent","38.83-39.8",12
"Dendronotus subramosus",TRUE,FALSE,FALSE,0,313,8,0,108,1,0,"Southern Only Presence","38.83-39.8",12
"Dendropoma lituella",FALSE,FALSE,FALSE,0,242,8,0,103,0,0,"Absent","38.83-39.8",12
"Derbesia marina",TRUE,TRUE,TRUE,1,242,8,1,103,12,4.54545454545455,"Continuous Presence","38.83-39.8",12
"Dermasterias imbricata",TRUE,TRUE,TRUE,8,391,8,4,108,683,26.0869565217391,"Continuous Presence","38.83-39.8",12
"Desmarestia ligulata",TRUE,TRUE,TRUE,5,242,8,3,103,121,22.7272727272727,"Continuous Presence","38.83-39.8",12
"Diaperoecia californica",FALSE,FALSE,FALSE,0,242,8,0,103,0,0,"Absent","38.83-39.8",12
"Diaulula sandiegensis",TRUE,TRUE,TRUE,1,313,8,1,108,12,4.16666666666667,"Continuous Presence","38.83-39.8",12
"Dictyoneurum californicum",TRUE,TRUE,FALSE,3,242,8,2,103,12,9.09090909090909,"Northern Range Edge","38.83-39.8",12
"Dictyopteris undulata",TRUE,FALSE,FALSE,0,242,8,0,103,22,0,"Southern Only Presence","38.83-39.8",12
"Dictyota binghamiae",TRUE,FALSE,FALSE,0,242,8,0,103,4,0,"Southern Only Presence","38.83-39.8",12
"Dictyota coriacea",TRUE,FALSE,FALSE,0,242,8,0,103,138,0,"Southern Only Presence","38.83-39.8",12
"Dilsea californica",TRUE,TRUE,TRUE,12,242,8,6,103,447,31.8181818181818,"Continuous Presence","38.83-39.8",12
"Diodora aspera",TRUE,FALSE,TRUE,0,313,8,0,108,11,0,"Avoidant","38.83-39.8",12
"Dirona albolineata",TRUE,FALSE,FALSE,0,313,8,0,108,2,0,"Southern Only Presence","38.83-39.8",12
"Discurria insessa",TRUE,TRUE,TRUE,3,313,8,3,108,120,8.33333333333333,"Continuous Presence","38.83-39.8",12
"Distaplia occidentalis",TRUE,TRUE,FALSE,1,242,8,1,103,9,4.54545454545455,"Northern Range Edge","38.83-39.8",12
"Dodecaceria spp",TRUE,TRUE,TRUE,6,242,8,3,103,239,27.2727272727273,"Continuous Presence","38.83-39.8",12
"Doris montereyensis",TRUE,TRUE,FALSE,2,313,8,2,108,3,8.33333333333333,"Northern Range Edge","38.83-39.8",12
"Ectocarpus spp",TRUE,FALSE,FALSE,0,242,8,0,103,2,0,"Southern Only Presence","38.83-39.8",12
"Egregia menziesii",TRUE,TRUE,TRUE,14,242,8,6,103,5494,36.3636363636364,"Continuous Presence","38.83-39.8",12
"Eisenia arborea",TRUE,FALSE,TRUE,0,242,8,0,103,141,0,"Avoidant","38.83-39.8",12
"Encrusting coralline",TRUE,TRUE,TRUE,18,242,8,8,103,8084,40.9090909090909,"Continuous Presence","38.83-39.8",12
"Endarachne/Petalonia/Phaeostrophion spp",TRUE,TRUE,TRUE,1,242,8,1,103,381,4.54545454545455,"Continuous Presence","38.83-39.8",12
"Endocladia muricata",TRUE,TRUE,TRUE,18,242,8,8,103,14318,40.9090909090909,"Continuous Presence","38.83-39.8",12
"Endoplura aurea",FALSE,FALSE,FALSE,0,242,8,0,103,0,0,"Absent","38.83-39.8",12
"Epiactis prolifera",TRUE,TRUE,FALSE,1,242,8,1,103,5,4.54545454545455,"Northern Range Edge","38.83-39.8",12
"Epitonium tinctum",TRUE,TRUE,TRUE,8,313,8,6,108,388,20.8333333333333,"Continuous Presence","38.83-39.8",12
"Erythroglossum californicum",TRUE,TRUE,FALSE,1,242,8,1,103,48,4.54545454545455,"Northern Range Edge","38.83-39.8",12
"Erythrophyllum delesserioides",TRUE,TRUE,TRUE,8,242,8,4,103,222,22.7272727272727,"Continuous Presence","38.83-39.8",12
"Eudendrium californicum",TRUE,FALSE,TRUE,0,242,8,0,103,2,0,"Avoidant","38.83-39.8",12
"Eudistoma psammion",TRUE,FALSE,FALSE,0,242,8,0,103,45,0,"Southern Only Presence","38.83-39.8",12
"Eudistoma ritteri",TRUE,FALSE,TRUE,0,242,8,0,103,4,0,"Avoidant","38.83-39.8",12
"Eudistylia polymorpha",FALSE,FALSE,FALSE,0,242,8,0,103,0,0,"Absent","38.83-39.8",12
"Eupentacta spp",FALSE,FALSE,TRUE,0,313,8,0,108,11,0,"Northern Only Presence","38.83-39.8",12
"Eurystomella bilabiata",TRUE,TRUE,TRUE,2,242,8,2,103,29,9.09090909090909,"Continuous Presence","38.83-39.8",12
"Evasterias troschelii",FALSE,FALSE,FALSE,0,391,8,0,108,0,0,"Absent","38.83-39.8",12
"Farlowia compressa",TRUE,FALSE,FALSE,0,242,8,0,103,3,0,"Southern Only Presence","38.83-39.8",12
"Farlowia mollis",TRUE,FALSE,FALSE,0,242,8,0,103,17,0,"Southern Only Presence","38.83-39.8",12
"Farlowia/Pikea spp",TRUE,TRUE,TRUE,3,242,8,3,103,93,13.6363636363636,"Continuous Presence","38.83-39.8",12
"Fissurella volcano",TRUE,FALSE,FALSE,0,313,8,0,108,4909,0,"Southern Only Presence","38.83-39.8",12
"Fissurellidea bimaculata",TRUE,FALSE,FALSE,0,313,8,0,108,5,0,"Southern Only Presence","38.83-39.8",12
"Flustrellidra corniculata",TRUE,FALSE,FALSE,0,242,8,0,103,4,0,"Southern Only Presence","38.83-39.8",12
"Fredericqia chiton",TRUE,FALSE,FALSE,0,242,8,0,103,1,0,"Southern Only Presence","38.83-39.8",12
"Fucus spp",TRUE,TRUE,TRUE,18,242,8,8,103,3137,40.9090909090909,"Continuous Presence","38.83-39.8",12
"Gastroclonium parvum",TRUE,FALSE,FALSE,0,242,8,0,103,162,0,"Southern Only Presence","38.83-39.8",12
"Gelidium purpurascens",TRUE,FALSE,FALSE,0,242,8,0,103,43,0,"Southern Only Presence","38.83-39.8",12
"Gelidium robustum",TRUE,TRUE,FALSE,1,242,8,1,103,128,4.54545454545455,"Northern Range Edge","38.83-39.8",12
"Gelidium spp",TRUE,TRUE,TRUE,17,242,8,7,103,4262,40.9090909090909,"Continuous Presence","38.83-39.8",12
"Gloiopeltis furcata",TRUE,TRUE,TRUE,3,242,8,3,103,69,4.54545454545455,"Continuous Presence","38.83-39.8",12
"Gloiosiphonia californica",TRUE,FALSE,TRUE,0,242,8,0,103,4,0,"Avoidant","38.83-39.8",12
"Gracilariopsis/Gracilaria spp",TRUE,FALSE,FALSE,0,242,8,0,103,423,0,"Southern Only Presence","38.83-39.8",12
"Grateloupia angusta",TRUE,FALSE,FALSE,0,242,8,0,103,2,0,"Southern Only Presence","38.83-39.8",12
"Grateloupia californica",TRUE,TRUE,TRUE,1,242,8,1,103,139,4.54545454545455,"Continuous Presence","38.83-39.8",12
"Grateloupia cornea",TRUE,FALSE,FALSE,0,242,8,0,103,4,0,"Southern Only Presence","38.83-39.8",12
"Halichondria panicea",TRUE,TRUE,TRUE,1,242,8,1,103,5,4.54545454545455,"Continuous Presence","38.83-39.8",12
"Halichondria spp",TRUE,TRUE,TRUE,3,242,8,2,103,57,13.6363636363636,"Continuous Presence","38.83-39.8",12
"Haliclona spp",TRUE,TRUE,TRUE,2,242,8,2,103,60,9.09090909090909,"Continuous Presence","38.83-39.8",12
"Halosaccion glandiforme",TRUE,TRUE,TRUE,16,242,8,7,103,769,36.3636363636364,"Continuous Presence","38.83-39.8",12
"Halymenia/Schizymenia spp",TRUE,TRUE,TRUE,7,242,8,6,103,221,22.7272727272727,"Continuous Presence","38.83-39.8",12
"Haminoea vesicula",TRUE,FALSE,FALSE,0,313,8,0,108,13,0,"Southern Only Presence","38.83-39.8",12
"Haminoea virescens",TRUE,FALSE,FALSE,0,313,8,0,108,12,0,"Southern Only Presence","38.83-39.8",12
"Hapalospongidion gelatinosum",FALSE,FALSE,FALSE,0,242,8,0,103,0,0,"Absent","38.83-39.8",12
"Haplogloia andersonii",TRUE,FALSE,TRUE,0,242,8,0,103,11,0,"Avoidant","38.83-39.8",12
"Hapterophycus canaliculatus",TRUE,FALSE,TRUE,0,242,8,0,103,93,0,"Avoidant","38.83-39.8",12
"Hedophyllum sessile",TRUE,TRUE,TRUE,8,242,8,3,103,720,27.2727272727273,"Continuous Presence","38.83-39.8",12
"Heliaster kubiniji",FALSE,FALSE,FALSE,0,391,8,0,108,0,0,"Absent","38.83-39.8",12
"Hemigrapsus nudus",TRUE,TRUE,TRUE,4,313,8,3,108,66,16.6666666666667,"Continuous Presence","38.83-39.8",12
"Hemigrapsus oregonensis",FALSE,FALSE,TRUE,0,313,8,0,108,1,0,"Northern Only Presence","38.83-39.8",12
"Henricia spp",TRUE,TRUE,TRUE,18,391,8,8,108,446,39.1304347826087,"Continuous Presence","38.83-39.8",12
"Hermissenda crassicornis",TRUE,TRUE,FALSE,3,313,8,1,108,32,12.5,"Northern Range Edge","38.83-39.8",12
"Herposiphonia littoralis",TRUE,FALSE,FALSE,0,242,8,0,103,9,0,"Southern Only Presence","38.83-39.8",12
"Herposiphonia plumula",FALSE,FALSE,FALSE,0,242,8,0,103,0,0,"Absent","38.83-39.8",12
"Herposiphonia verticillata",TRUE,FALSE,FALSE,0,242,8,0,103,15,0,"Southern Only Presence","38.83-39.8",12
"Homalopoma spp",TRUE,TRUE,TRUE,4,313,8,4,108,191,12.5,"Continuous Presence","38.83-39.8",12
"Hypnea johnstonii",TRUE,FALSE,FALSE,0,242,8,0,103,12,0,"Southern Only Presence","38.83-39.8",12
"Hypnea valentiae",TRUE,FALSE,FALSE,0,242,8,0,103,164,0,"Southern Only Presence","38.83-39.8",12
"Hypnea variabilis",TRUE,FALSE,FALSE,0,242,8,0,103,5,0,"Southern Only Presence","38.83-39.8",12
"Idotea spp",TRUE,TRUE,TRUE,22,313,8,8,108,837,45.8333333333333,"Continuous Presence","38.83-39.8",12
"Jania rosea",TRUE,FALSE,FALSE,0,242,8,0,103,88,0,"Southern Only Presence","38.83-39.8",12
"Jania tenella",TRUE,FALSE,FALSE,0,242,8,0,103,13,0,"Southern Only Presence","38.83-39.8",12
"Jania verrucosa",TRUE,FALSE,FALSE,0,242,8,0,103,531,0,"Southern Only Presence","38.83-39.8",12
"Johansenia macmillanii",TRUE,FALSE,FALSE,0,242,8,0,103,4,0,"Southern Only Presence","38.83-39.8",12
"Katharina tunicata",TRUE,TRUE,TRUE,13,313,8,5,108,555,41.6666666666667,"Continuous Presence","38.83-39.8",12
"Kelletia kelletii",TRUE,FALSE,FALSE,0,313,8,0,108,9,0,"Southern Only Presence","38.83-39.8",12
"Lacuna spp",TRUE,TRUE,TRUE,12,313,8,6,108,18119,29.1666666666667,"Continuous Presence","38.83-39.8",12
"Laminaria ephemera",FALSE,FALSE,TRUE,0,242,8,0,103,4,0,"Northern Only Presence","38.83-39.8",12
"Laminaria farlowii",TRUE,FALSE,FALSE,0,242,8,0,103,1,0,"Southern Only Presence","38.83-39.8",12
"Laminaria setchellii",TRUE,TRUE,TRUE,13,242,8,7,103,553,31.8181818181818,"Continuous Presence","38.83-39.8",12
"Laminaria sinclairii",TRUE,TRUE,TRUE,2,242,8,1,103,252,9.09090909090909,"Continuous Presence","38.83-39.8",12
"Laurencia pacifica/masonii",TRUE,FALSE,FALSE,0,242,8,0,103,462,0,"Southern Only Presence","38.83-39.8",12
"Laurencia spp",TRUE,FALSE,FALSE,0,242,8,0,103,15,0,"Southern Only Presence","38.83-39.8",12
"Lepidozona spp",TRUE,TRUE,TRUE,3,313,8,3,108,127,12.5,"Continuous Presence","38.83-39.8",12
"Leptasterias spp",TRUE,TRUE,TRUE,23,313,8,8,108,1995,45.8333333333333,"Continuous Presence","38.83-39.8",12
"Lessoniopsis littoralis",TRUE,TRUE,TRUE,1,242,8,1,103,10,4.54545454545455,"Continuous Presence","38.83-39.8",12
"Ligia spp",TRUE,TRUE,TRUE,7,313,8,4,108,32,20.8333333333333,"Continuous Presence","38.83-39.8",12
"Limacia cockerelli",TRUE,FALSE,FALSE,0,313,8,0,108,2,0,"Southern Only Presence","38.83-39.8",12
"Linckia columbiae",FALSE,FALSE,FALSE,0,391,8,0,108,0,0,"Absent","38.83-39.8",12
"Lirabuccinum dirum",TRUE,TRUE,TRUE,2,313,8,2,108,133,8.33333333333333,"Continuous Presence","38.83-39.8",12
"Lirularia/Margarites spp",TRUE,TRUE,TRUE,7,313,8,6,108,396,16.6666666666667,"Continuous Presence","38.83-39.8",12
"Lithophyllum/Lithothamnion spp",TRUE,FALSE,TRUE,0,242,8,0,103,159,0,"Avoidant","38.83-39.8",12
"Lithothrix aspergillum",TRUE,FALSE,FALSE,0,242,8,0,103,1542,0,"Southern Only Presence","38.83-39.8",12
"Littorina spp.",TRUE,TRUE,TRUE,22,313,8,8,108,737668,45.8333333333333,"Continuous Presence","38.83-39.8",12
"Lomentaria hakodatensis",TRUE,FALSE,FALSE,0,242,8,0,103,250,0,"Southern Only Presence","38.83-39.8",12
"Lottia asmi",TRUE,TRUE,TRUE,5,313,8,5,108,357,8.33333333333333,"Continuous Presence","38.83-39.8",12
"Lottia austrodigitalis/digitalis",TRUE,TRUE,TRUE,22,313,8,8,108,70520,45.8333333333333,"Continuous Presence","38.83-39.8",12
"Lottia fenestrata",TRUE,FALSE,TRUE,0,313,8,0,108,1030,0,"Avoidant","38.83-39.8",12
"Lottia instabilis",TRUE,TRUE,TRUE,3,313,8,3,108,229,12.5,"Continuous Presence","38.83-39.8",12
"Lottia limatula",TRUE,TRUE,TRUE,7,313,8,6,108,3715,16.6666666666667,"Continuous Presence","38.83-39.8",12
"Lottia paradigitalis/strigatella",TRUE,TRUE,TRUE,23,313,8,8,108,87755,45.8333333333333,"Continuous Presence","38.83-39.8",12
"Lottia pelta",TRUE,TRUE,TRUE,22,313,8,8,108,14378,45.8333333333333,"Continuous Presence","38.83-39.8",12
"Lottia persona",TRUE,FALSE,TRUE,0,313,8,0,108,82,0,"Avoidant","38.83-39.8",12
"Lottia polyfacies",TRUE,FALSE,FALSE,0,313,8,0,108,37,0,"Southern Only Presence","38.83-39.8",12
"Lottia scabra/conus",TRUE,TRUE,TRUE,23,313,8,8,108,120485,45.8333333333333,"Continuous Presence","38.83-39.8",12
"Lottia scutum",TRUE,TRUE,TRUE,19,313,8,8,108,2814,41.6666666666667,"Continuous Presence","38.83-39.8",12
"Macrocystis pyrifera",TRUE,FALSE,FALSE,0,242,8,0,103,74,0,"Southern Only Presence","38.83-39.8",12
"Macron lividus",TRUE,FALSE,FALSE,0,313,8,0,108,145,0,"Southern Only Presence","38.83-39.8",12
"Mastocarpus spp",TRUE,TRUE,TRUE,18,242,8,8,103,12690,40.9090909090909,"Continuous Presence","38.83-39.8",12
"Maxwellia gemma",TRUE,FALSE,FALSE,0,313,8,0,108,5,0,"Southern Only Presence","38.83-39.8",12
"Mazzaella affinis",TRUE,TRUE,TRUE,4,242,8,4,103,821,13.6363636363636,"Continuous Presence","38.83-39.8",12
"Mazzaella flaccida/oregona/splendens",TRUE,TRUE,TRUE,18,242,8,8,103,11621,40.9090909090909,"Continuous Presence","38.83-39.8",12
"Mazzaella leptorhynchos",TRUE,FALSE,FALSE,0,242,8,0,103,455,0,"Southern Only Presence","38.83-39.8",12
"Mazzaella linearis",TRUE,FALSE,TRUE,0,242,8,0,103,87,0,"Avoidant","38.83-39.8",12
"Mazzaella parksii",TRUE,TRUE,TRUE,2,242,8,1,103,115,9.09090909090909,"Continuous Presence","38.83-39.8",12
"Mazzaella phyllocarpa",FALSE,FALSE,FALSE,0,242,8,0,103,0,0,"Absent","38.83-39.8",12
"Mazzaella volans",TRUE,FALSE,FALSE,0,242,8,0,103,23,0,"Southern Only Presence","38.83-39.8",12
"Megabalanus californicus",TRUE,FALSE,TRUE,0,242,8,0,103,3,0,"Avoidant","38.83-39.8",12
"Megastraea undosa",TRUE,FALSE,FALSE,0,313,8,0,108,10,0,"Southern Only Presence","38.83-39.8",12
"Melanosiphon/Scytosiphon spp",TRUE,TRUE,TRUE,2,242,8,1,103,208,9.09090909090909,"Continuous Presence","38.83-39.8",12
"Membranipora spp",TRUE,FALSE,FALSE,0,242,8,0,103,5,0,"Southern Only Presence","38.83-39.8",12
"Metridium senile",FALSE,FALSE,FALSE,0,242,8,0,103,0,0,"Absent","38.83-39.8",12
"Mexacanthina lugubris",TRUE,FALSE,FALSE,0,313,8,0,108,253,0,"Southern Only Presence","38.83-39.8",12
"Microcladia borealis",TRUE,TRUE,TRUE,18,242,8,8,103,835,40.9090909090909,"Continuous Presence","38.83-39.8",12
"Microcladia coulteri",TRUE,TRUE,TRUE,2,242,8,1,103,18,9.09090909090909,"Continuous Presence","38.83-39.8",12
"Mopalia spp",TRUE,TRUE,TRUE,19,313,8,8,108,1201,45.8333333333333,"Continuous Presence","38.83-39.8",12
"Mytilisepta/Brachidontes spp",TRUE,FALSE,FALSE,0,242,8,0,103,243,0,"Southern Only Presence","38.83-39.8",12
"Mytilus californianus",TRUE,TRUE,TRUE,13,242,8,6,103,25035,36.3636363636364,"Continuous Presence","38.83-39.8",12
"Mytilus trossulus/galloprovincialis/edulis",TRUE,TRUE,TRUE,1,242,8,1,103,126,4.54545454545455,"Continuous Presence","38.83-39.8",12
"Navanax inermis",TRUE,FALSE,FALSE,0,313,8,0,108,4,0,"Southern Only Presence","38.83-39.8",12
"Nemalion elminthoides",TRUE,FALSE,FALSE,0,242,8,0,103,5,0,"Southern Only Presence","38.83-39.8",12
"Neogastroclonium subarticulatum",TRUE,TRUE,TRUE,11,242,8,6,103,1776,27.2727272727273,"Continuous Presence","38.83-39.8",12
"Neoptilota/Ptilota spp",TRUE,FALSE,TRUE,0,242,8,0,103,293,0,"Avoidant","38.83-39.8",12
"Neorhodomela larix",TRUE,TRUE,TRUE,14,242,8,8,103,2604,36.3636363636364,"Continuous Presence","38.83-39.8",12
"Neorhodomela oregona",TRUE,TRUE,TRUE,10,242,8,6,103,392,31.8181818181818,"Continuous Presence","38.83-39.8",12
"Nereocystis luetkeana",TRUE,TRUE,TRUE,2,242,8,2,103,40,9.09090909090909,"Continuous Presence","38.83-39.8",12
"Nienburgia andersoniana",TRUE,FALSE,FALSE,0,242,8,0,103,135,0,"Southern Only Presence","38.83-39.8",12
"Non Coralline crust",TRUE,TRUE,TRUE,18,242,8,8,103,15090,40.9090909090909,"Continuous Presence","38.83-39.8",12
"Norrisia norrisii",TRUE,FALSE,FALSE,0,313,8,0,108,12,0,"Southern Only Presence","38.83-39.8",12
"Nucella canaliculata",TRUE,TRUE,TRUE,8,313,8,2,108,703,25,"Continuous Presence","38.83-39.8",12
"Nucella emarginata/ostrina",TRUE,TRUE,TRUE,20,313,8,8,108,10126,45.8333333333333,"Continuous Presence","38.83-39.8",12
"Nucella lamellosa",FALSE,FALSE,TRUE,0,313,8,0,108,2,0,"Northern Only Presence","38.83-39.8",12
"Nuttallina spp",TRUE,TRUE,TRUE,13,313,8,5,108,15520,41.6666666666667,"Continuous Presence","38.83-39.8",12
"Obelia spp",TRUE,FALSE,FALSE,0,242,8,0,103,2,0,"Southern Only Presence","38.83-39.8",12
"Odonthalia floccosa",TRUE,TRUE,TRUE,18,242,8,8,103,4729,40.9090909090909,"Continuous Presence","38.83-39.8",12
"Odonthalia washingtoniensis",FALSE,FALSE,TRUE,0,242,8,0,103,9,0,"Northern Only Presence","38.83-39.8",12
"Oedignathus inermis",TRUE,TRUE,TRUE,3,313,8,3,108,38,12.5,"Continuous Presence","38.83-39.8",12
"Olivella biplicata",TRUE,FALSE,FALSE,0,313,8,0,108,5,0,"Southern Only Presence","38.83-39.8",12
"Onchidella borealis",TRUE,TRUE,TRUE,17,313,8,8,108,1477,41.6666666666667,"Continuous Presence","38.83-39.8",12
"Onchidoris bilamellata",FALSE,FALSE,FALSE,0,313,8,0,108,0,0,"Absent","38.83-39.8",12
"Opalia borealis",TRUE,FALSE,FALSE,0,313,8,0,108,3,0,"Southern Only Presence","38.83-39.8",12
"Opalia funiculata",TRUE,FALSE,FALSE,0,313,8,0,108,105,0,"Southern Only Presence","38.83-39.8",12
"Ophiuroid",TRUE,TRUE,TRUE,1,313,8,1,108,27,4.16666666666667,"Continuous Presence","38.83-39.8",12
"Ophlitaspongia pennata",TRUE,TRUE,TRUE,1,242,8,1,103,65,4.54545454545455,"Continuous Presence","38.83-39.8",12
"Opuntiella californica",FALSE,FALSE,FALSE,0,242,8,0,103,0,0,"Absent","38.83-39.8",12
"Oregonia gracilis",FALSE,FALSE,FALSE,0,313,8,0,108,0,0,"Absent","38.83-39.8",12
"Orienthella trilineata",TRUE,TRUE,TRUE,1,313,8,1,108,4,4.16666666666667,"Continuous Presence","38.83-39.8",12
"Osmundea sinicola",TRUE,TRUE,FALSE,2,242,8,1,103,244,9.09090909090909,"Northern Range Edge","38.83-39.8",12
"Osmundea spectabilis",TRUE,TRUE,TRUE,14,242,8,7,103,465,36.3636363636364,"Continuous Presence","38.83-39.8",12
"Osmundea splendens",TRUE,FALSE,FALSE,0,242,8,0,103,7,0,"Southern Only Presence","38.83-39.8",12
"Pachycheles spp",TRUE,TRUE,TRUE,4,313,8,3,108,116,12.5,"Continuous Presence","38.83-39.8",12
"Pachygrapsus crassipes",TRUE,TRUE,TRUE,21,313,8,8,108,4995,45.8333333333333,"Continuous Presence","38.83-39.8",12
"Paciocinebrina circumtexta",TRUE,FALSE,FALSE,0,313,8,0,108,445,0,"Southern Only Presence","38.83-39.8",12
"Paciocinebrina interfossa",TRUE,TRUE,TRUE,5,313,8,4,108,74,16.6666666666667,"Continuous Presence","38.83-39.8",12
"Paciocinebrina lurida",TRUE,TRUE,TRUE,2,313,8,2,108,12,8.33333333333333,"Continuous Presence","38.83-39.8",12
"Padina spp",FALSE,FALSE,FALSE,0,242,8,0,103,0,0,"Absent","38.83-39.8",12
"Pagurus beringanus",TRUE,FALSE,TRUE,0,313,8,0,108,13,0,"Avoidant","38.83-39.8",12
"Pagurus caurinus",FALSE,FALSE,TRUE,0,313,8,0,108,2,0,"Northern Only Presence","38.83-39.8",12
"Pagurus granosimanus",TRUE,TRUE,TRUE,8,313,8,5,108,620,20.8333333333333,"Continuous Presence","38.83-39.8",12
"Pagurus hemphilli",TRUE,TRUE,FALSE,2,313,8,2,108,7,8.33333333333333,"Northern Range Edge","38.83-39.8",12
"Pagurus hirsutiusculus",TRUE,TRUE,TRUE,22,313,8,8,108,5489,45.8333333333333,"Continuous Presence","38.83-39.8",12
"Pagurus samuelis",TRUE,TRUE,TRUE,14,313,8,7,108,4232,33.3333333333333,"Continuous Presence","38.83-39.8",12
"Palmaria callophylloides",FALSE,FALSE,FALSE,0,242,8,0,103,0,0,"Absent","38.83-39.8",12
"Palmaria hecatensis",FALSE,FALSE,FALSE,0,242,8,0,103,0,0,"Absent","38.83-39.8",12
"Palmaria mollis",TRUE,FALSE,FALSE,0,242,8,0,103,53,0,"Southern Only Presence","38.83-39.8",12
"Palmaria palmata",FALSE,FALSE,FALSE,0,242,8,0,103,0,0,"Absent","38.83-39.8",12
"Panulirus interruptus",FALSE,FALSE,FALSE,0,391,8,0,108,0,0,"Absent","38.83-39.8",12
"Paraxanthias taylori",TRUE,FALSE,FALSE,0,313,8,0,108,4,0,"Southern Only Presence","38.83-39.8",12
"Patiria miniata",TRUE,TRUE,TRUE,5,391,8,4,108,882,13.0434782608696,"Continuous Presence","38.83-39.8",12
"Peltodoris nobilis",TRUE,TRUE,FALSE,1,313,8,1,108,17,4.16666666666667,"Northern Range Edge","38.83-39.8",12
"Pelvetiopsis arborescens/hybrida/limitata",TRUE,TRUE,TRUE,15,242,8,7,103,3166,40.9090909090909,"Continuous Presence","38.83-39.8",12
"Pelvetiopsis californica",TRUE,FALSE,FALSE,0,242,8,0,103,351,0,"Southern Only Presence","38.83-39.8",12
"Petaloconchus montereyensis",TRUE,FALSE,FALSE,0,242,8,0,103,1,0,"Southern Only Presence","38.83-39.8",12
"Petrolisthes spp",TRUE,TRUE,TRUE,11,313,8,5,108,229,37.5,"Continuous Presence","38.83-39.8",12
"Petrospongium rugosum",TRUE,TRUE,FALSE,3,242,8,3,103,420,9.09090909090909,"Northern Range Edge","38.83-39.8",12
"Phragmatopoma/Sabellaria spp",TRUE,TRUE,TRUE,7,242,8,6,103,3827,13.6363636363636,"Continuous Presence","38.83-39.8",12
"Phyllospadix scouleri/serrulatus",TRUE,TRUE,TRUE,16,242,8,7,103,5564,36.3636363636364,"Continuous Presence","38.83-39.8",12
"Phyllospadix torreyi",TRUE,TRUE,TRUE,10,242,8,5,103,9543,31.8181818181818,"Continuous Presence","38.83-39.8",12
"Pilayella littoralis",FALSE,FALSE,FALSE,0,242,8,0,103,0,0,"Absent","38.83-39.8",12
"Pisaster giganteus",TRUE,TRUE,TRUE,1,391,8,1,108,46,4.34782608695652,"Continuous Presence","38.83-39.8",12
"Pisaster ochraceus",TRUE,TRUE,TRUE,22,391,8,7,108,39106,52.1739130434783,"Continuous Presence","38.83-39.8",12
"Pista spp",TRUE,TRUE,TRUE,2,242,8,2,103,109,4.54545454545455,"Continuous Presence","38.83-39.8",12
"Placiphorella velata",TRUE,TRUE,FALSE,2,313,8,1,108,6,8.33333333333333,"Northern Range Edge","38.83-39.8",12
"Pleonosporium spp",FALSE,FALSE,FALSE,0,242,8,0,103,0,0,"Absent","38.83-39.8",12
"Plocamium oregonum",FALSE,FALSE,TRUE,0,242,8,0,103,2,0,"Northern Only Presence","38.83-39.8",12
"Plocamium pacificum",TRUE,TRUE,TRUE,4,242,8,2,103,828,18.1818181818182,"Continuous Presence","38.83-39.8",12
"Plocamium violaceum",TRUE,TRUE,TRUE,3,242,8,2,103,165,13.6363636363636,"Continuous Presence","38.83-39.8",12
"Pododesmus macrochisma",FALSE,FALSE,FALSE,0,242,8,0,103,0,0,"Absent","38.83-39.8",12
"Pollicipes polymerus",TRUE,TRUE,TRUE,8,242,8,3,103,1847,27.2727272727273,"Continuous Presence","38.83-39.8",12
"Polyneura latissima",TRUE,TRUE,TRUE,1,242,8,1,103,26,4.54545454545455,"Continuous Presence","38.83-39.8",12
"Polysiphonia spp",TRUE,TRUE,TRUE,8,242,8,4,103,942,22.7272727272727,"Continuous Presence","38.83-39.8",12
"Potamilla occelata",TRUE,FALSE,FALSE,0,242,8,0,103,1,0,"Southern Only Presence","38.83-39.8",12
"Primavelans insculpta",FALSE,FALSE,FALSE,0,242,8,0,103,0,0,"Absent","38.83-39.8",12
"Prionitis filiformis",FALSE,FALSE,TRUE,0,242,8,0,103,2,0,"Northern Only Presence","38.83-39.8",12
"Prionitis lanceolata",TRUE,TRUE,TRUE,14,242,8,7,103,2212,36.3636363636364,"Continuous Presence","38.83-39.8",12
"Prionitis linearis",TRUE,FALSE,TRUE,0,242,8,0,103,8,0,"Avoidant","38.83-39.8",12
"Prionitis sternbergii",TRUE,TRUE,TRUE,7,242,8,4,103,237,27.2727272727273,"Continuous Presence","38.83-39.8",12
"Pseudochama exogyra",TRUE,FALSE,FALSE,0,242,8,0,103,278,0,"Southern Only Presence","38.83-39.8",12
"Pseudolithoderma nigrum",TRUE,TRUE,TRUE,5,242,8,5,103,607,13.6363636363636,"Continuous Presence","38.83-39.8",12
"Pseudomelatoma penicillata",TRUE,FALSE,FALSE,0,313,8,0,108,4,0,"Southern Only Presence","38.83-39.8",12
"Pseudomelatoma torosa",TRUE,TRUE,TRUE,2,313,8,2,108,16,8.33333333333333,"Continuous Presence","38.83-39.8",12
"Pseudopusula californiana",TRUE,FALSE,FALSE,0,313,8,0,108,1,0,"Southern Only Presence","38.83-39.8",12
"Pterocladiella capillacea",TRUE,FALSE,FALSE,0,242,8,0,103,1208,0,"Southern Only Presence","38.83-39.8",12
"Pterocladiella media",TRUE,FALSE,FALSE,0,242,8,0,103,21,0,"Southern Only Presence","38.83-39.8",12
"Pteropurpura trialata",TRUE,FALSE,FALSE,0,313,8,0,108,2,0,"Southern Only Presence","38.83-39.8",12
"Pterygophora californica",TRUE,TRUE,TRUE,1,242,8,1,103,26,4.54545454545455,"Continuous Presence","38.83-39.8",12
"Pugettia foliata",FALSE,FALSE,FALSE,0,313,8,0,108,0,0,"Absent","38.83-39.8",12
"Pugettia gracilis/richii",TRUE,TRUE,TRUE,8,313,8,5,108,97,25,"Continuous Presence","38.83-39.8",12
"Pugettia producta",TRUE,TRUE,TRUE,16,313,8,8,108,541,37.5,"Continuous Presence","38.83-39.8",12
"Pycnogonida",TRUE,TRUE,FALSE,1,313,8,1,108,22,4.16666666666667,"Northern Range Edge","38.83-39.8",12
"Pycnopodia helianthoides",TRUE,TRUE,TRUE,4,391,8,3,108,81,17.3913043478261,"Continuous Presence","38.83-39.8",12
"Pyropia spp",TRUE,TRUE,TRUE,15,242,8,8,103,1718,40.9090909090909,"Continuous Presence","38.83-39.8",12
"Rhodymenia californica",TRUE,FALSE,TRUE,0,242,8,0,103,50,0,"Avoidant","38.83-39.8",12
"Rhodymenia pacifica",TRUE,TRUE,FALSE,2,242,8,2,103,44,4.54545454545455,"Northern Range Edge","38.83-39.8",12
"Roperia poulsoni",TRUE,FALSE,FALSE,0,313,8,0,108,106,0,"Southern Only Presence","38.83-39.8",12
"Saccharina latissima",FALSE,FALSE,FALSE,0,242,8,0,103,0,0,"Absent","38.83-39.8",12
"Sarcodiotheca gaudichaudii",TRUE,FALSE,FALSE,0,242,8,0,103,94,0,"Southern Only Presence","38.83-39.8",12
"Sargassum agardhianum",TRUE,FALSE,FALSE,0,242,8,0,103,12,0,"Southern Only Presence","38.83-39.8",12
"Sargassum horneri",TRUE,FALSE,FALSE,0,242,8,0,103,6,0,"Southern Only Presence","38.83-39.8",12
"Sargassum muticum",TRUE,FALSE,FALSE,0,242,8,0,103,1200,0,"Southern Only Presence","38.83-39.8",12
"Sargassum palmeri",FALSE,FALSE,FALSE,0,242,8,0,103,0,0,"Absent","38.83-39.8",12
"Savoiea bipinnata",TRUE,TRUE,TRUE,10,242,8,6,103,358,31.8181818181818,"Continuous Presence","38.83-39.8",12
"Schizoporella unicornis",FALSE,FALSE,FALSE,0,242,8,0,103,0,0,"Absent","38.83-39.8",12
"Semibalanus cariosus",TRUE,TRUE,TRUE,8,242,8,3,103,508,27.2727272727273,"Continuous Presence","38.83-39.8",12
"Serpula vermicularis",TRUE,FALSE,TRUE,0,242,8,0,103,15,0,"Avoidant","38.83-39.8",12
"Sertularella/Sertularia spp",TRUE,TRUE,FALSE,1,242,8,1,103,4,4.54545454545455,"Northern Range Edge","38.83-39.8",12
"Silvetia compressa",TRUE,TRUE,TRUE,10,242,8,5,103,6522,31.8181818181818,"Continuous Presence","38.83-39.8",12
"Siphonaria brannani",FALSE,FALSE,FALSE,0,313,8,0,108,0,0,"Absent","38.83-39.8",12
"Siphonaria thersites",FALSE,FALSE,FALSE,0,313,8,0,108,0,0,"Absent","38.83-39.8",12
"Sorella delicatula",FALSE,FALSE,FALSE,0,242,8,0,103,0,0,"Absent","38.83-39.8",12
"Sphacelaria californica",TRUE,FALSE,FALSE,0,242,8,0,103,12,0,"Southern Only Presence","38.83-39.8",12
"Spirobranchus spinosus",TRUE,FALSE,FALSE,0,242,8,0,103,2,0,"Southern Only Presence","38.83-39.8",12
"Spirorbis spp",TRUE,TRUE,TRUE,6,242,8,4,103,124,18.1818181818182,"Continuous Presence","38.83-39.8",12
"Spyridia filamentosa",TRUE,FALSE,FALSE,0,242,8,0,103,72,0,"Southern Only Presence","38.83-39.8",12
"Stenoplax conspicua",TRUE,FALSE,FALSE,0,313,8,0,108,34,0,"Southern Only Presence","38.83-39.8",12
"Stephanocystis dioica",TRUE,FALSE,FALSE,0,242,8,0,103,422,0,"Southern Only Presence","38.83-39.8",12
"Stephanocystis osmundacea",TRUE,TRUE,TRUE,4,242,8,2,103,428,18.1818181818182,"Continuous Presence","38.83-39.8",12
"Strongylocentrotus droebachiensis",FALSE,FALSE,FALSE,0,313,8,0,108,0,0,"Absent","38.83-39.8",12
"Strongylocentrotus franciscanus",TRUE,FALSE,FALSE,0,313,8,0,108,25,0,"Southern Only Presence","38.83-39.8",12
"Strongylocentrotus purpuratus",TRUE,TRUE,TRUE,22,313,8,8,108,11680,45.8333333333333,"Continuous Presence","38.83-39.8",12
"Styela montereyensis",TRUE,FALSE,TRUE,0,242,8,0,103,6,0,"Avoidant","38.83-39.8",12
"Symphyocladia dendroidea/Xiphosiphonia pennata",TRUE,TRUE,TRUE,6,242,8,4,103,343,27.2727272727273,"Continuous Presence","38.83-39.8",12
"Symphyocladiella baileyi",TRUE,FALSE,FALSE,0,242,8,0,103,48,0,"Southern Only Presence","38.83-39.8",12
"Taonia lennebackerae",TRUE,FALSE,FALSE,0,242,8,0,103,20,0,"Southern Only Presence","38.83-39.8",12
"Tectura paleacea",TRUE,FALSE,TRUE,0,313,8,0,108,202,0,"Avoidant","38.83-39.8",12
"Tegula aureotincta",TRUE,FALSE,FALSE,0,313,8,0,108,178,0,"Southern Only Presence","38.83-39.8",12
"Tegula brunnea",TRUE,TRUE,TRUE,13,313,8,7,108,1356,37.5,"Continuous Presence","38.83-39.8",12
"Tegula eiseni",TRUE,FALSE,FALSE,0,313,8,0,108,1955,0,"Southern Only Presence","38.83-39.8",12
"Tegula funebralis/gallina",TRUE,TRUE,TRUE,23,313,8,8,108,83091,45.8333333333333,"Continuous Presence","38.83-39.8",12
"Tegula pulligo",FALSE,FALSE,FALSE,0,313,8,0,108,0,0,"Absent","38.83-39.8",12
"Tetraclita squamosa",TRUE,TRUE,TRUE,2,242,8,2,103,1055,9.09090909090909,"Continuous Presence","38.83-39.8",12
"Thylacodes squamigerus",TRUE,FALSE,FALSE,0,242,8,0,103,152,0,"Southern Only Presence","38.83-39.8",12
"Tiffaniella snyderae",TRUE,FALSE,TRUE,0,242,8,0,103,206,0,"Avoidant","38.83-39.8",12
"Tonicella spp",TRUE,TRUE,TRUE,20,313,8,8,108,905,45.8333333333333,"Continuous Presence","38.83-39.8",12
"Trichotropis cancellata",FALSE,FALSE,FALSE,0,313,8,0,108,0,0,"Absent","38.83-39.8",12
"Ulothrix spp",TRUE,TRUE,TRUE,1,242,8,1,103,15,4.54545454545455,"Continuous Presence","38.83-39.8",12
"Ulvophyceae",TRUE,TRUE,TRUE,16,242,8,7,103,5252,40.9090909090909,"Continuous Presence","38.83-39.8",12
"Urosalpinx subangulata",TRUE,FALSE,FALSE,0,313,8,0,108,15,0,"Southern Only Presence","38.83-39.8",12
"Urospora spp",TRUE,FALSE,FALSE,0,242,8,0,103,1,0,"Southern Only Presence","38.83-39.8",12
"Urticina coriacea",TRUE,TRUE,TRUE,3,242,8,3,103,7,9.09090909090909,"Continuous Presence","38.83-39.8",12
"Verrucaria maura",FALSE,FALSE,FALSE,0,242,8,0,103,0,0,"Absent","38.83-39.8",12
"Xingyurella turgida",TRUE,FALSE,FALSE,0,242,8,0,103,1,0,"Southern Only Presence","38.83-39.8",12
"Zonaria farlowii",TRUE,FALSE,FALSE,0,242,8,0,103,81,0,"Southern Only Presence","38.83-39.8",12
"Zostera spp",FALSE,FALSE,FALSE,0,242,8,0,103,0,0,"Absent","38.83-39.8",12
"Abietinaria/Amphisbetia spp",TRUE,FALSE,FALSE,0,242,3,0,103,9,0,"Southern Only Presence","39.8-40.61",13
"Acanthinucella paucilirata",TRUE,FALSE,FALSE,0,313,3,0,108,4,0,"Southern Only Presence","39.8-40.61",13
"Acanthinucella spp",TRUE,TRUE,TRUE,1,313,3,1,108,2214,4.16666666666667,"Continuous Presence","39.8-40.61",13
"Acmaea mitra",TRUE,TRUE,TRUE,2,313,3,2,108,141,8.33333333333333,"Continuous Presence","39.8-40.61",13
"Acrosiphonia/Cladophora spp",TRUE,TRUE,TRUE,2,242,3,1,103,175,9.09090909090909,"Continuous Presence","39.8-40.61",13
"Acrosorium ciliolatum",TRUE,FALSE,FALSE,0,242,3,0,103,143,0,"Southern Only Presence","39.8-40.61",13
"Aeolidia papillosa",TRUE,FALSE,FALSE,0,313,3,0,108,3,0,"Southern Only Presence","39.8-40.61",13
"Aglaophenia spp",TRUE,TRUE,TRUE,1,242,3,1,103,18,4.54545454545455,"Continuous Presence","39.8-40.61",13
"Ahnfeltia fastigiata",TRUE,FALSE,TRUE,0,242,3,0,103,117,0,"Avoidant","39.8-40.61",13
"Ahnfeltiopsis linearis",TRUE,FALSE,TRUE,0,242,3,0,103,56,0,"Avoidant","39.8-40.61",13
"Alaria marginata",TRUE,TRUE,TRUE,2,242,3,1,103,1018,9.09090909090909,"Continuous Presence","39.8-40.61",13
"Alia spp",TRUE,TRUE,TRUE,4,313,3,2,108,1445,12.5,"Continuous Presence","39.8-40.61",13
"Amphiroa beauvoisii",TRUE,FALSE,FALSE,0,242,3,0,103,2,0,"Southern Only Presence","39.8-40.61",13
"Amphissa columbiana",TRUE,FALSE,TRUE,0,313,3,0,108,31,0,"Avoidant","39.8-40.61",13
"Amphissa versicolor",TRUE,TRUE,TRUE,3,313,3,3,108,299,12.5,"Continuous Presence","39.8-40.61",13
"Analipus japonicus",TRUE,TRUE,TRUE,3,242,3,2,103,379,9.09090909090909,"Continuous Presence","39.8-40.61",13
"Anisocladella pacifica",TRUE,FALSE,FALSE,0,242,3,0,103,4,0,"Southern Only Presence","39.8-40.61",13
"Anthopleura artemisia",TRUE,FALSE,TRUE,0,242,3,0,103,3,0,"Avoidant","39.8-40.61",13
"Anthopleura elegantissima",TRUE,TRUE,TRUE,5,242,3,3,103,5148,18.1818181818182,"Continuous Presence","39.8-40.61",13
"Anthopleura sola",TRUE,FALSE,FALSE,0,242,3,0,103,2460,0,"Southern Only Presence","39.8-40.61",13
"Anthopleura xanthogrammica",TRUE,TRUE,TRUE,7,242,3,3,103,791,27.2727272727273,"Continuous Presence","39.8-40.61",13
"Antithamnionella spp",FALSE,FALSE,FALSE,0,242,3,0,103,0,0,"Absent","39.8-40.61",13
"Aplidium spp",TRUE,TRUE,TRUE,1,242,3,1,103,73,4.54545454545455,"Continuous Presence","39.8-40.61",13
"Aplysia californica",TRUE,FALSE,FALSE,0,313,3,0,108,11,0,"Southern Only Presence","39.8-40.61",13
"Asparagopsis taxiformis",TRUE,FALSE,FALSE,0,242,3,0,103,97,0,"Southern Only Presence","39.8-40.61",13
"Atrimitra idae",FALSE,FALSE,FALSE,0,313,3,0,108,0,0,"Absent","39.8-40.61",13
"Balanus crenatus",TRUE,FALSE,FALSE,0,242,3,0,103,1,0,"Southern Only Presence","39.8-40.61",13
"Balanus glandula",TRUE,TRUE,TRUE,7,242,3,3,103,5046,27.2727272727273,"Continuous Presence","39.8-40.61",13
"Balanus glandula/Semibalanus balanoides",FALSE,FALSE,FALSE,0,242,3,0,103,0,0,"Absent","39.8-40.61",13
"Balanus nubilus",TRUE,FALSE,FALSE,0,242,3,0,103,6,0,"Southern Only Presence","39.8-40.61",13
"Bangia spp",TRUE,FALSE,FALSE,0,242,3,0,103,63,0,"Southern Only Presence","39.8-40.61",13
"Besa leptophylla",TRUE,FALSE,FALSE,0,242,3,0,103,41,0,"Southern Only Presence","39.8-40.61",13
"Bittium eschrichtii",TRUE,TRUE,TRUE,3,313,3,2,108,898,12.5,"Continuous Presence","39.8-40.61",13
"Boring clam",TRUE,FALSE,FALSE,0,242,3,0,103,12,0,"Southern Only Presence","39.8-40.61",13
"Bossiella spp",TRUE,TRUE,TRUE,6,242,3,3,103,1442,22.7272727272727,"Continuous Presence","39.8-40.61",13
"Bryopsis spp",TRUE,TRUE,FALSE,2,242,3,2,103,12,9.09090909090909,"Northern Range Edge","39.8-40.61",13
"Bugula neritina",TRUE,FALSE,FALSE,0,242,3,0,103,18,0,"Southern Only Presence","39.8-40.61",13
"Californiconus californicus",TRUE,FALSE,FALSE,0,313,3,0,108,217,0,"Southern Only Presence","39.8-40.61",13
"Calliarthron spp",TRUE,TRUE,TRUE,7,242,3,3,103,1229,27.2727272727273,"Continuous Presence","39.8-40.61",13
"Calliostoma annulatum",TRUE,FALSE,FALSE,0,313,3,0,108,5,0,"Southern Only Presence","39.8-40.61",13
"Calliostoma canaliculatum",TRUE,FALSE,FALSE,0,313,3,0,108,25,0,"Southern Only Presence","39.8-40.61",13
"Calliostoma ligatum",TRUE,TRUE,TRUE,1,313,3,1,108,90,4.16666666666667,"Continuous Presence","39.8-40.61",13
"Calliostoma supragranosum",TRUE,FALSE,FALSE,0,313,3,0,108,1,0,"Southern Only Presence","39.8-40.61",13
"Callithamnion pikeanum",TRUE,TRUE,TRUE,6,242,3,2,103,330,22.7272727272727,"Continuous Presence","39.8-40.61",13
"Callithamnion rupicola",TRUE,FALSE,FALSE,0,242,3,0,103,2,0,"Southern Only Presence","39.8-40.61",13
"Callophyllis spp",TRUE,FALSE,FALSE,0,242,3,0,103,68,0,"Southern Only Presence","39.8-40.61",13
"Cancer antennaria",TRUE,TRUE,FALSE,1,313,3,1,108,55,4.16666666666667,"Northern Range Edge","39.8-40.61",13
"Cancer oregonensis",TRUE,FALSE,TRUE,0,313,3,0,108,3,0,"Avoidant","39.8-40.61",13
"Cancer productus",TRUE,FALSE,FALSE,0,313,3,0,108,1,0,"Southern Only Presence","39.8-40.61",13
"Carpopeltis bushiae",FALSE,FALSE,FALSE,0,242,3,0,103,0,0,"Absent","39.8-40.61",13
"Caulacanthus okamurae",TRUE,FALSE,FALSE,0,242,3,0,103,1831,0,"Southern Only Presence","39.8-40.61",13
"Ceratostoma foliatum",TRUE,FALSE,FALSE,0,313,3,0,108,5,0,"Southern Only Presence","39.8-40.61",13
"Ceratostoma nuttalli",TRUE,FALSE,FALSE,0,313,3,0,108,46,0,"Southern Only Presence","39.8-40.61",13
"Cerithiopsis spp",TRUE,FALSE,FALSE,0,313,3,0,108,2,0,"Southern Only Presence","39.8-40.61",13
"Chaetomorpha spp",TRUE,TRUE,TRUE,2,242,3,1,103,148,9.09090909090909,"Continuous Presence","39.8-40.61",13
"Chondracanthus canaliculatus",TRUE,TRUE,TRUE,4,242,3,2,103,5926,18.1818181818182,"Continuous Presence","39.8-40.61",13
"Chondracanthus corymbiferus/exaspertata",TRUE,FALSE,FALSE,0,242,3,0,103,74,0,"Southern Only Presence","39.8-40.61",13
"Chondracanthus harveyanus",TRUE,FALSE,FALSE,0,242,3,0,103,5,0,"Southern Only Presence","39.8-40.61",13
"Chondracanthus spinosus",TRUE,TRUE,FALSE,1,242,3,1,103,42,4.54545454545455,"Northern Range Edge","39.8-40.61",13
"Chondria acrorhizophora",TRUE,FALSE,FALSE,0,242,3,0,103,21,0,"Southern Only Presence","39.8-40.61",13
"Chondria arcuata",TRUE,FALSE,FALSE,0,242,3,0,103,16,0,"Southern Only Presence","39.8-40.61",13
"Chondria dasyphylla",TRUE,FALSE,FALSE,0,242,3,0,103,16,0,"Southern Only Presence","39.8-40.61",13
"Chondria decipiens",TRUE,FALSE,FALSE,0,242,3,0,103,25,0,"Southern Only Presence","39.8-40.61",13
"Chondria nidifica",TRUE,FALSE,FALSE,0,242,3,0,103,157,0,"Southern Only Presence","39.8-40.61",13
"Chondria oppositiclada",TRUE,FALSE,FALSE,0,242,3,0,103,23,0,"Southern Only Presence","39.8-40.61",13
"Chone minuta",TRUE,TRUE,TRUE,1,242,3,1,103,88,4.54545454545455,"Continuous Presence","39.8-40.61",13
"Chthamalus dalli/fissus",TRUE,TRUE,TRUE,7,242,3,3,103,17343,27.2727272727273,"Continuous Presence","39.8-40.61",13
"Cirolana spp/Gnorimosphaeroma oregonense",TRUE,FALSE,TRUE,0,313,3,0,108,82,0,"Avoidant","39.8-40.61",13
"Cladophora columbiana",TRUE,TRUE,TRUE,6,242,3,3,103,1559,27.2727272727273,"Continuous Presence","39.8-40.61",13
"Cladophora graminea",TRUE,FALSE,FALSE,0,242,3,0,103,6,0,"Southern Only Presence","39.8-40.61",13
"Clavelina huntsmani",TRUE,FALSE,FALSE,0,242,3,0,103,4,0,"Southern Only Presence","39.8-40.61",13
"Codium fragile",TRUE,FALSE,FALSE,0,242,3,0,103,51,0,"Southern Only Presence","39.8-40.61",13
"Codium setchellii",TRUE,TRUE,FALSE,1,242,3,1,103,19,4.54545454545455,"Northern Range Edge","39.8-40.61",13
"Colonial diatom",TRUE,TRUE,TRUE,1,242,3,1,103,75,4.54545454545455,"Continuous Presence","39.8-40.61",13
"Colpomenia/Leathesia spp",TRUE,TRUE,TRUE,2,242,3,1,103,184,9.09090909090909,"Continuous Presence","39.8-40.61",13
"Constantinea simplex",TRUE,TRUE,TRUE,1,242,3,1,103,109,4.54545454545455,"Continuous Presence","39.8-40.61",13
"Corallina spp",TRUE,TRUE,TRUE,7,242,3,3,103,18213,27.2727272727273,"Continuous Presence","39.8-40.61",13
"Corynactis californica",FALSE,FALSE,FALSE,0,242,3,0,103,0,0,"Absent","39.8-40.61",13
"Costaria costata",TRUE,TRUE,FALSE,5,242,3,2,103,93,22.7272727272727,"Northern Range Edge","39.8-40.61",13
"Crangon spp",TRUE,FALSE,FALSE,0,313,3,0,108,10,0,"Southern Only Presence","39.8-40.61",13
"Crepipatella lingulata",TRUE,FALSE,FALSE,0,313,3,0,108,11,0,"Southern Only Presence","39.8-40.61",13
"Cryptochiton stelleri",TRUE,TRUE,TRUE,5,391,3,3,108,236,17.3913043478261,"Continuous Presence","39.8-40.61",13
"Cryptolithodes sitchensis",TRUE,FALSE,FALSE,0,313,3,0,108,5,0,"Southern Only Presence","39.8-40.61",13
"Cryptopleura/Hymenena spp",TRUE,TRUE,TRUE,7,242,3,3,103,3622,27.2727272727273,"Continuous Presence","39.8-40.61",13
"Cryptosiphonia woodii",TRUE,TRUE,TRUE,6,242,3,2,103,922,22.7272727272727,"Continuous Presence","39.8-40.61",13
"Cucumaria miniata",FALSE,FALSE,FALSE,0,313,3,0,108,0,0,"Absent","39.8-40.61",13
"Cucumaria/Pseudocnus spp",TRUE,FALSE,TRUE,0,313,3,0,108,573,0,"Avoidant","39.8-40.61",13
"Cumagloia andersonii",TRUE,FALSE,FALSE,0,242,3,0,103,25,0,"Southern Only Presence","39.8-40.61",13
"Cyanoplax hartwegii",TRUE,TRUE,FALSE,3,313,3,2,108,1890,12.5,"Northern Range Edge","39.8-40.61",13
"Cyanoplax spp",TRUE,TRUE,TRUE,7,313,3,3,108,1882,25,"Continuous Presence","39.8-40.61",13
"Dasya binghamiae",TRUE,FALSE,FALSE,0,242,3,0,103,18,0,"Southern Only Presence","39.8-40.61",13
"Dasysiphonia japonica",TRUE,FALSE,FALSE,0,242,3,0,103,1,0,"Southern Only Presence","39.8-40.61",13
"Delesseria decipiens",TRUE,TRUE,FALSE,1,242,3,1,103,5,4.54545454545455,"Northern Range Edge","39.8-40.61",13
"Dendrobeania lichenoides",FALSE,FALSE,FALSE,0,242,3,0,103,0,0,"Absent","39.8-40.61",13
"Dendronotus subramosus",TRUE,FALSE,FALSE,0,313,3,0,108,1,0,"Southern Only Presence","39.8-40.61",13
"Dendropoma lituella",FALSE,FALSE,FALSE,0,242,3,0,103,0,0,"Absent","39.8-40.61",13
"Derbesia marina",TRUE,FALSE,TRUE,0,242,3,0,103,12,0,"Avoidant","39.8-40.61",13
"Dermasterias imbricata",TRUE,TRUE,TRUE,7,391,3,3,108,683,26.0869565217391,"Continuous Presence","39.8-40.61",13
"Desmarestia ligulata",TRUE,TRUE,TRUE,3,242,3,2,103,121,13.6363636363636,"Continuous Presence","39.8-40.61",13
"Diaperoecia californica",FALSE,FALSE,FALSE,0,242,3,0,103,0,0,"Absent","39.8-40.61",13
"Diaulula sandiegensis",TRUE,FALSE,TRUE,0,313,3,0,108,12,0,"Avoidant","39.8-40.61",13
"Dictyoneurum californicum",TRUE,FALSE,FALSE,0,242,3,0,103,12,0,"Southern Only Presence","39.8-40.61",13
"Dictyopteris undulata",TRUE,FALSE,FALSE,0,242,3,0,103,22,0,"Southern Only Presence","39.8-40.61",13
"Dictyota binghamiae",TRUE,FALSE,FALSE,0,242,3,0,103,4,0,"Southern Only Presence","39.8-40.61",13
"Dictyota coriacea",TRUE,FALSE,FALSE,0,242,3,0,103,138,0,"Southern Only Presence","39.8-40.61",13
"Dilsea californica",TRUE,TRUE,TRUE,5,242,3,2,103,447,22.7272727272727,"Continuous Presence","39.8-40.61",13
"Diodora aspera",TRUE,TRUE,TRUE,1,313,3,1,108,11,4.16666666666667,"Continuous Presence","39.8-40.61",13
"Dirona albolineata",TRUE,FALSE,FALSE,0,313,3,0,108,2,0,"Southern Only Presence","39.8-40.61",13
"Discurria insessa",TRUE,FALSE,TRUE,0,313,3,0,108,120,0,"Avoidant","39.8-40.61",13
"Distaplia occidentalis",TRUE,FALSE,FALSE,0,242,3,0,103,9,0,"Southern Only Presence","39.8-40.61",13
"Dodecaceria spp",TRUE,TRUE,TRUE,4,242,3,2,103,239,13.6363636363636,"Continuous Presence","39.8-40.61",13
"Doris montereyensis",TRUE,FALSE,FALSE,0,313,3,0,108,3,0,"Southern Only Presence","39.8-40.61",13
"Ectocarpus spp",TRUE,FALSE,FALSE,0,242,3,0,103,2,0,"Southern Only Presence","39.8-40.61",13
"Egregia menziesii",TRUE,TRUE,TRUE,5,242,3,2,103,5494,22.7272727272727,"Continuous Presence","39.8-40.61",13
"Eisenia arborea",TRUE,FALSE,TRUE,0,242,3,0,103,141,0,"Avoidant","39.8-40.61",13
"Encrusting coralline",TRUE,TRUE,TRUE,7,242,3,3,103,8084,27.2727272727273,"Continuous Presence","39.8-40.61",13
"Endarachne/Petalonia/Phaeostrophion spp",TRUE,TRUE,TRUE,2,242,3,1,103,381,9.09090909090909,"Continuous Presence","39.8-40.61",13
"Endocladia muricata",TRUE,TRUE,TRUE,7,242,3,3,103,14318,27.2727272727273,"Continuous Presence","39.8-40.61",13
"Endoplura aurea",FALSE,FALSE,FALSE,0,242,3,0,103,0,0,"Absent","39.8-40.61",13
"Epiactis prolifera",TRUE,FALSE,FALSE,0,242,3,0,103,5,0,"Southern Only Presence","39.8-40.61",13
"Epitonium tinctum",TRUE,TRUE,TRUE,1,313,3,1,108,388,4.16666666666667,"Continuous Presence","39.8-40.61",13
"Erythroglossum californicum",TRUE,FALSE,FALSE,0,242,3,0,103,48,0,"Southern Only Presence","39.8-40.61",13
"Erythrophyllum delesserioides",TRUE,TRUE,FALSE,3,242,3,1,103,222,13.6363636363636,"Northern Range Edge","39.8-40.61",13
"Eudendrium californicum",TRUE,FALSE,TRUE,0,242,3,0,103,2,0,"Avoidant","39.8-40.61",13
"Eudistoma psammion",TRUE,FALSE,FALSE,0,242,3,0,103,45,0,"Southern Only Presence","39.8-40.61",13
"Eudistoma ritteri",TRUE,FALSE,TRUE,0,242,3,0,103,4,0,"Avoidant","39.8-40.61",13
"Eudistylia polymorpha",FALSE,FALSE,FALSE,0,242,3,0,103,0,0,"Absent","39.8-40.61",13
"Eupentacta spp",FALSE,FALSE,TRUE,0,313,3,0,108,11,0,"Northern Only Presence","39.8-40.61",13
"Eurystomella bilabiata",TRUE,FALSE,TRUE,0,242,3,0,103,29,0,"Avoidant","39.8-40.61",13
"Evasterias troschelii",FALSE,FALSE,FALSE,0,391,3,0,108,0,0,"Absent","39.8-40.61",13
"Farlowia compressa",TRUE,FALSE,FALSE,0,242,3,0,103,3,0,"Southern Only Presence","39.8-40.61",13
"Farlowia mollis",TRUE,FALSE,FALSE,0,242,3,0,103,17,0,"Southern Only Presence","39.8-40.61",13
"Farlowia/Pikea spp",TRUE,TRUE,TRUE,1,242,3,1,103,93,4.54545454545455,"Continuous Presence","39.8-40.61",13
"Fissurella volcano",TRUE,FALSE,FALSE,0,313,3,0,108,4909,0,"Southern Only Presence","39.8-40.61",13
"Fissurellidea bimaculata",TRUE,FALSE,FALSE,0,313,3,0,108,5,0,"Southern Only Presence","39.8-40.61",13
"Flustrellidra corniculata",TRUE,FALSE,FALSE,0,242,3,0,103,4,0,"Southern Only Presence","39.8-40.61",13
"Fredericqia chiton",TRUE,FALSE,FALSE,0,242,3,0,103,1,0,"Southern Only Presence","39.8-40.61",13
"Fucus spp",TRUE,TRUE,TRUE,7,242,3,3,103,3137,27.2727272727273,"Continuous Presence","39.8-40.61",13
"Gastroclonium parvum",TRUE,FALSE,FALSE,0,242,3,0,103,162,0,"Southern Only Presence","39.8-40.61",13
"Gelidium purpurascens",TRUE,FALSE,FALSE,0,242,3,0,103,43,0,"Southern Only Presence","39.8-40.61",13
"Gelidium robustum",TRUE,FALSE,FALSE,0,242,3,0,103,128,0,"Southern Only Presence","39.8-40.61",13
"Gelidium spp",TRUE,TRUE,TRUE,3,242,3,2,103,4262,13.6363636363636,"Continuous Presence","39.8-40.61",13
"Gloiopeltis furcata",TRUE,FALSE,TRUE,0,242,3,0,103,69,0,"Avoidant","39.8-40.61",13
"Gloiosiphonia californica",TRUE,TRUE,FALSE,1,242,3,1,103,4,4.54545454545455,"Northern Range Edge","39.8-40.61",13
"Gracilariopsis/Gracilaria spp",TRUE,FALSE,FALSE,0,242,3,0,103,423,0,"Southern Only Presence","39.8-40.61",13
"Grateloupia angusta",TRUE,FALSE,FALSE,0,242,3,0,103,2,0,"Southern Only Presence","39.8-40.61",13
"Grateloupia californica",TRUE,FALSE,TRUE,0,242,3,0,103,139,0,"Avoidant","39.8-40.61",13
"Grateloupia cornea",TRUE,FALSE,FALSE,0,242,3,0,103,4,0,"Southern Only Presence","39.8-40.61",13
"Halichondria panicea",TRUE,FALSE,TRUE,0,242,3,0,103,5,0,"Avoidant","39.8-40.61",13
"Halichondria spp",TRUE,TRUE,TRUE,1,242,3,1,103,57,4.54545454545455,"Continuous Presence","39.8-40.61",13
"Haliclona spp",TRUE,TRUE,TRUE,2,242,3,1,103,60,9.09090909090909,"Continuous Presence","39.8-40.61",13
"Halosaccion glandiforme",TRUE,TRUE,TRUE,5,242,3,3,103,769,22.7272727272727,"Continuous Presence","39.8-40.61",13
"Halymenia/Schizymenia spp",TRUE,TRUE,TRUE,3,242,3,1,103,221,13.6363636363636,"Continuous Presence","39.8-40.61",13
"Haminoea vesicula",TRUE,FALSE,FALSE,0,313,3,0,108,13,0,"Southern Only Presence","39.8-40.61",13
"Haminoea virescens",TRUE,FALSE,FALSE,0,313,3,0,108,12,0,"Southern Only Presence","39.8-40.61",13
"Hapalospongidion gelatinosum",FALSE,FALSE,FALSE,0,242,3,0,103,0,0,"Absent","39.8-40.61",13
"Haplogloia andersonii",TRUE,FALSE,TRUE,0,242,3,0,103,11,0,"Avoidant","39.8-40.61",13
"Hapterophycus canaliculatus",TRUE,FALSE,TRUE,0,242,3,0,103,93,0,"Avoidant","39.8-40.61",13
"Hedophyllum sessile",TRUE,TRUE,TRUE,6,242,3,2,103,720,22.7272727272727,"Continuous Presence","39.8-40.61",13
"Heliaster kubiniji",FALSE,FALSE,FALSE,0,391,3,0,108,0,0,"Absent","39.8-40.61",13
"Hemigrapsus nudus",TRUE,TRUE,TRUE,2,313,3,1,108,66,8.33333333333333,"Continuous Presence","39.8-40.61",13
"Hemigrapsus oregonensis",FALSE,FALSE,TRUE,0,313,3,0,108,1,0,"Northern Only Presence","39.8-40.61",13
"Henricia spp",TRUE,TRUE,TRUE,4,391,3,2,108,446,17.3913043478261,"Continuous Presence","39.8-40.61",13
"Hermissenda crassicornis",TRUE,FALSE,FALSE,0,313,3,0,108,32,0,"Southern Only Presence","39.8-40.61",13
"Herposiphonia littoralis",TRUE,FALSE,FALSE,0,242,3,0,103,9,0,"Southern Only Presence","39.8-40.61",13
"Herposiphonia plumula",FALSE,FALSE,FALSE,0,242,3,0,103,0,0,"Absent","39.8-40.61",13
"Herposiphonia verticillata",TRUE,FALSE,FALSE,0,242,3,0,103,15,0,"Southern Only Presence","39.8-40.61",13
"Homalopoma spp",TRUE,TRUE,TRUE,2,313,3,1,108,191,8.33333333333333,"Continuous Presence","39.8-40.61",13
"Hypnea johnstonii",TRUE,FALSE,FALSE,0,242,3,0,103,12,0,"Southern Only Presence","39.8-40.61",13
"Hypnea valentiae",TRUE,FALSE,FALSE,0,242,3,0,103,164,0,"Southern Only Presence","39.8-40.61",13
"Hypnea variabilis",TRUE,FALSE,FALSE,0,242,3,0,103,5,0,"Southern Only Presence","39.8-40.61",13
"Idotea spp",TRUE,TRUE,TRUE,6,313,3,3,108,837,20.8333333333333,"Continuous Presence","39.8-40.61",13
"Jania rosea",TRUE,FALSE,FALSE,0,242,3,0,103,88,0,"Southern Only Presence","39.8-40.61",13
"Jania tenella",TRUE,FALSE,FALSE,0,242,3,0,103,13,0,"Southern Only Presence","39.8-40.61",13
"Jania verrucosa",TRUE,FALSE,FALSE,0,242,3,0,103,531,0,"Southern Only Presence","39.8-40.61",13
"Johansenia macmillanii",TRUE,FALSE,FALSE,0,242,3,0,103,4,0,"Southern Only Presence","39.8-40.61",13
"Katharina tunicata",TRUE,TRUE,TRUE,6,313,3,2,108,555,20.8333333333333,"Continuous Presence","39.8-40.61",13
"Kelletia kelletii",TRUE,FALSE,FALSE,0,313,3,0,108,9,0,"Southern Only Presence","39.8-40.61",13
"Lacuna spp",TRUE,TRUE,TRUE,7,313,3,3,108,18119,20.8333333333333,"Continuous Presence","39.8-40.61",13
"Laminaria ephemera",FALSE,TRUE,FALSE,1,242,3,1,103,4,4.54545454545455,"Endemic Presence","39.8-40.61",13
"Laminaria farlowii",TRUE,FALSE,FALSE,0,242,3,0,103,1,0,"Southern Only Presence","39.8-40.61",13
"Laminaria setchellii",TRUE,TRUE,TRUE,6,242,3,2,103,553,22.7272727272727,"Continuous Presence","39.8-40.61",13
"Laminaria sinclairii",TRUE,TRUE,TRUE,4,242,3,2,103,252,18.1818181818182,"Continuous Presence","39.8-40.61",13
"Laurencia pacifica/masonii",TRUE,FALSE,FALSE,0,242,3,0,103,462,0,"Southern Only Presence","39.8-40.61",13
"Laurencia spp",TRUE,FALSE,FALSE,0,242,3,0,103,15,0,"Southern Only Presence","39.8-40.61",13
"Lepidozona spp",TRUE,TRUE,TRUE,4,313,3,3,108,127,12.5,"Continuous Presence","39.8-40.61",13
"Leptasterias spp",TRUE,TRUE,TRUE,8,313,3,3,108,1995,25,"Continuous Presence","39.8-40.61",13
"Lessoniopsis littoralis",TRUE,TRUE,FALSE,4,242,3,2,103,10,18.1818181818182,"Northern Range Edge","39.8-40.61",13
"Ligia spp",TRUE,FALSE,TRUE,0,313,3,0,108,32,0,"Avoidant","39.8-40.61",13
"Limacia cockerelli",TRUE,FALSE,FALSE,0,313,3,0,108,2,0,"Southern Only Presence","39.8-40.61",13
"Linckia columbiae",FALSE,FALSE,FALSE,0,391,3,0,108,0,0,"Absent","39.8-40.61",13
"Lirabuccinum dirum",TRUE,TRUE,TRUE,4,313,3,3,108,133,16.6666666666667,"Continuous Presence","39.8-40.61",13
"Lirularia/Margarites spp",TRUE,TRUE,TRUE,4,313,3,2,108,396,12.5,"Continuous Presence","39.8-40.61",13
"Lithophyllum/Lithothamnion spp",TRUE,TRUE,FALSE,1,242,3,1,103,159,4.54545454545455,"Northern Range Edge","39.8-40.61",13
"Lithothrix aspergillum",TRUE,FALSE,FALSE,0,242,3,0,103,1542,0,"Southern Only Presence","39.8-40.61",13
"Littorina spp.",TRUE,TRUE,TRUE,8,313,3,3,108,737668,25,"Continuous Presence","39.8-40.61",13
"Lomentaria hakodatensis",TRUE,FALSE,FALSE,0,242,3,0,103,250,0,"Southern Only Presence","39.8-40.61",13
"Lottia asmi",TRUE,TRUE,TRUE,1,313,3,1,108,357,4.16666666666667,"Continuous Presence","39.8-40.61",13
"Lottia austrodigitalis/digitalis",TRUE,TRUE,TRUE,7,313,3,3,108,70520,20.8333333333333,"Continuous Presence","39.8-40.61",13
"Lottia fenestrata",TRUE,TRUE,TRUE,1,313,3,1,108,1030,4.16666666666667,"Continuous Presence","39.8-40.61",13
"Lottia instabilis",TRUE,TRUE,TRUE,2,313,3,2,108,229,8.33333333333333,"Continuous Presence","39.8-40.61",13
"Lottia limatula",TRUE,TRUE,TRUE,2,313,3,2,108,3715,4.16666666666667,"Continuous Presence","39.8-40.61",13
"Lottia paradigitalis/strigatella",TRUE,TRUE,TRUE,8,313,3,3,108,87755,25,"Continuous Presence","39.8-40.61",13
"Lottia pelta",TRUE,TRUE,TRUE,8,313,3,3,108,14378,25,"Continuous Presence","39.8-40.61",13
"Lottia persona",TRUE,FALSE,TRUE,0,313,3,0,108,82,0,"Avoidant","39.8-40.61",13
"Lottia polyfacies",TRUE,FALSE,FALSE,0,313,3,0,108,37,0,"Southern Only Presence","39.8-40.61",13
"Lottia scabra/conus",TRUE,TRUE,TRUE,8,313,3,3,108,120485,25,"Continuous Presence","39.8-40.61",13
"Lottia scutum",TRUE,TRUE,TRUE,5,313,3,3,108,2814,16.6666666666667,"Continuous Presence","39.8-40.61",13
"Macrocystis pyrifera",TRUE,FALSE,FALSE,0,242,3,0,103,74,0,"Southern Only Presence","39.8-40.61",13
"Macron lividus",TRUE,FALSE,FALSE,0,313,3,0,108,145,0,"Southern Only Presence","39.8-40.61",13
"Mastocarpus spp",TRUE,TRUE,TRUE,7,242,3,3,103,12690,27.2727272727273,"Continuous Presence","39.8-40.61",13
"Maxwellia gemma",TRUE,FALSE,FALSE,0,313,3,0,108,5,0,"Southern Only Presence","39.8-40.61",13
"Mazzaella affinis",TRUE,TRUE,TRUE,5,242,3,3,103,821,22.7272727272727,"Continuous Presence","39.8-40.61",13
"Mazzaella flaccida/oregona/splendens",TRUE,TRUE,TRUE,7,242,3,3,103,11621,27.2727272727273,"Continuous Presence","39.8-40.61",13
"Mazzaella leptorhynchos",TRUE,FALSE,FALSE,0,242,3,0,103,455,0,"Southern Only Presence","39.8-40.61",13
"Mazzaella linearis",TRUE,TRUE,FALSE,1,242,3,1,103,87,4.54545454545455,"Northern Range Edge","39.8-40.61",13
"Mazzaella parksii",TRUE,FALSE,TRUE,0,242,3,0,103,115,0,"Avoidant","39.8-40.61",13
"Mazzaella phyllocarpa",FALSE,FALSE,FALSE,0,242,3,0,103,0,0,"Absent","39.8-40.61",13
"Mazzaella volans",TRUE,FALSE,FALSE,0,242,3,0,103,23,0,"Southern Only Presence","39.8-40.61",13
"Megabalanus californicus",TRUE,TRUE,FALSE,1,242,3,1,103,3,4.54545454545455,"Northern Range Edge","39.8-40.61",13
"Megastraea undosa",TRUE,FALSE,FALSE,0,313,3,0,108,10,0,"Southern Only Presence","39.8-40.61",13
"Melanosiphon/Scytosiphon spp",TRUE,FALSE,TRUE,0,242,3,0,103,208,0,"Avoidant","39.8-40.61",13
"Membranipora spp",TRUE,FALSE,FALSE,0,242,3,0,103,5,0,"Southern Only Presence","39.8-40.61",13
"Metridium senile",FALSE,FALSE,FALSE,0,242,3,0,103,0,0,"Absent","39.8-40.61",13
"Mexacanthina lugubris",TRUE,FALSE,FALSE,0,313,3,0,108,253,0,"Southern Only Presence","39.8-40.61",13
"Microcladia borealis",TRUE,TRUE,TRUE,7,242,3,3,103,835,27.2727272727273,"Continuous Presence","39.8-40.61",13
"Microcladia coulteri",TRUE,TRUE,FALSE,1,242,3,1,103,18,4.54545454545455,"Northern Range Edge","39.8-40.61",13
"Mopalia spp",TRUE,TRUE,TRUE,7,313,3,3,108,1201,25,"Continuous Presence","39.8-40.61",13
"Mytilisepta/Brachidontes spp",TRUE,FALSE,FALSE,0,242,3,0,103,243,0,"Southern Only Presence","39.8-40.61",13
"Mytilus californianus",TRUE,TRUE,TRUE,6,242,3,2,103,25035,22.7272727272727,"Continuous Presence","39.8-40.61",13
"Mytilus trossulus/galloprovincialis/edulis",TRUE,FALSE,TRUE,0,242,3,0,103,126,0,"Avoidant","39.8-40.61",13
"Navanax inermis",TRUE,FALSE,FALSE,0,313,3,0,108,4,0,"Southern Only Presence","39.8-40.61",13
"Nemalion elminthoides",TRUE,FALSE,FALSE,0,242,3,0,103,5,0,"Southern Only Presence","39.8-40.61",13
"Neogastroclonium subarticulatum",TRUE,TRUE,TRUE,5,242,3,3,103,1776,18.1818181818182,"Continuous Presence","39.8-40.61",13
"Neoptilota/Ptilota spp",TRUE,TRUE,TRUE,2,242,3,1,103,293,9.09090909090909,"Continuous Presence","39.8-40.61",13
"Neorhodomela larix",TRUE,TRUE,TRUE,7,242,3,3,103,2604,27.2727272727273,"Continuous Presence","39.8-40.61",13
"Neorhodomela oregona",TRUE,TRUE,TRUE,3,242,3,1,103,392,13.6363636363636,"Continuous Presence","39.8-40.61",13
"Nereocystis luetkeana",TRUE,TRUE,FALSE,2,242,3,1,103,40,9.09090909090909,"Northern Range Edge","39.8-40.61",13
"Nienburgia andersoniana",TRUE,FALSE,FALSE,0,242,3,0,103,135,0,"Southern Only Presence","39.8-40.61",13
"Non Coralline crust",TRUE,TRUE,TRUE,7,242,3,3,103,15090,27.2727272727273,"Continuous Presence","39.8-40.61",13
"Norrisia norrisii",TRUE,FALSE,FALSE,0,313,3,0,108,12,0,"Southern Only Presence","39.8-40.61",13
"Nucella canaliculata",TRUE,TRUE,TRUE,3,313,3,2,108,703,12.5,"Continuous Presence","39.8-40.61",13
"Nucella emarginata/ostrina",TRUE,TRUE,TRUE,7,313,3,3,108,10126,25,"Continuous Presence","39.8-40.61",13
"Nucella lamellosa",FALSE,FALSE,TRUE,0,313,3,0,108,2,0,"Northern Only Presence","39.8-40.61",13
"Nuttallina spp",TRUE,TRUE,TRUE,5,313,3,2,108,15520,20.8333333333333,"Continuous Presence","39.8-40.61",13
"Obelia spp",TRUE,FALSE,FALSE,0,242,3,0,103,2,0,"Southern Only Presence","39.8-40.61",13
"Odonthalia floccosa",TRUE,TRUE,TRUE,7,242,3,3,103,4729,27.2727272727273,"Continuous Presence","39.8-40.61",13
"Odonthalia washingtoniensis",FALSE,TRUE,TRUE,1,242,3,1,103,9,4.54545454545455,"Southern Range Edge","39.8-40.61",13
"Oedignathus inermis",TRUE,TRUE,FALSE,1,313,3,1,108,38,4.16666666666667,"Northern Range Edge","39.8-40.61",13
"Olivella biplicata",TRUE,FALSE,FALSE,0,313,3,0,108,5,0,"Southern Only Presence","39.8-40.61",13
"Onchidella borealis",TRUE,TRUE,TRUE,5,313,3,3,108,1477,16.6666666666667,"Continuous Presence","39.8-40.61",13
"Onchidoris bilamellata",FALSE,FALSE,FALSE,0,313,3,0,108,0,0,"Absent","39.8-40.61",13
"Opalia borealis",TRUE,FALSE,FALSE,0,313,3,0,108,3,0,"Southern Only Presence","39.8-40.61",13
"Opalia funiculata",TRUE,FALSE,FALSE,0,313,3,0,108,105,0,"Southern Only Presence","39.8-40.61",13
"Ophiuroid",TRUE,TRUE,TRUE,1,313,3,1,108,27,4.16666666666667,"Continuous Presence","39.8-40.61",13
"Ophlitaspongia pennata",TRUE,FALSE,TRUE,0,242,3,0,103,65,0,"Avoidant","39.8-40.61",13
"Opuntiella californica",FALSE,FALSE,FALSE,0,242,3,0,103,0,0,"Absent","39.8-40.61",13
"Oregonia gracilis",FALSE,FALSE,FALSE,0,313,3,0,108,0,0,"Absent","39.8-40.61",13
"Orienthella trilineata",TRUE,FALSE,TRUE,0,313,3,0,108,4,0,"Avoidant","39.8-40.61",13
"Osmundea sinicola",TRUE,FALSE,FALSE,0,242,3,0,103,244,0,"Southern Only Presence","39.8-40.61",13
"Osmundea spectabilis",TRUE,TRUE,TRUE,7,242,3,3,103,465,27.2727272727273,"Continuous Presence","39.8-40.61",13
"Osmundea splendens",TRUE,FALSE,FALSE,0,242,3,0,103,7,0,"Southern Only Presence","39.8-40.61",13
"Pachycheles spp",TRUE,TRUE,TRUE,1,313,3,1,108,116,4.16666666666667,"Continuous Presence","39.8-40.61",13
"Pachygrapsus crassipes",TRUE,TRUE,TRUE,8,313,3,3,108,4995,25,"Continuous Presence","39.8-40.61",13
"Paciocinebrina circumtexta",TRUE,FALSE,FALSE,0,313,3,0,108,445,0,"Southern Only Presence","39.8-40.61",13
"Paciocinebrina interfossa",TRUE,TRUE,TRUE,2,313,3,2,108,74,8.33333333333333,"Continuous Presence","39.8-40.61",13
"Paciocinebrina lurida",TRUE,FALSE,TRUE,0,313,3,0,108,12,0,"Avoidant","39.8-40.61",13
"Padina spp",FALSE,FALSE,FALSE,0,242,3,0,103,0,0,"Absent","39.8-40.61",13
"Pagurus beringanus",TRUE,FALSE,TRUE,0,313,3,0,108,13,0,"Avoidant","39.8-40.61",13
"Pagurus caurinus",FALSE,FALSE,TRUE,0,313,3,0,108,2,0,"Northern Only Presence","39.8-40.61",13
"Pagurus granosimanus",TRUE,TRUE,TRUE,2,313,3,1,108,620,8.33333333333333,"Continuous Presence","39.8-40.61",13
"Pagurus hemphilli",TRUE,FALSE,FALSE,0,313,3,0,108,7,0,"Southern Only Presence","39.8-40.61",13
"Pagurus hirsutiusculus",TRUE,TRUE,TRUE,8,313,3,3,108,5489,25,"Continuous Presence","39.8-40.61",13
"Pagurus samuelis",TRUE,TRUE,TRUE,1,313,3,1,108,4232,4.16666666666667,"Continuous Presence","39.8-40.61",13
"Palmaria callophylloides",FALSE,FALSE,FALSE,0,242,3,0,103,0,0,"Absent","39.8-40.61",13
"Palmaria hecatensis",FALSE,FALSE,FALSE,0,242,3,0,103,0,0,"Absent","39.8-40.61",13
"Palmaria mollis",TRUE,FALSE,FALSE,0,242,3,0,103,53,0,"Southern Only Presence","39.8-40.61",13
"Palmaria palmata",FALSE,FALSE,FALSE,0,242,3,0,103,0,0,"Absent","39.8-40.61",13
"Panulirus interruptus",FALSE,FALSE,FALSE,0,391,3,0,108,0,0,"Absent","39.8-40.61",13
"Paraxanthias taylori",TRUE,FALSE,FALSE,0,313,3,0,108,4,0,"Southern Only Presence","39.8-40.61",13
"Patiria miniata",TRUE,FALSE,TRUE,0,391,3,0,108,882,0,"Avoidant","39.8-40.61",13
"Peltodoris nobilis",TRUE,FALSE,FALSE,0,313,3,0,108,17,0,"Southern Only Presence","39.8-40.61",13
"Pelvetiopsis arborescens/hybrida/limitata",TRUE,TRUE,TRUE,7,242,3,3,103,3166,27.2727272727273,"Continuous Presence","39.8-40.61",13
"Pelvetiopsis californica",TRUE,FALSE,FALSE,0,242,3,0,103,351,0,"Southern Only Presence","39.8-40.61",13
"Petaloconchus montereyensis",TRUE,FALSE,FALSE,0,242,3,0,103,1,0,"Southern Only Presence","39.8-40.61",13
"Petrolisthes spp",TRUE,TRUE,TRUE,3,313,3,2,108,229,8.33333333333333,"Continuous Presence","39.8-40.61",13
"Petrospongium rugosum",TRUE,FALSE,FALSE,0,242,3,0,103,420,0,"Southern Only Presence","39.8-40.61",13
"Phragmatopoma/Sabellaria spp",TRUE,TRUE,TRUE,6,242,3,2,103,3827,22.7272727272727,"Continuous Presence","39.8-40.61",13
"Phyllospadix scouleri/serrulatus",TRUE,TRUE,TRUE,4,242,3,2,103,5564,18.1818181818182,"Continuous Presence","39.8-40.61",13
"Phyllospadix torreyi",TRUE,FALSE,TRUE,0,242,3,0,103,9543,0,"Avoidant","39.8-40.61",13
"Pilayella littoralis",FALSE,FALSE,FALSE,0,242,3,0,103,0,0,"Absent","39.8-40.61",13
"Pisaster giganteus",TRUE,TRUE,TRUE,1,391,3,1,108,46,4.34782608695652,"Continuous Presence","39.8-40.61",13
"Pisaster ochraceus",TRUE,TRUE,TRUE,8,391,3,3,108,39106,26.0869565217391,"Continuous Presence","39.8-40.61",13
"Pista spp",TRUE,FALSE,TRUE,0,242,3,0,103,109,0,"Avoidant","39.8-40.61",13
"Placiphorella velata",TRUE,FALSE,FALSE,0,313,3,0,108,6,0,"Southern Only Presence","39.8-40.61",13
"Pleonosporium spp",FALSE,FALSE,FALSE,0,242,3,0,103,0,0,"Absent","39.8-40.61",13
"Plocamium oregonum",FALSE,FALSE,TRUE,0,242,3,0,103,2,0,"Northern Only Presence","39.8-40.61",13
"Plocamium pacificum",TRUE,TRUE,TRUE,2,242,3,2,103,828,9.09090909090909,"Continuous Presence","39.8-40.61",13
"Plocamium violaceum",TRUE,TRUE,TRUE,5,242,3,2,103,165,22.7272727272727,"Continuous Presence","39.8-40.61",13
"Pododesmus macrochisma",FALSE,FALSE,FALSE,0,242,3,0,103,0,0,"Absent","39.8-40.61",13
"Pollicipes polymerus",TRUE,TRUE,TRUE,6,242,3,2,103,1847,22.7272727272727,"Continuous Presence","39.8-40.61",13
"Polyneura latissima",TRUE,FALSE,TRUE,0,242,3,0,103,26,0,"Avoidant","39.8-40.61",13
"Polysiphonia spp",TRUE,TRUE,TRUE,6,242,3,2,103,942,22.7272727272727,"Continuous Presence","39.8-40.61",13
"Potamilla occelata",TRUE,FALSE,FALSE,0,242,3,0,103,1,0,"Southern Only Presence","39.8-40.61",13
"Primavelans insculpta",FALSE,FALSE,FALSE,0,242,3,0,103,0,0,"Absent","39.8-40.61",13
"Prionitis filiformis",FALSE,FALSE,TRUE,0,242,3,0,103,2,0,"Northern Only Presence","39.8-40.61",13
"Prionitis lanceolata",TRUE,TRUE,TRUE,6,242,3,3,103,2212,22.7272727272727,"Continuous Presence","39.8-40.61",13
"Prionitis linearis",TRUE,FALSE,TRUE,0,242,3,0,103,8,0,"Avoidant","39.8-40.61",13
"Prionitis sternbergii",TRUE,TRUE,TRUE,4,242,3,2,103,237,13.6363636363636,"Continuous Presence","39.8-40.61",13
"Pseudochama exogyra",TRUE,FALSE,FALSE,0,242,3,0,103,278,0,"Southern Only Presence","39.8-40.61",13
"Pseudolithoderma nigrum",TRUE,TRUE,FALSE,1,242,3,1,103,607,4.54545454545455,"Northern Range Edge","39.8-40.61",13
"Pseudomelatoma penicillata",TRUE,FALSE,FALSE,0,313,3,0,108,4,0,"Southern Only Presence","39.8-40.61",13
"Pseudomelatoma torosa",TRUE,TRUE,FALSE,1,313,3,1,108,16,4.16666666666667,"Northern Range Edge","39.8-40.61",13
"Pseudopusula californiana",TRUE,FALSE,FALSE,0,313,3,0,108,1,0,"Southern Only Presence","39.8-40.61",13
"Pterocladiella capillacea",TRUE,FALSE,FALSE,0,242,3,0,103,1208,0,"Southern Only Presence","39.8-40.61",13
"Pterocladiella media",TRUE,FALSE,FALSE,0,242,3,0,103,21,0,"Southern Only Presence","39.8-40.61",13
"Pteropurpura trialata",TRUE,FALSE,FALSE,0,313,3,0,108,2,0,"Southern Only Presence","39.8-40.61",13
"Pterygophora californica",TRUE,TRUE,FALSE,3,242,3,1,103,26,13.6363636363636,"Northern Range Edge","39.8-40.61",13
"Pugettia foliata",FALSE,FALSE,FALSE,0,313,3,0,108,0,0,"Absent","39.8-40.61",13
"Pugettia gracilis/richii",TRUE,TRUE,TRUE,2,313,3,2,108,97,8.33333333333333,"Continuous Presence","39.8-40.61",13
"Pugettia producta",TRUE,TRUE,TRUE,5,313,3,2,108,541,20.8333333333333,"Continuous Presence","39.8-40.61",13
"Pycnogonida",TRUE,FALSE,FALSE,0,313,3,0,108,22,0,"Southern Only Presence","39.8-40.61",13
"Pycnopodia helianthoides",TRUE,TRUE,TRUE,3,391,3,2,108,81,13.0434782608696,"Continuous Presence","39.8-40.61",13
"Pyropia spp",TRUE,TRUE,TRUE,6,242,3,2,103,1718,22.7272727272727,"Continuous Presence","39.8-40.61",13
"Rhodymenia californica",TRUE,TRUE,FALSE,1,242,3,1,103,50,4.54545454545455,"Northern Range Edge","39.8-40.61",13
"Rhodymenia pacifica",TRUE,FALSE,FALSE,0,242,3,0,103,44,0,"Southern Only Presence","39.8-40.61",13
"Roperia poulsoni",TRUE,FALSE,FALSE,0,313,3,0,108,106,0,"Southern Only Presence","39.8-40.61",13
"Saccharina latissima",FALSE,FALSE,FALSE,0,242,3,0,103,0,0,"Absent","39.8-40.61",13
"Sarcodiotheca gaudichaudii",TRUE,FALSE,FALSE,0,242,3,0,103,94,0,"Southern Only Presence","39.8-40.61",13
"Sargassum agardhianum",TRUE,FALSE,FALSE,0,242,3,0,103,12,0,"Southern Only Presence","39.8-40.61",13
"Sargassum horneri",TRUE,FALSE,FALSE,0,242,3,0,103,6,0,"Southern Only Presence","39.8-40.61",13
"Sargassum muticum",TRUE,FALSE,FALSE,0,242,3,0,103,1200,0,"Southern Only Presence","39.8-40.61",13
"Sargassum palmeri",FALSE,FALSE,FALSE,0,242,3,0,103,0,0,"Absent","39.8-40.61",13
"Savoiea bipinnata",TRUE,TRUE,TRUE,5,242,3,2,103,358,18.1818181818182,"Continuous Presence","39.8-40.61",13
"Schizoporella unicornis",FALSE,FALSE,FALSE,0,242,3,0,103,0,0,"Absent","39.8-40.61",13
"Semibalanus cariosus",TRUE,TRUE,TRUE,6,242,3,2,103,508,22.7272727272727,"Continuous Presence","39.8-40.61",13
"Serpula vermicularis",TRUE,TRUE,FALSE,1,242,3,1,103,15,4.54545454545455,"Northern Range Edge","39.8-40.61",13
"Sertularella/Sertularia spp",TRUE,FALSE,FALSE,0,242,3,0,103,4,0,"Southern Only Presence","39.8-40.61",13
"Silvetia compressa",TRUE,TRUE,TRUE,1,242,3,1,103,6522,4.54545454545455,"Continuous Presence","39.8-40.61",13
"Siphonaria brannani",FALSE,FALSE,FALSE,0,313,3,0,108,0,0,"Absent","39.8-40.61",13
"Siphonaria thersites",FALSE,FALSE,FALSE,0,313,3,0,108,0,0,"Absent","39.8-40.61",13
"Sorella delicatula",FALSE,FALSE,FALSE,0,242,3,0,103,0,0,"Absent","39.8-40.61",13
"Sphacelaria californica",TRUE,FALSE,FALSE,0,242,3,0,103,12,0,"Southern Only Presence","39.8-40.61",13
"Spirobranchus spinosus",TRUE,FALSE,FALSE,0,242,3,0,103,2,0,"Southern Only Presence","39.8-40.61",13
"Spirorbis spp",TRUE,TRUE,TRUE,2,242,3,2,103,124,9.09090909090909,"Continuous Presence","39.8-40.61",13
"Spyridia filamentosa",TRUE,FALSE,FALSE,0,242,3,0,103,72,0,"Southern Only Presence","39.8-40.61",13
"Stenoplax conspicua",TRUE,FALSE,FALSE,0,313,3,0,108,34,0,"Southern Only Presence","39.8-40.61",13
"Stephanocystis dioica",TRUE,FALSE,FALSE,0,242,3,0,103,422,0,"Southern Only Presence","39.8-40.61",13
"Stephanocystis osmundacea",TRUE,TRUE,TRUE,6,242,3,2,103,428,22.7272727272727,"Continuous Presence","39.8-40.61",13
"Strongylocentrotus droebachiensis",FALSE,FALSE,FALSE,0,313,3,0,108,0,0,"Absent","39.8-40.61",13
"Strongylocentrotus franciscanus",TRUE,FALSE,FALSE,0,313,3,0,108,25,0,"Southern Only Presence","39.8-40.61",13
"Strongylocentrotus purpuratus",TRUE,TRUE,TRUE,7,313,3,3,108,11680,20.8333333333333,"Continuous Presence","39.8-40.61",13
"Styela montereyensis",TRUE,TRUE,TRUE,1,242,3,1,103,6,4.54545454545455,"Continuous Presence","39.8-40.61",13
"Symphyocladia dendroidea/Xiphosiphonia pennata",TRUE,TRUE,TRUE,6,242,3,2,103,343,22.7272727272727,"Continuous Presence","39.8-40.61",13
"Symphyocladiella baileyi",TRUE,FALSE,FALSE,0,242,3,0,103,48,0,"Southern Only Presence","39.8-40.61",13
"Taonia lennebackerae",TRUE,FALSE,FALSE,0,242,3,0,103,20,0,"Southern Only Presence","39.8-40.61",13
"Tectura paleacea",TRUE,FALSE,TRUE,0,313,3,0,108,202,0,"Avoidant","39.8-40.61",13
"Tegula aureotincta",TRUE,FALSE,FALSE,0,313,3,0,108,178,0,"Southern Only Presence","39.8-40.61",13
"Tegula brunnea",TRUE,TRUE,FALSE,2,313,3,2,108,1356,8.33333333333333,"Northern Range Edge","39.8-40.61",13
"Tegula eiseni",TRUE,FALSE,FALSE,0,313,3,0,108,1955,0,"Southern Only Presence","39.8-40.61",13
"Tegula funebralis/gallina",TRUE,TRUE,TRUE,8,313,3,3,108,83091,25,"Continuous Presence","39.8-40.61",13
"Tegula pulligo",FALSE,FALSE,FALSE,0,313,3,0,108,0,0,"Absent","39.8-40.61",13
"Tetraclita squamosa",TRUE,TRUE,FALSE,1,242,3,1,103,1055,4.54545454545455,"Northern Range Edge","39.8-40.61",13
"Thylacodes squamigerus",TRUE,FALSE,FALSE,0,242,3,0,103,152,0,"Southern Only Presence","39.8-40.61",13
"Tiffaniella snyderae",TRUE,FALSE,TRUE,0,242,3,0,103,206,0,"Avoidant","39.8-40.61",13
"Tonicella spp",TRUE,TRUE,TRUE,7,313,3,3,108,905,25,"Continuous Presence","39.8-40.61",13
"Trichotropis cancellata",FALSE,FALSE,FALSE,0,313,3,0,108,0,0,"Absent","39.8-40.61",13
"Ulothrix spp",TRUE,FALSE,TRUE,0,242,3,0,103,15,0,"Avoidant","39.8-40.61",13
"Ulvophyceae",TRUE,TRUE,TRUE,7,242,3,3,103,5252,27.2727272727273,"Continuous Presence","39.8-40.61",13
"Urosalpinx subangulata",TRUE,FALSE,FALSE,0,313,3,0,108,15,0,"Southern Only Presence","39.8-40.61",13
"Urospora spp",TRUE,FALSE,FALSE,0,242,3,0,103,1,0,"Southern Only Presence","39.8-40.61",13
"Urticina coriacea",TRUE,FALSE,TRUE,0,242,3,0,103,7,0,"Avoidant","39.8-40.61",13
"Verrucaria maura",FALSE,FALSE,FALSE,0,242,3,0,103,0,0,"Absent","39.8-40.61",13
"Xingyurella turgida",TRUE,FALSE,FALSE,0,242,3,0,103,1,0,"Southern Only Presence","39.8-40.61",13
"Zonaria farlowii",TRUE,FALSE,FALSE,0,242,3,0,103,81,0,"Southern Only Presence","39.8-40.61",13
"Zostera spp",FALSE,FALSE,FALSE,0,242,3,0,103,0,0,"Absent","39.8-40.61",13
"Abietinaria/Amphisbetia spp",TRUE,FALSE,FALSE,0,242,1,0,103,9,0,"Southern Only Presence","40.61-41.06",14
"Acanthinucella paucilirata",TRUE,FALSE,FALSE,0,313,2,0,108,4,0,"Southern Only Presence","40.61-41.06",14
"Acanthinucella spp",TRUE,FALSE,TRUE,0,313,2,0,108,2214,0,"Avoidant","40.61-41.06",14
"Acmaea mitra",TRUE,FALSE,TRUE,0,313,2,0,108,141,0,"Avoidant","40.61-41.06",14
"Acrosiphonia/Cladophora spp",TRUE,TRUE,TRUE,1,242,1,1,103,175,4.54545454545455,"Continuous Presence","40.61-41.06",14
"Acrosorium ciliolatum",TRUE,FALSE,FALSE,0,242,1,0,103,143,0,"Southern Only Presence","40.61-41.06",14
"Aeolidia papillosa",TRUE,FALSE,FALSE,0,313,2,0,108,3,0,"Southern Only Presence","40.61-41.06",14
"Aglaophenia spp",TRUE,FALSE,TRUE,0,242,1,0,103,18,0,"Avoidant","40.61-41.06",14
"Ahnfeltia fastigiata",TRUE,FALSE,TRUE,0,242,1,0,103,117,0,"Avoidant","40.61-41.06",14
"Ahnfeltiopsis linearis",TRUE,FALSE,TRUE,0,242,1,0,103,56,0,"Avoidant","40.61-41.06",14
"Alaria marginata",TRUE,FALSE,TRUE,0,242,1,0,103,1018,0,"Avoidant","40.61-41.06",14
"Alia spp",TRUE,TRUE,TRUE,1,313,2,1,108,1445,4.16666666666667,"Continuous Presence","40.61-41.06",14
"Amphiroa beauvoisii",TRUE,FALSE,FALSE,0,242,1,0,103,2,0,"Southern Only Presence","40.61-41.06",14
"Amphissa columbiana",TRUE,FALSE,TRUE,0,313,2,0,108,31,0,"Avoidant","40.61-41.06",14
"Amphissa versicolor",TRUE,FALSE,TRUE,0,313,2,0,108,299,0,"Avoidant","40.61-41.06",14
"Analipus japonicus",TRUE,TRUE,FALSE,1,242,1,1,103,379,4.54545454545455,"Northern Range Edge","40.61-41.06",14
"Anisocladella pacifica",TRUE,FALSE,FALSE,0,242,1,0,103,4,0,"Southern Only Presence","40.61-41.06",14
"Anthopleura artemisia",TRUE,FALSE,TRUE,0,242,1,0,103,3,0,"Avoidant","40.61-41.06",14
"Anthopleura elegantissima",TRUE,TRUE,TRUE,1,242,1,1,103,5148,4.54545454545455,"Continuous Presence","40.61-41.06",14
"Anthopleura sola",TRUE,FALSE,FALSE,0,242,1,0,103,2460,0,"Southern Only Presence","40.61-41.06",14
"Anthopleura xanthogrammica",TRUE,FALSE,TRUE,0,242,1,0,103,791,0,"Avoidant","40.61-41.06",14
"Antithamnionella spp",FALSE,FALSE,FALSE,0,242,1,0,103,0,0,"Absent","40.61-41.06",14
"Aplidium spp",TRUE,FALSE,TRUE,0,242,1,0,103,73,0,"Avoidant","40.61-41.06",14
"Aplysia californica",TRUE,FALSE,FALSE,0,313,2,0,108,11,0,"Southern Only Presence","40.61-41.06",14
"Asparagopsis taxiformis",TRUE,FALSE,FALSE,0,242,1,0,103,97,0,"Southern Only Presence","40.61-41.06",14
"Atrimitra idae",FALSE,FALSE,FALSE,0,313,2,0,108,0,0,"Absent","40.61-41.06",14
"Balanus crenatus",TRUE,FALSE,FALSE,0,242,1,0,103,1,0,"Southern Only Presence","40.61-41.06",14
"Balanus glandula",TRUE,TRUE,TRUE,1,242,1,1,103,5046,4.54545454545455,"Continuous Presence","40.61-41.06",14
"Balanus glandula/Semibalanus balanoides",FALSE,FALSE,FALSE,0,242,1,0,103,0,0,"Absent","40.61-41.06",14
"Balanus nubilus",TRUE,FALSE,FALSE,0,242,1,0,103,6,0,"Southern Only Presence","40.61-41.06",14
"Bangia spp",TRUE,FALSE,FALSE,0,242,1,0,103,63,0,"Southern Only Presence","40.61-41.06",14
"Besa leptophylla",TRUE,FALSE,FALSE,0,242,1,0,103,41,0,"Southern Only Presence","40.61-41.06",14
"Bittium eschrichtii",TRUE,TRUE,TRUE,1,313,2,1,108,898,4.16666666666667,"Continuous Presence","40.61-41.06",14
"Boring clam",TRUE,FALSE,FALSE,0,242,1,0,103,12,0,"Southern Only Presence","40.61-41.06",14
"Bossiella spp",TRUE,FALSE,TRUE,0,242,1,0,103,1442,0,"Avoidant","40.61-41.06",14
"Bryopsis spp",TRUE,FALSE,FALSE,0,242,1,0,103,12,0,"Southern Only Presence","40.61-41.06",14
"Bugula neritina",TRUE,FALSE,FALSE,0,242,1,0,103,18,0,"Southern Only Presence","40.61-41.06",14
"Californiconus californicus",TRUE,FALSE,FALSE,0,313,2,0,108,217,0,"Southern Only Presence","40.61-41.06",14
"Calliarthron spp",TRUE,FALSE,TRUE,0,242,1,0,103,1229,0,"Avoidant","40.61-41.06",14
"Calliostoma annulatum",TRUE,FALSE,FALSE,0,313,2,0,108,5,0,"Southern Only Presence","40.61-41.06",14
"Calliostoma canaliculatum",TRUE,FALSE,FALSE,0,313,2,0,108,25,0,"Southern Only Presence","40.61-41.06",14
"Calliostoma ligatum",TRUE,FALSE,TRUE,0,313,2,0,108,90,0,"Avoidant","40.61-41.06",14
"Calliostoma supragranosum",TRUE,FALSE,FALSE,0,313,2,0,108,1,0,"Southern Only Presence","40.61-41.06",14
"Callithamnion pikeanum",TRUE,TRUE,TRUE,1,242,1,1,103,330,4.54545454545455,"Continuous Presence","40.61-41.06",14
"Callithamnion rupicola",TRUE,FALSE,FALSE,0,242,1,0,103,2,0,"Southern Only Presence","40.61-41.06",14
"Callophyllis spp",TRUE,FALSE,FALSE,0,242,1,0,103,68,0,"Southern Only Presence","40.61-41.06",14
"Cancer antennaria",TRUE,FALSE,FALSE,0,313,2,0,108,55,0,"Southern Only Presence","40.61-41.06",14
"Cancer oregonensis",TRUE,FALSE,TRUE,0,313,2,0,108,3,0,"Avoidant","40.61-41.06",14
"Cancer productus",TRUE,FALSE,FALSE,0,313,2,0,108,1,0,"Southern Only Presence","40.61-41.06",14
"Carpopeltis bushiae",FALSE,FALSE,FALSE,0,242,1,0,103,0,0,"Absent","40.61-41.06",14
"Caulacanthus okamurae",TRUE,FALSE,FALSE,0,242,1,0,103,1831,0,"Southern Only Presence","40.61-41.06",14
"Ceratostoma foliatum",TRUE,FALSE,FALSE,0,313,2,0,108,5,0,"Southern Only Presence","40.61-41.06",14
"Ceratostoma nuttalli",TRUE,FALSE,FALSE,0,313,2,0,108,46,0,"Southern Only Presence","40.61-41.06",14
"Cerithiopsis spp",TRUE,FALSE,FALSE,0,313,2,0,108,2,0,"Southern Only Presence","40.61-41.06",14
"Chaetomorpha spp",TRUE,FALSE,TRUE,0,242,1,0,103,148,0,"Avoidant","40.61-41.06",14
"Chondracanthus canaliculatus",TRUE,FALSE,TRUE,0,242,1,0,103,5926,0,"Avoidant","40.61-41.06",14
"Chondracanthus corymbiferus/exaspertata",TRUE,FALSE,FALSE,0,242,1,0,103,74,0,"Southern Only Presence","40.61-41.06",14
"Chondracanthus harveyanus",TRUE,FALSE,FALSE,0,242,1,0,103,5,0,"Southern Only Presence","40.61-41.06",14
"Chondracanthus spinosus",TRUE,FALSE,FALSE,0,242,1,0,103,42,0,"Southern Only Presence","40.61-41.06",14
"Chondria acrorhizophora",TRUE,FALSE,FALSE,0,242,1,0,103,21,0,"Southern Only Presence","40.61-41.06",14
"Chondria arcuata",TRUE,FALSE,FALSE,0,242,1,0,103,16,0,"Southern Only Presence","40.61-41.06",14
"Chondria dasyphylla",TRUE,FALSE,FALSE,0,242,1,0,103,16,0,"Southern Only Presence","40.61-41.06",14
"Chondria decipiens",TRUE,FALSE,FALSE,0,242,1,0,103,25,0,"Southern Only Presence","40.61-41.06",14
"Chondria nidifica",TRUE,FALSE,FALSE,0,242,1,0,103,157,0,"Southern Only Presence","40.61-41.06",14
"Chondria oppositiclada",TRUE,FALSE,FALSE,0,242,1,0,103,23,0,"Southern Only Presence","40.61-41.06",14
"Chone minuta",TRUE,FALSE,TRUE,0,242,1,0,103,88,0,"Avoidant","40.61-41.06",14
"Chthamalus dalli/fissus",TRUE,TRUE,TRUE,1,242,1,1,103,17343,4.54545454545455,"Continuous Presence","40.61-41.06",14
"Cirolana spp/Gnorimosphaeroma oregonense",TRUE,FALSE,TRUE,0,313,2,0,108,82,0,"Avoidant","40.61-41.06",14
"Cladophora columbiana",TRUE,FALSE,TRUE,0,242,1,0,103,1559,0,"Avoidant","40.61-41.06",14
"Cladophora graminea",TRUE,FALSE,FALSE,0,242,1,0,103,6,0,"Southern Only Presence","40.61-41.06",14
"Clavelina huntsmani",TRUE,FALSE,FALSE,0,242,1,0,103,4,0,"Southern Only Presence","40.61-41.06",14
"Codium fragile",TRUE,FALSE,FALSE,0,242,1,0,103,51,0,"Southern Only Presence","40.61-41.06",14
"Codium setchellii",TRUE,FALSE,FALSE,0,242,1,0,103,19,0,"Southern Only Presence","40.61-41.06",14
"Colonial diatom",TRUE,TRUE,TRUE,1,242,1,1,103,75,4.54545454545455,"Continuous Presence","40.61-41.06",14
"Colpomenia/Leathesia spp",TRUE,FALSE,TRUE,0,242,1,0,103,184,0,"Avoidant","40.61-41.06",14
"Constantinea simplex",TRUE,FALSE,TRUE,0,242,1,0,103,109,0,"Avoidant","40.61-41.06",14
"Corallina spp",TRUE,TRUE,TRUE,1,242,1,1,103,18213,4.54545454545455,"Continuous Presence","40.61-41.06",14
"Corynactis californica",FALSE,FALSE,FALSE,0,242,1,0,103,0,0,"Absent","40.61-41.06",14
"Costaria costata",TRUE,FALSE,FALSE,0,242,1,0,103,93,0,"Southern Only Presence","40.61-41.06",14
"Crangon spp",TRUE,FALSE,FALSE,0,313,2,0,108,10,0,"Southern Only Presence","40.61-41.06",14
"Crepipatella lingulata",TRUE,FALSE,FALSE,0,313,2,0,108,11,0,"Southern Only Presence","40.61-41.06",14
"Cryptochiton stelleri",TRUE,TRUE,TRUE,1,391,2,1,108,236,4.34782608695652,"Continuous Presence","40.61-41.06",14
"Cryptolithodes sitchensis",TRUE,FALSE,FALSE,0,313,2,0,108,5,0,"Southern Only Presence","40.61-41.06",14
"Cryptopleura/Hymenena spp",TRUE,TRUE,TRUE,1,242,1,1,103,3622,4.54545454545455,"Continuous Presence","40.61-41.06",14
"Cryptosiphonia woodii",TRUE,TRUE,TRUE,1,242,1,1,103,922,4.54545454545455,"Continuous Presence","40.61-41.06",14
"Cucumaria miniata",FALSE,FALSE,FALSE,0,313,2,0,108,0,0,"Absent","40.61-41.06",14
"Cucumaria/Pseudocnus spp",TRUE,FALSE,TRUE,0,313,2,0,108,573,0,"Avoidant","40.61-41.06",14
"Cumagloia andersonii",TRUE,FALSE,FALSE,0,242,1,0,103,25,0,"Southern Only Presence","40.61-41.06",14
"Cyanoplax hartwegii",TRUE,FALSE,FALSE,0,313,2,0,108,1890,0,"Southern Only Presence","40.61-41.06",14
"Cyanoplax spp",TRUE,TRUE,TRUE,3,313,2,2,108,1882,8.33333333333333,"Continuous Presence","40.61-41.06",14
"Dasya binghamiae",TRUE,FALSE,FALSE,0,242,1,0,103,18,0,"Southern Only Presence","40.61-41.06",14
"Dasysiphonia japonica",TRUE,FALSE,FALSE,0,242,1,0,103,1,0,"Southern Only Presence","40.61-41.06",14
"Delesseria decipiens",TRUE,FALSE,FALSE,0,242,1,0,103,5,0,"Southern Only Presence","40.61-41.06",14
"Dendrobeania lichenoides",FALSE,FALSE,FALSE,0,242,1,0,103,0,0,"Absent","40.61-41.06",14
"Dendronotus subramosus",TRUE,FALSE,FALSE,0,313,2,0,108,1,0,"Southern Only Presence","40.61-41.06",14
"Dendropoma lituella",FALSE,FALSE,FALSE,0,242,1,0,103,0,0,"Absent","40.61-41.06",14
"Derbesia marina",TRUE,FALSE,TRUE,0,242,1,0,103,12,0,"Avoidant","40.61-41.06",14
"Dermasterias imbricata",TRUE,TRUE,TRUE,3,391,2,2,108,683,8.69565217391304,"Continuous Presence","40.61-41.06",14
"Desmarestia ligulata",TRUE,FALSE,TRUE,0,242,1,0,103,121,0,"Avoidant","40.61-41.06",14
"Diaperoecia californica",FALSE,FALSE,FALSE,0,242,1,0,103,0,0,"Absent","40.61-41.06",14
"Diaulula sandiegensis",TRUE,FALSE,TRUE,0,313,2,0,108,12,0,"Avoidant","40.61-41.06",14
"Dictyoneurum californicum",TRUE,FALSE,FALSE,0,242,1,0,103,12,0,"Southern Only Presence","40.61-41.06",14
"Dictyopteris undulata",TRUE,FALSE,FALSE,0,242,1,0,103,22,0,"Southern Only Presence","40.61-41.06",14
"Dictyota binghamiae",TRUE,FALSE,FALSE,0,242,1,0,103,4,0,"Southern Only Presence","40.61-41.06",14
"Dictyota coriacea",TRUE,FALSE,FALSE,0,242,1,0,103,138,0,"Southern Only Presence","40.61-41.06",14
"Dilsea californica",TRUE,TRUE,TRUE,1,242,1,1,103,447,4.54545454545455,"Continuous Presence","40.61-41.06",14
"Diodora aspera",TRUE,FALSE,TRUE,0,313,2,0,108,11,0,"Avoidant","40.61-41.06",14
"Dirona albolineata",TRUE,FALSE,FALSE,0,313,2,0,108,2,0,"Southern Only Presence","40.61-41.06",14
"Discurria insessa",TRUE,TRUE,FALSE,1,313,2,1,108,120,4.16666666666667,"Northern Range Edge","40.61-41.06",14
"Distaplia occidentalis",TRUE,FALSE,FALSE,0,242,1,0,103,9,0,"Southern Only Presence","40.61-41.06",14
"Dodecaceria spp",TRUE,FALSE,TRUE,0,242,1,0,103,239,0,"Avoidant","40.61-41.06",14
"Doris montereyensis",TRUE,FALSE,FALSE,0,313,2,0,108,3,0,"Southern Only Presence","40.61-41.06",14
"Ectocarpus spp",TRUE,FALSE,FALSE,0,242,1,0,103,2,0,"Southern Only Presence","40.61-41.06",14
"Egregia menziesii",TRUE,TRUE,TRUE,1,242,1,1,103,5494,4.54545454545455,"Continuous Presence","40.61-41.06",14
"Eisenia arborea",TRUE,TRUE,FALSE,1,242,1,1,103,141,4.54545454545455,"Northern Range Edge","40.61-41.06",14
"Encrusting coralline",TRUE,TRUE,TRUE,1,242,1,1,103,8084,4.54545454545455,"Continuous Presence","40.61-41.06",14
"Endarachne/Petalonia/Phaeostrophion spp",TRUE,TRUE,TRUE,1,242,1,1,103,381,4.54545454545455,"Continuous Presence","40.61-41.06",14
"Endocladia muricata",TRUE,TRUE,TRUE,1,242,1,1,103,14318,4.54545454545455,"Continuous Presence","40.61-41.06",14
"Endoplura aurea",FALSE,FALSE,FALSE,0,242,1,0,103,0,0,"Absent","40.61-41.06",14
"Epiactis prolifera",TRUE,FALSE,FALSE,0,242,1,0,103,5,0,"Southern Only Presence","40.61-41.06",14
"Epitonium tinctum",TRUE,TRUE,TRUE,1,313,2,1,108,388,4.16666666666667,"Continuous Presence","40.61-41.06",14
"Erythroglossum californicum",TRUE,FALSE,FALSE,0,242,1,0,103,48,0,"Southern Only Presence","40.61-41.06",14
"Erythrophyllum delesserioides",TRUE,FALSE,FALSE,0,242,1,0,103,222,0,"Southern Only Presence","40.61-41.06",14
"Eudendrium californicum",TRUE,FALSE,TRUE,0,242,1,0,103,2,0,"Avoidant","40.61-41.06",14
"Eudistoma psammion",TRUE,FALSE,FALSE,0,242,1,0,103,45,0,"Southern Only Presence","40.61-41.06",14
"Eudistoma ritteri",TRUE,FALSE,TRUE,0,242,1,0,103,4,0,"Avoidant","40.61-41.06",14
"Eudistylia polymorpha",FALSE,FALSE,FALSE,0,242,1,0,103,0,0,"Absent","40.61-41.06",14
"Eupentacta spp",FALSE,FALSE,TRUE,0,313,2,0,108,11,0,"Northern Only Presence","40.61-41.06",14
"Eurystomella bilabiata",TRUE,FALSE,TRUE,0,242,1,0,103,29,0,"Avoidant","40.61-41.06",14
"Evasterias troschelii",FALSE,FALSE,FALSE,0,391,2,0,108,0,0,"Absent","40.61-41.06",14
"Farlowia compressa",TRUE,FALSE,FALSE,0,242,1,0,103,3,0,"Southern Only Presence","40.61-41.06",14
"Farlowia mollis",TRUE,FALSE,FALSE,0,242,1,0,103,17,0,"Southern Only Presence","40.61-41.06",14
"Farlowia/Pikea spp",TRUE,FALSE,TRUE,0,242,1,0,103,93,0,"Avoidant","40.61-41.06",14
"Fissurella volcano",TRUE,FALSE,FALSE,0,313,2,0,108,4909,0,"Southern Only Presence","40.61-41.06",14
"Fissurellidea bimaculata",TRUE,FALSE,FALSE,0,313,2,0,108,5,0,"Southern Only Presence","40.61-41.06",14
"Flustrellidra corniculata",TRUE,FALSE,FALSE,0,242,1,0,103,4,0,"Southern Only Presence","40.61-41.06",14
"Fredericqia chiton",TRUE,FALSE,FALSE,0,242,1,0,103,1,0,"Southern Only Presence","40.61-41.06",14
"Fucus spp",TRUE,TRUE,TRUE,1,242,1,1,103,3137,4.54545454545455,"Continuous Presence","40.61-41.06",14
"Gastroclonium parvum",TRUE,FALSE,FALSE,0,242,1,0,103,162,0,"Southern Only Presence","40.61-41.06",14
"Gelidium purpurascens",TRUE,FALSE,FALSE,0,242,1,0,103,43,0,"Southern Only Presence","40.61-41.06",14
"Gelidium robustum",TRUE,FALSE,FALSE,0,242,1,0,103,128,0,"Southern Only Presence","40.61-41.06",14
"Gelidium spp",TRUE,FALSE,TRUE,0,242,1,0,103,4262,0,"Avoidant","40.61-41.06",14
"Gloiopeltis furcata",TRUE,TRUE,TRUE,1,242,1,1,103,69,4.54545454545455,"Continuous Presence","40.61-41.06",14
"Gloiosiphonia californica",TRUE,FALSE,FALSE,0,242,1,0,103,4,0,"Southern Only Presence","40.61-41.06",14
"Gracilariopsis/Gracilaria spp",TRUE,FALSE,FALSE,0,242,1,0,103,423,0,"Southern Only Presence","40.61-41.06",14
"Grateloupia angusta",TRUE,FALSE,FALSE,0,242,1,0,103,2,0,"Southern Only Presence","40.61-41.06",14
"Grateloupia californica",TRUE,FALSE,TRUE,0,242,1,0,103,139,0,"Avoidant","40.61-41.06",14
"Grateloupia cornea",TRUE,FALSE,FALSE,0,242,1,0,103,4,0,"Southern Only Presence","40.61-41.06",14
"Halichondria panicea",TRUE,FALSE,TRUE,0,242,1,0,103,5,0,"Avoidant","40.61-41.06",14
"Halichondria spp",TRUE,FALSE,TRUE,0,242,1,0,103,57,0,"Avoidant","40.61-41.06",14
"Haliclona spp",TRUE,FALSE,TRUE,0,242,1,0,103,60,0,"Avoidant","40.61-41.06",14
"Halosaccion glandiforme",TRUE,FALSE,TRUE,0,242,1,0,103,769,0,"Avoidant","40.61-41.06",14
"Halymenia/Schizymenia spp",TRUE,TRUE,TRUE,1,242,1,1,103,221,4.54545454545455,"Continuous Presence","40.61-41.06",14
"Haminoea vesicula",TRUE,FALSE,FALSE,0,313,2,0,108,13,0,"Southern Only Presence","40.61-41.06",14
"Haminoea virescens",TRUE,FALSE,FALSE,0,313,2,0,108,12,0,"Southern Only Presence","40.61-41.06",14
"Hapalospongidion gelatinosum",FALSE,FALSE,FALSE,0,242,1,0,103,0,0,"Absent","40.61-41.06",14
"Haplogloia andersonii",TRUE,FALSE,TRUE,0,242,1,0,103,11,0,"Avoidant","40.61-41.06",14
"Hapterophycus canaliculatus",TRUE,FALSE,TRUE,0,242,1,0,103,93,0,"Avoidant","40.61-41.06",14
"Hedophyllum sessile",TRUE,FALSE,TRUE,0,242,1,0,103,720,0,"Avoidant","40.61-41.06",14
"Heliaster kubiniji",FALSE,FALSE,FALSE,0,391,2,0,108,0,0,"Absent","40.61-41.06",14
"Hemigrapsus nudus",TRUE,FALSE,TRUE,0,313,2,0,108,66,0,"Avoidant","40.61-41.06",14
"Hemigrapsus oregonensis",FALSE,FALSE,TRUE,0,313,2,0,108,1,0,"Northern Only Presence","40.61-41.06",14
"Henricia spp",TRUE,TRUE,TRUE,1,391,2,1,108,446,4.34782608695652,"Continuous Presence","40.61-41.06",14
"Hermissenda crassicornis",TRUE,FALSE,FALSE,0,313,2,0,108,32,0,"Southern Only Presence","40.61-41.06",14
"Herposiphonia littoralis",TRUE,FALSE,FALSE,0,242,1,0,103,9,0,"Southern Only Presence","40.61-41.06",14
"Herposiphonia plumula",FALSE,FALSE,FALSE,0,242,1,0,103,0,0,"Absent","40.61-41.06",14
"Herposiphonia verticillata",TRUE,FALSE,FALSE,0,242,1,0,103,15,0,"Southern Only Presence","40.61-41.06",14
"Homalopoma spp",TRUE,FALSE,TRUE,0,313,2,0,108,191,0,"Avoidant","40.61-41.06",14
"Hypnea johnstonii",TRUE,FALSE,FALSE,0,242,1,0,103,12,0,"Southern Only Presence","40.61-41.06",14
"Hypnea valentiae",TRUE,FALSE,FALSE,0,242,1,0,103,164,0,"Southern Only Presence","40.61-41.06",14
"Hypnea variabilis",TRUE,FALSE,FALSE,0,242,1,0,103,5,0,"Southern Only Presence","40.61-41.06",14
"Idotea spp",TRUE,TRUE,TRUE,1,313,2,1,108,837,4.16666666666667,"Continuous Presence","40.61-41.06",14
"Jania rosea",TRUE,FALSE,FALSE,0,242,1,0,103,88,0,"Southern Only Presence","40.61-41.06",14
"Jania tenella",TRUE,FALSE,FALSE,0,242,1,0,103,13,0,"Southern Only Presence","40.61-41.06",14
"Jania verrucosa",TRUE,FALSE,FALSE,0,242,1,0,103,531,0,"Southern Only Presence","40.61-41.06",14
"Johansenia macmillanii",TRUE,FALSE,FALSE,0,242,1,0,103,4,0,"Southern Only Presence","40.61-41.06",14
"Katharina tunicata",TRUE,FALSE,TRUE,0,313,2,0,108,555,0,"Avoidant","40.61-41.06",14
"Kelletia kelletii",TRUE,FALSE,FALSE,0,313,2,0,108,9,0,"Southern Only Presence","40.61-41.06",14
"Lacuna spp",TRUE,TRUE,TRUE,3,313,2,2,108,18119,8.33333333333333,"Continuous Presence","40.61-41.06",14
"Laminaria ephemera",TRUE,FALSE,FALSE,0,242,1,0,103,4,0,"Southern Only Presence","40.61-41.06",14
"Laminaria farlowii",TRUE,FALSE,FALSE,0,242,1,0,103,1,0,"Southern Only Presence","40.61-41.06",14
"Laminaria setchellii",TRUE,FALSE,TRUE,0,242,1,0,103,553,0,"Avoidant","40.61-41.06",14
"Laminaria sinclairii",TRUE,TRUE,TRUE,1,242,1,1,103,252,4.54545454545455,"Continuous Presence","40.61-41.06",14
"Laurencia pacifica/masonii",TRUE,FALSE,FALSE,0,242,1,0,103,462,0,"Southern Only Presence","40.61-41.06",14
"Laurencia spp",TRUE,FALSE,FALSE,0,242,1,0,103,15,0,"Southern Only Presence","40.61-41.06",14
"Lepidozona spp",TRUE,FALSE,TRUE,0,313,2,0,108,127,0,"Avoidant","40.61-41.06",14
"Leptasterias spp",TRUE,FALSE,TRUE,0,313,2,0,108,1995,0,"Avoidant","40.61-41.06",14
"Lessoniopsis littoralis",TRUE,FALSE,FALSE,0,242,1,0,103,10,0,"Southern Only Presence","40.61-41.06",14
"Ligia spp",TRUE,FALSE,TRUE,0,313,2,0,108,32,0,"Avoidant","40.61-41.06",14
"Limacia cockerelli",TRUE,FALSE,FALSE,0,313,2,0,108,2,0,"Southern Only Presence","40.61-41.06",14
"Linckia columbiae",FALSE,FALSE,FALSE,0,391,2,0,108,0,0,"Absent","40.61-41.06",14
"Lirabuccinum dirum",TRUE,FALSE,TRUE,0,313,2,0,108,133,0,"Avoidant","40.61-41.06",14
"Lirularia/Margarites spp",TRUE,FALSE,TRUE,0,313,2,0,108,396,0,"Avoidant","40.61-41.06",14
"Lithophyllum/Lithothamnion spp",TRUE,FALSE,FALSE,0,242,1,0,103,159,0,"Southern Only Presence","40.61-41.06",14
"Lithothrix aspergillum",TRUE,FALSE,FALSE,0,242,1,0,103,1542,0,"Southern Only Presence","40.61-41.06",14
"Littorina spp.",TRUE,TRUE,TRUE,3,313,2,2,108,737668,8.33333333333333,"Continuous Presence","40.61-41.06",14
"Lomentaria hakodatensis",TRUE,FALSE,FALSE,0,242,1,0,103,250,0,"Southern Only Presence","40.61-41.06",14
"Lottia asmi",TRUE,FALSE,TRUE,0,313,2,0,108,357,0,"Avoidant","40.61-41.06",14
"Lottia austrodigitalis/digitalis",TRUE,TRUE,TRUE,3,313,2,2,108,70520,8.33333333333333,"Continuous Presence","40.61-41.06",14
"Lottia fenestrata",TRUE,FALSE,TRUE,0,313,2,0,108,1030,0,"Avoidant","40.61-41.06",14
"Lottia instabilis",TRUE,FALSE,TRUE,0,313,2,0,108,229,0,"Avoidant","40.61-41.06",14
"Lottia limatula",TRUE,TRUE,TRUE,1,313,2,1,108,3715,4.16666666666667,"Continuous Presence","40.61-41.06",14
"Lottia paradigitalis/strigatella",TRUE,TRUE,TRUE,3,313,2,2,108,87755,8.33333333333333,"Continuous Presence","40.61-41.06",14
"Lottia pelta",TRUE,TRUE,TRUE,3,313,2,2,108,14378,8.33333333333333,"Continuous Presence","40.61-41.06",14
"Lottia persona",TRUE,FALSE,TRUE,0,313,2,0,108,82,0,"Avoidant","40.61-41.06",14
"Lottia polyfacies",TRUE,FALSE,FALSE,0,313,2,0,108,37,0,"Southern Only Presence","40.61-41.06",14
"Lottia scabra/conus",TRUE,TRUE,TRUE,3,313,2,2,108,120485,8.33333333333333,"Continuous Presence","40.61-41.06",14
"Lottia scutum",TRUE,TRUE,TRUE,3,313,2,2,108,2814,8.33333333333333,"Continuous Presence","40.61-41.06",14
"Macrocystis pyrifera",TRUE,FALSE,FALSE,0,242,1,0,103,74,0,"Southern Only Presence","40.61-41.06",14
"Macron lividus",TRUE,FALSE,FALSE,0,313,2,0,108,145,0,"Southern Only Presence","40.61-41.06",14
"Mastocarpus spp",TRUE,TRUE,TRUE,1,242,1,1,103,12690,4.54545454545455,"Continuous Presence","40.61-41.06",14
"Maxwellia gemma",TRUE,FALSE,FALSE,0,313,2,0,108,5,0,"Southern Only Presence","40.61-41.06",14
"Mazzaella affinis",TRUE,FALSE,TRUE,0,242,1,0,103,821,0,"Avoidant","40.61-41.06",14
"Mazzaella flaccida/oregona/splendens",TRUE,TRUE,TRUE,1,242,1,1,103,11621,4.54545454545455,"Continuous Presence","40.61-41.06",14
"Mazzaella leptorhynchos",TRUE,FALSE,FALSE,0,242,1,0,103,455,0,"Southern Only Presence","40.61-41.06",14
"Mazzaella linearis",TRUE,FALSE,FALSE,0,242,1,0,103,87,0,"Southern Only Presence","40.61-41.06",14
"Mazzaella parksii",TRUE,FALSE,TRUE,0,242,1,0,103,115,0,"Avoidant","40.61-41.06",14
"Mazzaella phyllocarpa",FALSE,FALSE,FALSE,0,242,1,0,103,0,0,"Absent","40.61-41.06",14
"Mazzaella volans",TRUE,FALSE,FALSE,0,242,1,0,103,23,0,"Southern Only Presence","40.61-41.06",14
"Megabalanus californicus",TRUE,FALSE,FALSE,0,242,1,0,103,3,0,"Southern Only Presence","40.61-41.06",14
"Megastraea undosa",TRUE,FALSE,FALSE,0,313,2,0,108,10,0,"Southern Only Presence","40.61-41.06",14
"Melanosiphon/Scytosiphon spp",TRUE,FALSE,TRUE,0,242,1,0,103,208,0,"Avoidant","40.61-41.06",14
"Membranipora spp",TRUE,FALSE,FALSE,0,242,1,0,103,5,0,"Southern Only Presence","40.61-41.06",14
"Metridium senile",FALSE,FALSE,FALSE,0,242,1,0,103,0,0,"Absent","40.61-41.06",14
"Mexacanthina lugubris",TRUE,FALSE,FALSE,0,313,2,0,108,253,0,"Southern Only Presence","40.61-41.06",14
"Microcladia borealis",TRUE,TRUE,TRUE,1,242,1,1,103,835,4.54545454545455,"Continuous Presence","40.61-41.06",14
"Microcladia coulteri",TRUE,FALSE,FALSE,0,242,1,0,103,18,0,"Southern Only Presence","40.61-41.06",14
"Mopalia spp",TRUE,TRUE,TRUE,3,313,2,2,108,1201,8.33333333333333,"Continuous Presence","40.61-41.06",14
"Mytilisepta/Brachidontes spp",TRUE,FALSE,FALSE,0,242,1,0,103,243,0,"Southern Only Presence","40.61-41.06",14
"Mytilus californianus",TRUE,FALSE,TRUE,0,242,1,0,103,25035,0,"Avoidant","40.61-41.06",14
"Mytilus trossulus/galloprovincialis/edulis",TRUE,FALSE,TRUE,0,242,1,0,103,126,0,"Avoidant","40.61-41.06",14
"Navanax inermis",TRUE,FALSE,FALSE,0,313,2,0,108,4,0,"Southern Only Presence","40.61-41.06",14
"Nemalion elminthoides",TRUE,FALSE,FALSE,0,242,1,0,103,5,0,"Southern Only Presence","40.61-41.06",14
"Neogastroclonium subarticulatum",TRUE,FALSE,TRUE,0,242,1,0,103,1776,0,"Avoidant","40.61-41.06",14
"Neoptilota/Ptilota spp",TRUE,TRUE,TRUE,1,242,1,1,103,293,4.54545454545455,"Continuous Presence","40.61-41.06",14
"Neorhodomela larix",TRUE,TRUE,TRUE,1,242,1,1,103,2604,4.54545454545455,"Continuous Presence","40.61-41.06",14
"Neorhodomela oregona",TRUE,FALSE,TRUE,0,242,1,0,103,392,0,"Avoidant","40.61-41.06",14
"Nereocystis luetkeana",TRUE,FALSE,FALSE,0,242,1,0,103,40,0,"Southern Only Presence","40.61-41.06",14
"Nienburgia andersoniana",TRUE,FALSE,FALSE,0,242,1,0,103,135,0,"Southern Only Presence","40.61-41.06",14
"Non Coralline crust",TRUE,TRUE,TRUE,1,242,1,1,103,15090,4.54545454545455,"Continuous Presence","40.61-41.06",14
"Norrisia norrisii",TRUE,FALSE,FALSE,0,313,2,0,108,12,0,"Southern Only Presence","40.61-41.06",14
"Nucella canaliculata",TRUE,FALSE,TRUE,0,313,2,0,108,703,0,"Avoidant","40.61-41.06",14
"Nucella emarginata/ostrina",TRUE,TRUE,TRUE,2,313,2,2,108,10126,4.16666666666667,"Continuous Presence","40.61-41.06",14
"Nucella lamellosa",FALSE,FALSE,TRUE,0,313,2,0,108,2,0,"Northern Only Presence","40.61-41.06",14
"Nuttallina spp",TRUE,FALSE,TRUE,0,313,2,0,108,15520,0,"Avoidant","40.61-41.06",14
"Obelia spp",TRUE,FALSE,FALSE,0,242,1,0,103,2,0,"Southern Only Presence","40.61-41.06",14
"Odonthalia floccosa",TRUE,TRUE,TRUE,1,242,1,1,103,4729,4.54545454545455,"Continuous Presence","40.61-41.06",14
"Odonthalia washingtoniensis",TRUE,FALSE,TRUE,0,242,1,0,103,9,0,"Avoidant","40.61-41.06",14
"Oedignathus inermis",TRUE,FALSE,FALSE,0,313,2,0,108,38,0,"Southern Only Presence","40.61-41.06",14
"Olivella biplicata",TRUE,FALSE,FALSE,0,313,2,0,108,5,0,"Southern Only Presence","40.61-41.06",14
"Onchidella borealis",TRUE,TRUE,TRUE,2,313,2,2,108,1477,8.33333333333333,"Continuous Presence","40.61-41.06",14
"Onchidoris bilamellata",FALSE,FALSE,FALSE,0,313,2,0,108,0,0,"Absent","40.61-41.06",14
"Opalia borealis",TRUE,FALSE,FALSE,0,313,2,0,108,3,0,"Southern Only Presence","40.61-41.06",14
"Opalia funiculata",TRUE,FALSE,FALSE,0,313,2,0,108,105,0,"Southern Only Presence","40.61-41.06",14
"Ophiuroid",TRUE,FALSE,TRUE,0,313,2,0,108,27,0,"Avoidant","40.61-41.06",14
"Ophlitaspongia pennata",TRUE,FALSE,TRUE,0,242,1,0,103,65,0,"Avoidant","40.61-41.06",14
"Opuntiella californica",FALSE,FALSE,FALSE,0,242,1,0,103,0,0,"Absent","40.61-41.06",14
"Oregonia gracilis",FALSE,FALSE,FALSE,0,313,2,0,108,0,0,"Absent","40.61-41.06",14
"Orienthella trilineata",TRUE,TRUE,FALSE,1,313,2,1,108,4,4.16666666666667,"Northern Range Edge","40.61-41.06",14
"Osmundea sinicola",TRUE,FALSE,FALSE,0,242,1,0,103,244,0,"Southern Only Presence","40.61-41.06",14
"Osmundea spectabilis",TRUE,FALSE,TRUE,0,242,1,0,103,465,0,"Avoidant","40.61-41.06",14
"Osmundea splendens",TRUE,FALSE,FALSE,0,242,1,0,103,7,0,"Southern Only Presence","40.61-41.06",14
"Pachycheles spp",TRUE,TRUE,FALSE,1,313,2,1,108,116,4.16666666666667,"Northern Range Edge","40.61-41.06",14
"Pachygrapsus crassipes",TRUE,TRUE,TRUE,3,313,2,2,108,4995,8.33333333333333,"Continuous Presence","40.61-41.06",14
"Paciocinebrina circumtexta",TRUE,FALSE,FALSE,0,313,2,0,108,445,0,"Southern Only Presence","40.61-41.06",14
"Paciocinebrina interfossa",TRUE,TRUE,FALSE,1,313,2,1,108,74,4.16666666666667,"Northern Range Edge","40.61-41.06",14
"Paciocinebrina lurida",TRUE,TRUE,FALSE,1,313,2,1,108,12,4.16666666666667,"Northern Range Edge","40.61-41.06",14
"Padina spp",FALSE,FALSE,FALSE,0,242,1,0,103,0,0,"Absent","40.61-41.06",14
"Pagurus beringanus",TRUE,FALSE,TRUE,0,313,2,0,108,13,0,"Avoidant","40.61-41.06",14
"Pagurus caurinus",FALSE,FALSE,TRUE,0,313,2,0,108,2,0,"Northern Only Presence","40.61-41.06",14
"Pagurus granosimanus",TRUE,TRUE,TRUE,1,313,2,1,108,620,4.16666666666667,"Continuous Presence","40.61-41.06",14
"Pagurus hemphilli",TRUE,FALSE,FALSE,0,313,2,0,108,7,0,"Southern Only Presence","40.61-41.06",14
"Pagurus hirsutiusculus",TRUE,TRUE,TRUE,3,313,2,2,108,5489,8.33333333333333,"Continuous Presence","40.61-41.06",14
"Pagurus samuelis",TRUE,FALSE,TRUE,0,313,2,0,108,4232,0,"Avoidant","40.61-41.06",14
"Palmaria callophylloides",FALSE,FALSE,FALSE,0,242,1,0,103,0,0,"Absent","40.61-41.06",14
"Palmaria hecatensis",FALSE,FALSE,FALSE,0,242,1,0,103,0,0,"Absent","40.61-41.06",14
"Palmaria mollis",TRUE,FALSE,FALSE,0,242,1,0,103,53,0,"Southern Only Presence","40.61-41.06",14
"Palmaria palmata",FALSE,FALSE,FALSE,0,242,1,0,103,0,0,"Absent","40.61-41.06",14
"Panulirus interruptus",FALSE,FALSE,FALSE,0,391,2,0,108,0,0,"Absent","40.61-41.06",14
"Paraxanthias taylori",TRUE,FALSE,FALSE,0,313,2,0,108,4,0,"Southern Only Presence","40.61-41.06",14
"Patiria miniata",TRUE,FALSE,TRUE,0,391,2,0,108,882,0,"Avoidant","40.61-41.06",14
"Peltodoris nobilis",TRUE,FALSE,FALSE,0,313,2,0,108,17,0,"Southern Only Presence","40.61-41.06",14
"Pelvetiopsis arborescens/hybrida/limitata",TRUE,TRUE,TRUE,1,242,1,1,103,3166,4.54545454545455,"Continuous Presence","40.61-41.06",14
"Pelvetiopsis californica",TRUE,FALSE,FALSE,0,242,1,0,103,351,0,"Southern Only Presence","40.61-41.06",14
"Petaloconchus montereyensis",TRUE,FALSE,FALSE,0,242,1,0,103,1,0,"Southern Only Presence","40.61-41.06",14
"Petrolisthes spp",TRUE,TRUE,TRUE,1,313,2,1,108,229,4.16666666666667,"Continuous Presence","40.61-41.06",14
"Petrospongium rugosum",TRUE,FALSE,FALSE,0,242,1,0,103,420,0,"Southern Only Presence","40.61-41.06",14
"Phragmatopoma/Sabellaria spp",TRUE,FALSE,TRUE,0,242,1,0,103,3827,0,"Avoidant","40.61-41.06",14
"Phyllospadix scouleri/serrulatus",TRUE,TRUE,TRUE,1,242,1,1,103,5564,4.54545454545455,"Continuous Presence","40.61-41.06",14
"Phyllospadix torreyi",TRUE,FALSE,TRUE,0,242,1,0,103,9543,0,"Avoidant","40.61-41.06",14
"Pilayella littoralis",FALSE,FALSE,FALSE,0,242,1,0,103,0,0,"Absent","40.61-41.06",14
"Pisaster giganteus",TRUE,FALSE,TRUE,0,391,2,0,108,46,0,"Avoidant","40.61-41.06",14
"Pisaster ochraceus",TRUE,TRUE,TRUE,3,391,2,2,108,39106,8.69565217391304,"Continuous Presence","40.61-41.06",14
"Pista spp",TRUE,FALSE,TRUE,0,242,1,0,103,109,0,"Avoidant","40.61-41.06",14
"Placiphorella velata",TRUE,FALSE,FALSE,0,313,2,0,108,6,0,"Southern Only Presence","40.61-41.06",14
"Pleonosporium spp",FALSE,FALSE,FALSE,0,242,1,0,103,0,0,"Absent","40.61-41.06",14
"Plocamium oregonum",FALSE,FALSE,TRUE,0,242,1,0,103,2,0,"Northern Only Presence","40.61-41.06",14
"Plocamium pacificum",TRUE,FALSE,TRUE,0,242,1,0,103,828,0,"Avoidant","40.61-41.06",14
"Plocamium violaceum",TRUE,TRUE,TRUE,1,242,1,1,103,165,4.54545454545455,"Continuous Presence","40.61-41.06",14
"Pododesmus macrochisma",FALSE,FALSE,FALSE,0,242,1,0,103,0,0,"Absent","40.61-41.06",14
"Pollicipes polymerus",TRUE,FALSE,TRUE,0,242,1,0,103,1847,0,"Avoidant","40.61-41.06",14
"Polyneura latissima",TRUE,FALSE,TRUE,0,242,1,0,103,26,0,"Avoidant","40.61-41.06",14
"Polysiphonia spp",TRUE,FALSE,TRUE,0,242,1,0,103,942,0,"Avoidant","40.61-41.06",14
"Potamilla occelata",TRUE,FALSE,FALSE,0,242,1,0,103,1,0,"Southern Only Presence","40.61-41.06",14
"Primavelans insculpta",FALSE,FALSE,FALSE,0,242,1,0,103,0,0,"Absent","40.61-41.06",14
"Prionitis filiformis",FALSE,FALSE,TRUE,0,242,1,0,103,2,0,"Northern Only Presence","40.61-41.06",14
"Prionitis lanceolata",TRUE,FALSE,TRUE,0,242,1,0,103,2212,0,"Avoidant","40.61-41.06",14
"Prionitis linearis",TRUE,FALSE,TRUE,0,242,1,0,103,8,0,"Avoidant","40.61-41.06",14
"Prionitis sternbergii",TRUE,FALSE,TRUE,0,242,1,0,103,237,0,"Avoidant","40.61-41.06",14
"Pseudochama exogyra",TRUE,FALSE,FALSE,0,242,1,0,103,278,0,"Southern Only Presence","40.61-41.06",14
"Pseudolithoderma nigrum",TRUE,FALSE,FALSE,0,242,1,0,103,607,0,"Southern Only Presence","40.61-41.06",14
"Pseudomelatoma penicillata",TRUE,FALSE,FALSE,0,313,2,0,108,4,0,"Southern Only Presence","40.61-41.06",14
"Pseudomelatoma torosa",TRUE,FALSE,FALSE,0,313,2,0,108,16,0,"Southern Only Presence","40.61-41.06",14
"Pseudopusula californiana",TRUE,FALSE,FALSE,0,313,2,0,108,1,0,"Southern Only Presence","40.61-41.06",14
"Pterocladiella capillacea",TRUE,FALSE,FALSE,0,242,1,0,103,1208,0,"Southern Only Presence","40.61-41.06",14
"Pterocladiella media",TRUE,FALSE,FALSE,0,242,1,0,103,21,0,"Southern Only Presence","40.61-41.06",14
"Pteropurpura trialata",TRUE,FALSE,FALSE,0,313,2,0,108,2,0,"Southern Only Presence","40.61-41.06",14
"Pterygophora californica",TRUE,FALSE,FALSE,0,242,1,0,103,26,0,"Southern Only Presence","40.61-41.06",14
"Pugettia foliata",FALSE,FALSE,FALSE,0,313,2,0,108,0,0,"Absent","40.61-41.06",14
"Pugettia gracilis/richii",TRUE,TRUE,TRUE,1,313,2,1,108,97,4.16666666666667,"Continuous Presence","40.61-41.06",14
"Pugettia producta",TRUE,TRUE,TRUE,2,313,2,2,108,541,8.33333333333333,"Continuous Presence","40.61-41.06",14
"Pycnogonida",TRUE,FALSE,FALSE,0,313,2,0,108,22,0,"Southern Only Presence","40.61-41.06",14
"Pycnopodia helianthoides",TRUE,FALSE,TRUE,0,391,2,0,108,81,0,"Avoidant","40.61-41.06",14
"Pyropia spp",TRUE,TRUE,TRUE,1,242,1,1,103,1718,4.54545454545455,"Continuous Presence","40.61-41.06",14
"Rhodymenia californica",TRUE,FALSE,FALSE,0,242,1,0,103,50,0,"Southern Only Presence","40.61-41.06",14
"Rhodymenia pacifica",TRUE,FALSE,FALSE,0,242,1,0,103,44,0,"Southern Only Presence","40.61-41.06",14
"Roperia poulsoni",TRUE,FALSE,FALSE,0,313,2,0,108,106,0,"Southern Only Presence","40.61-41.06",14
"Saccharina latissima",FALSE,FALSE,FALSE,0,242,1,0,103,0,0,"Absent","40.61-41.06",14
"Sarcodiotheca gaudichaudii",TRUE,FALSE,FALSE,0,242,1,0,103,94,0,"Southern Only Presence","40.61-41.06",14
"Sargassum agardhianum",TRUE,FALSE,FALSE,0,242,1,0,103,12,0,"Southern Only Presence","40.61-41.06",14
"Sargassum horneri",TRUE,FALSE,FALSE,0,242,1,0,103,6,0,"Southern Only Presence","40.61-41.06",14
"Sargassum muticum",TRUE,FALSE,FALSE,0,242,1,0,103,1200,0,"Southern Only Presence","40.61-41.06",14
"Sargassum palmeri",FALSE,FALSE,FALSE,0,242,1,0,103,0,0,"Absent","40.61-41.06",14
"Savoiea bipinnata",TRUE,TRUE,TRUE,1,242,1,1,103,358,4.54545454545455,"Continuous Presence","40.61-41.06",14
"Schizoporella unicornis",FALSE,FALSE,FALSE,0,242,1,0,103,0,0,"Absent","40.61-41.06",14
"Semibalanus cariosus",TRUE,FALSE,TRUE,0,242,1,0,103,508,0,"Avoidant","40.61-41.06",14
"Serpula vermicularis",TRUE,FALSE,FALSE,0,242,1,0,103,15,0,"Southern Only Presence","40.61-41.06",14
"Sertularella/Sertularia spp",TRUE,FALSE,FALSE,0,242,1,0,103,4,0,"Southern Only Presence","40.61-41.06",14
"Silvetia compressa",TRUE,FALSE,TRUE,0,242,1,0,103,6522,0,"Avoidant","40.61-41.06",14
"Siphonaria brannani",FALSE,FALSE,FALSE,0,313,2,0,108,0,0,"Absent","40.61-41.06",14
"Siphonaria thersites",FALSE,FALSE,FALSE,0,313,2,0,108,0,0,"Absent","40.61-41.06",14
"Sorella delicatula",FALSE,FALSE,FALSE,0,242,1,0,103,0,0,"Absent","40.61-41.06",14
"Sphacelaria californica",TRUE,FALSE,FALSE,0,242,1,0,103,12,0,"Southern Only Presence","40.61-41.06",14
"Spirobranchus spinosus",TRUE,FALSE,FALSE,0,242,1,0,103,2,0,"Southern Only Presence","40.61-41.06",14
"Spirorbis spp",TRUE,FALSE,TRUE,0,242,1,0,103,124,0,"Avoidant","40.61-41.06",14
"Spyridia filamentosa",TRUE,FALSE,FALSE,0,242,1,0,103,72,0,"Southern Only Presence","40.61-41.06",14
"Stenoplax conspicua",TRUE,FALSE,FALSE,0,313,2,0,108,34,0,"Southern Only Presence","40.61-41.06",14
"Stephanocystis dioica",TRUE,FALSE,FALSE,0,242,1,0,103,422,0,"Southern Only Presence","40.61-41.06",14
"Stephanocystis osmundacea",TRUE,FALSE,TRUE,0,242,1,0,103,428,0,"Avoidant","40.61-41.06",14
"Strongylocentrotus droebachiensis",FALSE,FALSE,FALSE,0,313,2,0,108,0,0,"Absent","40.61-41.06",14
"Strongylocentrotus franciscanus",TRUE,FALSE,FALSE,0,313,2,0,108,25,0,"Southern Only Presence","40.61-41.06",14
"Strongylocentrotus purpuratus",TRUE,TRUE,TRUE,1,313,2,1,108,11680,4.16666666666667,"Continuous Presence","40.61-41.06",14
"Styela montereyensis",TRUE,FALSE,TRUE,0,242,1,0,103,6,0,"Avoidant","40.61-41.06",14
"Symphyocladia dendroidea/Xiphosiphonia pennata",TRUE,FALSE,TRUE,0,242,1,0,103,343,0,"Avoidant","40.61-41.06",14
"Symphyocladiella baileyi",TRUE,FALSE,FALSE,0,242,1,0,103,48,0,"Southern Only Presence","40.61-41.06",14
"Taonia lennebackerae",TRUE,FALSE,FALSE,0,242,1,0,103,20,0,"Southern Only Presence","40.61-41.06",14
"Tectura paleacea",TRUE,FALSE,TRUE,0,313,2,0,108,202,0,"Avoidant","40.61-41.06",14
"Tegula aureotincta",TRUE,FALSE,FALSE,0,313,2,0,108,178,0,"Southern Only Presence","40.61-41.06",14
"Tegula brunnea",TRUE,FALSE,FALSE,0,313,2,0,108,1356,0,"Southern Only Presence","40.61-41.06",14
"Tegula eiseni",TRUE,FALSE,FALSE,0,313,2,0,108,1955,0,"Southern Only Presence","40.61-41.06",14
"Tegula funebralis/gallina",TRUE,TRUE,TRUE,2,313,2,2,108,83091,8.33333333333333,"Continuous Presence","40.61-41.06",14
"Tegula pulligo",FALSE,FALSE,FALSE,0,313,2,0,108,0,0,"Absent","40.61-41.06",14
"Tetraclita squamosa",TRUE,FALSE,FALSE,0,242,1,0,103,1055,0,"Southern Only Presence","40.61-41.06",14
"Thylacodes squamigerus",TRUE,FALSE,FALSE,0,242,1,0,103,152,0,"Southern Only Presence","40.61-41.06",14
"Tiffaniella snyderae",TRUE,FALSE,TRUE,0,242,1,0,103,206,0,"Avoidant","40.61-41.06",14
"Tonicella spp",TRUE,TRUE,TRUE,1,313,2,1,108,905,4.16666666666667,"Continuous Presence","40.61-41.06",14
"Trichotropis cancellata",FALSE,FALSE,FALSE,0,313,2,0,108,0,0,"Absent","40.61-41.06",14
"Ulothrix spp",TRUE,TRUE,TRUE,1,242,1,1,103,15,4.54545454545455,"Continuous Presence","40.61-41.06",14
"Ulvophyceae",TRUE,TRUE,TRUE,1,242,1,1,103,5252,4.54545454545455,"Continuous Presence","40.61-41.06",14
"Urosalpinx subangulata",TRUE,FALSE,FALSE,0,313,2,0,108,15,0,"Southern Only Presence","40.61-41.06",14
"Urospora spp",TRUE,FALSE,FALSE,0,242,1,0,103,1,0,"Southern Only Presence","40.61-41.06",14
"Urticina coriacea",TRUE,FALSE,TRUE,0,242,1,0,103,7,0,"Avoidant","40.61-41.06",14
"Verrucaria maura",FALSE,FALSE,FALSE,0,242,1,0,103,0,0,"Absent","40.61-41.06",14
"Xingyurella turgida",TRUE,FALSE,FALSE,0,242,1,0,103,1,0,"Southern Only Presence","40.61-41.06",14
"Zonaria farlowii",TRUE,FALSE,FALSE,0,242,1,0,103,81,0,"Southern Only Presence","40.61-41.06",14
"Zostera spp",FALSE,FALSE,FALSE,0,242,1,0,103,0,0,"Absent","40.61-41.06",14
